chapter_id,chapter,topic_id,topic,type,text,text_en,choice_a,choice_b,choice_c,choice_d,answer,person_name,person_role
bab1,Bab 1: Nombor Nisbah | Chapter 1: Rational Numbers,1-1-integer,1.1 Integer | 1.1 Integers,summary,"Integer ialah nombor bulat yang mempunyai tanda positif atau negatif, termasuk sifar.","Integers are whole numbers with positive or negative signs, including zero.",,,,,,,
bab1,Bab 1: Nombor Nisbah | Chapter 1: Rational Numbers,1-1-integer,1.1 Integer | 1.1 Integers,fact,"Integer positif adalah nombor bulat yang lebih besar daripada sifar, manakala integer negatif kurang daripada sifar.","Positive integers are whole numbers greater than zero, while negative integers are less than zero.",,,,,,,
bab1,Bab 1: Nombor Nisbah | Chapter 1: Rational Numbers,1-1-integer,1.1 Integer | 1.1 Integers,fact,Sifar bukan integer positif mahupun integer negatif.,Zero is neither a positive nor a negative integer.,,,,,,,
bab1,Bab 1: Nombor Nisbah | Chapter 1: Rational Numbers,1-1-integer,1.1 Integer | 1.1 Integers,person,Membangunkan konsep formal untuk integer negatif dan nombor sifar dalam aritmetik.,Developed formal concepts for negative integers and zero in arithmetic.,,,,,,Brahmagupta,Ahli Matematik / Mathematician
bab1,Bab 1: Nombor Nisbah | Chapter 1: Rational Numbers,1-1-integer,1.1 Integer | 1.1 Integers,multiple_choice,"Antara berikut, yang manakah merupakan integer? / Which of the following is an integer?",,-5,0.5,1/2,3.14,Jawapan / Answer: -5. Cara / Method: Kenal pasti tanda dan kedudukan nombor pada garis nombor; nombor lebih ke kiri ialah lebih kecil. / Identify the signs and positions on a number line; a number farther left is smaller. Oleh itu / Therefore: -5.,,
bab1,Bab 1: Nombor Nisbah | Chapter 1: Rational Numbers,1-1-integer,1.1 Integer | 1.1 Integers,multiple_choice,"Antara nombor berikut, yang manakah mempunyai nilai terkecil? / Which of the following numbers has the smallest value?",,-12,-8,0,3,Jawapan / Answer: -12. Cara / Method: Kenal pasti tanda dan kedudukan nombor pada garis nombor; nombor lebih ke kiri ialah lebih kecil. / Identify the signs and positions on a number line; a number farther left is smaller. Oleh itu / Therefore: -12.,,
bab1,Bab 1: Nombor Nisbah | Chapter 1: Rational Numbers,1-1-integer,1.1 Integer | 1.1 Integers,multiple_choice,"Susun integer berikut mengikut tertib menaik: -4, 2, -9, 0, 5. / Arrange the following integers in ascending order: -4, 2, -9, 0, 5.",,"-9, -4, 0, 2, 5","5, 2, 0, -4, -9","-4, -9, 0, 2, 5","0, -4, 2, 5, -9","Jawapan / Answer: -9, -4, 0, 2, 5. Cara / Method: Kenal pasti tanda dan kedudukan nombor pada garis nombor; nombor lebih ke kiri ialah lebih kecil. / Identify the signs and positions on a number line; a number farther left is smaller. Oleh itu / Therefore: -9, -4, 0, 2, 5.",,
bab1,Bab 1: Nombor Nisbah | Chapter 1: Rational Numbers,1-1-integer,1.1 Integer | 1.1 Integers,multiple_choice,"Antara nombor berikut, yang manakah BUKAN integer? / Which of the following numbers is NOT an integer?",,-15,0,4.2,100,Jawapan / Answer: 4.2. Cara / Method: Kenal pasti tanda dan kedudukan nombor pada garis nombor; nombor lebih ke kiri ialah lebih kecil. / Identify the signs and positions on a number line; a number farther left is smaller. Oleh itu / Therefore: 4.2.,,
bab1,Bab 1: Nombor Nisbah | Chapter 1: Rational Numbers,1-1-integer,1.1 Integer | 1.1 Integers,multiple_choice,"Antara penyataan berikut, yang manakah BENAR? / Which of the following statements is TRUE?",,-10 > -2,-5 < -8,-3 > -7,0 < -1,Jawapan / Answer: -3 > -7. Cara / Method: Kenal pasti tanda dan kedudukan nombor pada garis nombor; nombor lebih ke kiri ialah lebih kecil. / Identify the signs and positions on a number line; a number farther left is smaller. Oleh itu / Therefore: -3 > -7.,,
bab1,Bab 1: Nombor Nisbah | Chapter 1: Rational Numbers,1-1-integer,1.1 Integer | 1.1 Integers,objective,Cari nilai bagi -8 + 3. / Find the value of -8 + 3.,,,,,,Jawapan / Answer: -5. Cara / Method: Kenal pasti tanda dan kedudukan nombor pada garis nombor; nombor lebih ke kiri ialah lebih kecil. / Identify the signs and positions on a number line; a number farther left is smaller. Oleh itu / Therefore: -5.,,
bab1,Bab 1: Nombor Nisbah | Chapter 1: Rational Numbers,1-1-integer,1.1 Integer | 1.1 Integers,objective,Tuliskan integer yang mewakili penurunan suhu sebanyak 6°C. / Write the integer representing a temperature drop of 6°C.,,,,,,Jawapan / Answer: -6. Cara / Method: Kenal pasti tanda dan kedudukan nombor pada garis nombor; nombor lebih ke kiri ialah lebih kecil. / Identify the signs and positions on a number line; a number farther left is smaller. Oleh itu / Therefore: -6.,,
bab1,Bab 1: Nombor Nisbah | Chapter 1: Rational Numbers,1-2-operasi-asas-aritmetik,1.2 Operasi Asas Aritmetik yang Melibatkan Integer | 1.2 Basic Arithmetic Operations Involving Integers,summary,"Operasi penambahan, penolakan, pendaraban, dan pembahagian integer mengikut hukum operasi aritmetik (BODMAS).","Addition, subtraction, multiplication, and division of integers follow basic arithmetic order rules (BODMAS).",,,,,,,
bab1,Bab 1: Nombor Nisbah | Chapter 1: Rational Numbers,1-2-operasi-asas-aritmetik,1.2 Operasi Asas Aritmetik yang Melibatkan Integer | 1.2 Basic Arithmetic Operations Involving Integers,fact,Pendaraban atau pembahagian dua nombor bertanda sama menghasilkan nilai positif.,Multiplication or division of two numbers with the same sign yields a positive value.,,,,,,,
bab1,Bab 1: Nombor Nisbah | Chapter 1: Rational Numbers,1-2-operasi-asas-aritmetik,1.2 Operasi Asas Aritmetik yang Melibatkan Integer | 1.2 Basic Arithmetic Operations Involving Integers,fact,Pendaraban atau pembahagian dua nombor bertanda berbeza menghasilkan nilai negatif.,Multiplication or division of two numbers with different signs yields a negative value.,,,,,,,
bab1,Bab 1: Nombor Nisbah | Chapter 1: Rational Numbers,1-2-operasi-asas-aritmetik,1.2 Operasi Asas Aritmetik yang Melibatkan Integer | 1.2 Basic Arithmetic Operations Involving Integers,person,Merumuskan tatacara pengiraan melibatkan nombor positif dan negatif.,Formulated computational procedures involving positive and negative numbers.,,,,,,Brahmagupta,Ahli Matematik / Mathematician
bab1,Bab 1: Nombor Nisbah | Chapter 1: Rational Numbers,1-2-operasi-asas-aritmetik,1.2 Operasi Asas Aritmetik yang Melibatkan Integer | 1.2 Basic Arithmetic Operations Involving Integers,multiple_choice,Hitung (-4) × (-3). / Calculate (-4) × (-3).,,12,-12,7,-7,"Jawapan / Answer: 12. Cara / Method: Ikut BODMAS dan peraturan tanda integer, kemudian kira langkah demi langkah. / Follow BODMAS and the integer sign rules, then calculate step by step. Oleh itu / Therefore: 12.",,
bab1,Bab 1: Nombor Nisbah | Chapter 1: Rational Numbers,1-2-operasi-asas-aritmetik,1.2 Operasi Asas Aritmetik yang Melibatkan Integer | 1.2 Basic Arithmetic Operations Involving Integers,multiple_choice,Nilaikan (-18) ÷ 3 + 4. / Evaluate (-18) ÷ 3 + 4.,,-2,2,-10,10,"Jawapan / Answer: -2. Cara / Method: Ikut BODMAS dan peraturan tanda integer, kemudian kira langkah demi langkah. / Follow BODMAS and the integer sign rules, then calculate step by step. Oleh itu / Therefore: -2.",,
bab1,Bab 1: Nombor Nisbah | Chapter 1: Rational Numbers,1-2-operasi-asas-aritmetik,1.2 Operasi Asas Aritmetik yang Melibatkan Integer | 1.2 Basic Arithmetic Operations Involving Integers,multiple_choice,Hitung 5 - (-8) + (-3). / Calculate 5 - (-8) + (-3).,,10,-6,0,16,"Jawapan / Answer: 10. Cara / Method: Ikut BODMAS dan peraturan tanda integer, kemudian kira langkah demi langkah. / Follow BODMAS and the integer sign rules, then calculate step by step. Oleh itu / Therefore: 10.",,
bab1,Bab 1: Nombor Nisbah | Chapter 1: Rational Numbers,1-2-operasi-asas-aritmetik,1.2 Operasi Asas Aritmetik yang Melibatkan Integer | 1.2 Basic Arithmetic Operations Involving Integers,multiple_choice,"Antara berikut, yang manakah memberikan hasil terbesar? / Which of the following gives the largest result?",,(-2) × (-5),(-10) ÷ 2,(-3) + (-4),4 - (-2),"Jawapan / Answer: (-2) × (-5). Cara / Method: Ikut BODMAS dan peraturan tanda integer, kemudian kira langkah demi langkah. / Follow BODMAS and the integer sign rules, then calculate step by step. Oleh itu / Therefore: (-2) × (-5).",,
bab1,Bab 1: Nombor Nisbah | Chapter 1: Rational Numbers,1-2-operasi-asas-aritmetik,1.2 Operasi Asas Aritmetik yang Melibatkan Integer | 1.2 Basic Arithmetic Operations Involving Integers,multiple_choice,Hitung 12 + (-5) × 2. / Calculate 12 + (-5) × 2.,,2,14,-2,22,"Jawapan / Answer: 2. Cara / Method: Ikut BODMAS dan peraturan tanda integer, kemudian kira langkah demi langkah. / Follow BODMAS and the integer sign rules, then calculate step by step. Oleh itu / Therefore: 2.",,
bab1,Bab 1: Nombor Nisbah | Chapter 1: Rational Numbers,1-2-operasi-asas-aritmetik,1.2 Operasi Asas Aritmetik yang Melibatkan Integer | 1.2 Basic Arithmetic Operations Involving Integers,objective,Selesaikan (-20) ÷ (-4) - 7. / Solve (-20) ÷ (-4) - 7.,,,,,,"Jawapan / Answer: -2. Cara / Method: Ikut BODMAS dan peraturan tanda integer, kemudian kira langkah demi langkah. / Follow BODMAS and the integer sign rules, then calculate step by step. Oleh itu / Therefore: -2.",,
bab1,Bab 1: Nombor Nisbah | Chapter 1: Rational Numbers,1-2-operasi-asas-aritmetik,1.2 Operasi Asas Aritmetik yang Melibatkan Integer | 1.2 Basic Arithmetic Operations Involving Integers,objective,Nilaikan 8 + (-3) × 4. / Evaluate 8 + (-3) × 4.,,,,,,"Jawapan / Answer: -4. Cara / Method: Ikut BODMAS dan peraturan tanda integer, kemudian kira langkah demi langkah. / Follow BODMAS and the integer sign rules, then calculate step by step. Oleh itu / Therefore: -4.",,
bab1,Bab 1: Nombor Nisbah | Chapter 1: Rational Numbers,1-3-pecahan-positif-dan-negatif,1.3 Pecahan Positif dan Pecahan Negatif | 1.3 Positive and Negative Fractions,summary,Pecahan positif dan negatif diwakilkan pada garis nombor dan nilainya boleh dibandingkan serta dihitung.,"Positive and negative fractions are represented on a number line, compared, and calculated.",,,,,,,
bab1,Bab 1: Nombor Nisbah | Chapter 1: Rational Numbers,1-3-pecahan-positif-dan-negatif,1.3 Pecahan Positif dan Pecahan Negatif | 1.3 Positive and Negative Fractions,fact,"Pecahan positif terletak di sebelah kanan sifar, manakala pecahan negatif di sebelah kiri sifar.","Positive fractions lie to the right of zero, while negative fractions lie to the left of zero.",,,,,,,
bab1,Bab 1: Nombor Nisbah | Chapter 1: Rational Numbers,1-3-pecahan-positif-dan-negatif,1.3 Pecahan Positif dan Pecahan Negatif | 1.3 Positive and Negative Fractions,fact,Penyebut sepunya diperlukan untuk menambah atau menolak pecahan.,A common denominator is required to add or subtract fractions.,,,,,,,
bab1,Bab 1: Nombor Nisbah | Chapter 1: Rational Numbers,1-3-pecahan-positif-dan-negatif,1.3 Pecahan Positif dan Pecahan Negatif | 1.3 Positive and Negative Fractions,person,Menggunakan pecahan unit dalam sistem matematik kuno.,Used unit fractions in ancient mathematical systems.,,,,,,Ahmes,Juru Tulis Mesir / Egyptian Scribe
bab1,Bab 1: Nombor Nisbah | Chapter 1: Rational Numbers,1-3-pecahan-positif-dan-negatif,1.3 Pecahan Positif dan Pecahan Negatif | 1.3 Positive and Negative Fractions,multiple_choice,"Antara pecahan berikut, yang manakah nilai terkecil? / Which of the following fractions has the smallest value?",,-3/4,-1/4,1/4,3/4,"Jawapan / Answer: -3/4. Cara / Method: Samakan penyebut jika perlu, gunakan peraturan tanda, kemudian ringkaskan pecahan. / Use a common denominator if needed, apply sign rules, then simplify the fraction. Oleh itu / Therefore: -3/4.",,
bab1,Bab 1: Nombor Nisbah | Chapter 1: Rational Numbers,1-3-pecahan-positif-dan-negatif,1.3 Pecahan Positif dan Pecahan Negatif | 1.3 Positive and Negative Fractions,multiple_choice,Hitung (-1/2) + (3/4). / Calculate (-1/2) + (3/4).,,1/4,-1/4,1/2,-1/2,"Jawapan / Answer: 1/4. Cara / Method: Samakan penyebut jika perlu, gunakan peraturan tanda, kemudian ringkaskan pecahan. / Use a common denominator if needed, apply sign rules, then simplify the fraction. Oleh itu / Therefore: 1/4.",,
bab1,Bab 1: Nombor Nisbah | Chapter 1: Rational Numbers,1-3-pecahan-positif-dan-negatif,1.3 Pecahan Positif dan Pecahan Negatif | 1.3 Positive and Negative Fractions,multiple_choice,Nilaikan (-2/3) × (9/10). / Evaluate (-2/3) × (9/10).,,-3/5,3/5,-18/30,2/5,"Jawapan / Answer: -3/5. Cara / Method: Samakan penyebut jika perlu, gunakan peraturan tanda, kemudian ringkaskan pecahan. / Use a common denominator if needed, apply sign rules, then simplify the fraction. Oleh itu / Therefore: -3/5.",,
bab1,Bab 1: Nombor Nisbah | Chapter 1: Rational Numbers,1-3-pecahan-positif-dan-negatif,1.3 Pecahan Positif dan Pecahan Negatif | 1.3 Positive and Negative Fractions,multiple_choice,Cari hasil bahagi (-3/5) ÷ (2/5). / Find the quotient of (-3/5) ÷ (2/5).,,-3/2,3/2,-6/25,6/25,"Jawapan / Answer: -3/2. Cara / Method: Samakan penyebut jika perlu, gunakan peraturan tanda, kemudian ringkaskan pecahan. / Use a common denominator if needed, apply sign rules, then simplify the fraction. Oleh itu / Therefore: -3/2.",,
bab1,Bab 1: Nombor Nisbah | Chapter 1: Rational Numbers,1-3-pecahan-positif-dan-negatif,1.3 Pecahan Positif dan Pecahan Negatif | 1.3 Positive and Negative Fractions,multiple_choice,"Susun pecahan mengikut tertib menaik: -1/2, 1/4, -3/4. / Arrange fractions in ascending order: -1/2, 1/4, -3/4.",,"-3/4, -1/2, 1/4","1/4, -1/2, -3/4","-1/2, -3/4, 1/4","-3/4, 1/4, -1/2","Jawapan / Answer: -3/4, -1/2, 1/4. Cara / Method: Samakan penyebut jika perlu, gunakan peraturan tanda, kemudian ringkaskan pecahan. / Use a common denominator if needed, apply sign rules, then simplify the fraction. Oleh itu / Therefore: -3/4, -1/2, 1/4.",,
bab1,Bab 1: Nombor Nisbah | Chapter 1: Rational Numbers,1-3-pecahan-positif-dan-negatif,1.3 Pecahan Positif dan Pecahan Negatif | 1.3 Positive and Negative Fractions,objective,Hitung (-5/6) - (-1/3). / Calculate (-5/6) - (-1/3).,,,,,,"Jawapan / Answer: -1/2. Cara / Method: Samakan penyebut jika perlu, gunakan peraturan tanda, kemudian ringkaskan pecahan. / Use a common denominator if needed, apply sign rules, then simplify the fraction. Oleh itu / Therefore: -1/2.",,
bab1,Bab 1: Nombor Nisbah | Chapter 1: Rational Numbers,1-3-pecahan-positif-dan-negatif,1.3 Pecahan Positif dan Pecahan Negatif | 1.3 Positive and Negative Fractions,objective,Nilaikan 2/5 + (-7/10). / Evaluate 2/5 + (-7/10).,,,,,,"Jawapan / Answer: -3/10. Cara / Method: Samakan penyebut jika perlu, gunakan peraturan tanda, kemudian ringkaskan pecahan. / Use a common denominator if needed, apply sign rules, then simplify the fraction. Oleh itu / Therefore: -3/10.",,
bab1,Bab 1: Nombor Nisbah | Chapter 1: Rational Numbers,1-4-perpuluhan-positif-dan-negatif,1.4 Perpuluhan Positif dan Perpuluhan Negatif | 1.4 Positive and Negative Decimals,summary,Perpuluhan positif dan negatif diwakilkan pada garis nombor dan dikira mengikut tertib operasi.,Positive and negative decimals are represented on a number line and calculated following order of operations.,,,,,,,
bab1,Bab 1: Nombor Nisbah | Chapter 1: Rational Numbers,1-4-perpuluhan-positif-dan-negatif,1.4 Perpuluhan Positif dan Perpuluhan Negatif | 1.4 Positive and Negative Decimals,fact,Perpuluhan negatif semakin kecil nilainya apabila digitnya jauh dari sifar.,Negative decimals decrease in value as their digits move further from zero.,,,,,,,
bab1,Bab 1: Nombor Nisbah | Chapter 1: Rational Numbers,1-4-perpuluhan-positif-dan-negatif,1.4 Perpuluhan Positif dan Perpuluhan Negatif | 1.4 Positive and Negative Decimals,fact,Pendaraban perpuluhan memerlukan pengiraan jumlah tempat perpuluhan.,Multiplication of decimals requires counting total decimal places.,,,,,,,
bab1,Bab 1: Nombor Nisbah | Chapter 1: Rational Numbers,1-4-perpuluhan-positif-dan-negatif,1.4 Perpuluhan Positif dan Perpuluhan Negatif | 1.4 Positive and Negative Decimals,person,Memperkenalkan sistem perpuluhan moden dan penggunaan titik perpuluhan.,Introduced modern decimal system and decimal point usage.,,,,,,John Napier,Ahli Matematik / Mathematician
bab1,Bab 1: Nombor Nisbah | Chapter 1: Rational Numbers,1-4-perpuluhan-positif-dan-negatif,1.4 Perpuluhan Positif dan Perpuluhan Negatif | 1.4 Positive and Negative Decimals,multiple_choice,Hitung -2.5 + 1.2. / Calculate -2.5 + 1.2.,,-1.3,1.3,-3.7,3.7,"Jawapan / Answer: -1.3. Cara / Method: Susun titik perpuluhan, gunakan peraturan tanda dan kira dengan teliti. / Align decimal points, apply sign rules and calculate carefully. Oleh itu / Therefore: -1.3.",,
bab1,Bab 1: Nombor Nisbah | Chapter 1: Rational Numbers,1-4-perpuluhan-positif-dan-negatif,1.4 Perpuluhan Positif dan Perpuluhan Negatif | 1.4 Positive and Negative Decimals,multiple_choice,Nilaikan (-0.4) × 0.5. / Evaluate (-0.4) × 0.5.,,-0.2,0.2,-2.0,0.02,"Jawapan / Answer: -0.2. Cara / Method: Susun titik perpuluhan, gunakan peraturan tanda dan kira dengan teliti. / Align decimal points, apply sign rules and calculate carefully. Oleh itu / Therefore: -0.2.",,
bab1,Bab 1: Nombor Nisbah | Chapter 1: Rational Numbers,1-4-perpuluhan-positif-dan-negatif,1.4 Perpuluhan Positif dan Perpuluhan Negatif | 1.4 Positive and Negative Decimals,multiple_choice,Hitung -3.6 ÷ (-0.9). / Calculate -3.6 ÷ (-0.9).,,4,-4,0.4,-0.4,"Jawapan / Answer: 4. Cara / Method: Susun titik perpuluhan, gunakan peraturan tanda dan kira dengan teliti. / Align decimal points, apply sign rules and calculate carefully. Oleh itu / Therefore: 4.",,
bab1,Bab 1: Nombor Nisbah | Chapter 1: Rational Numbers,1-4-perpuluhan-positif-dan-negatif,1.4 Perpuluhan Positif dan Perpuluhan Negatif | 1.4 Positive and Negative Decimals,multiple_choice,"Antara perpuluhan berikut, yang manakah terkecil? / Which of the following decimals is the smallest?",,-4.05,-4.5,-4.15,-4.01,"Jawapan / Answer: -4.5. Cara / Method: Susun titik perpuluhan, gunakan peraturan tanda dan kira dengan teliti. / Align decimal points, apply sign rules and calculate carefully. Oleh itu / Therefore: -4.5.",,
bab1,Bab 1: Nombor Nisbah | Chapter 1: Rational Numbers,1-4-perpuluhan-positif-dan-negatif,1.4 Perpuluhan Positif dan Perpuluhan Negatif | 1.4 Positive and Negative Decimals,multiple_choice,Hitung 5.4 - (-2.1) + (-1.5). / Calculate 5.4 - (-2.1) + (-1.5).,,6.0,4.8,9.0,1.8,"Jawapan / Answer: 6.0. Cara / Method: Susun titik perpuluhan, gunakan peraturan tanda dan kira dengan teliti. / Align decimal points, apply sign rules and calculate carefully. Oleh itu / Therefore: 6.0.",,
bab1,Bab 1: Nombor Nisbah | Chapter 1: Rational Numbers,1-4-perpuluhan-positif-dan-negatif,1.4 Perpuluhan Positif dan Perpuluhan Negatif | 1.4 Positive and Negative Decimals,objective,Nilaikan (-1.5) × 0.4 + 2.1. / Evaluate (-1.5) × 0.4 + 2.1.,,,,,,"Jawapan / Answer: 1.5. Cara / Method: Susun titik perpuluhan, gunakan peraturan tanda dan kira dengan teliti. / Align decimal points, apply sign rules and calculate carefully. Oleh itu / Therefore: 1.5.",,
bab1,Bab 1: Nombor Nisbah | Chapter 1: Rational Numbers,1-4-perpuluhan-positif-dan-negatif,1.4 Perpuluhan Positif dan Perpuluhan Negatif | 1.4 Positive and Negative Decimals,objective,Cari nilai bagi -8.4 ÷ 2 + 1.2. / Find the value of -8.4 ÷ 2 + 1.2.,,,,,,"Jawapan / Answer: -3.0. Cara / Method: Susun titik perpuluhan, gunakan peraturan tanda dan kira dengan teliti. / Align decimal points, apply sign rules and calculate carefully. Oleh itu / Therefore: -3.0.",,
bab1,Bab 1: Nombor Nisbah | Chapter 1: Rational Numbers,1-5-nombor-nisbah,1.5 Nombor Nisbah | 1.5 Rational Numbers,summary,Nombor nisbah ialah nombor yang boleh ditulis dalam bentuk pecahan p/q (q ≠ 0).,Rational numbers can be written as a fraction p/q where p and q are integers and q ≠ 0.,,,,,,,
bab1,Bab 1: Nombor Nisbah | Chapter 1: Rational Numbers,1-5-nombor-nisbah,1.5 Nombor Nisbah | 1.5 Rational Numbers,fact,Semua integer dan pecahan wajar/tak wajar ialah nombor nisbah.,All integers and proper/improper fractions are rational numbers.,,,,,,,
bab1,Bab 1: Nombor Nisbah | Chapter 1: Rational Numbers,1-5-nombor-nisbah,1.5 Nombor Nisbah | 1.5 Rational Numbers,fact,Nombor perpuluhan berulang dan tamat tergolong dalam nombor nisbah.,Terminating and repeating decimals are rational numbers.,,,,,,,
bab1,Bab 1: Nombor Nisbah | Chapter 1: Rational Numbers,1-5-nombor-nisbah,1.5 Nombor Nisbah | 1.5 Rational Numbers,person,Mengkaji nisbah dan konsep nombor dalam matematik asas.,Studied ratios and number concepts in foundational mathematics.,,,,,,Pythagoras,Ahli Matematik / Mathematician
bab1,Bab 1: Nombor Nisbah | Chapter 1: Rational Numbers,1-5-nombor-nisbah,1.5 Nombor Nisbah | 1.5 Rational Numbers,multiple_choice,"Antara berikut, yang manakah BUKAN nombor nisbah? / Which of the following is NOT a rational number?",,π (pi),0.5,3/4,-2,"Jawapan / Answer: π (pi). Cara / Method: Tentukan sama ada nombor boleh ditulis sebagai p/q, dengan q bukan sifar. / Decide whether the number can be written as p/q, where q is not zero. Oleh itu / Therefore: π (pi).",,
bab1,Bab 1: Nombor Nisbah | Chapter 1: Rational Numbers,1-5-nombor-nisbah,1.5 Nombor Nisbah | 1.5 Rational Numbers,multiple_choice,Tulis 0.75 dalam bentuk pecahan terkecil p/q. / Write 0.75 in simplest fraction form p/q.,,3/4,7/5,75/10,1/4,"Jawapan / Answer: 3/4. Cara / Method: Tentukan sama ada nombor boleh ditulis sebagai p/q, dengan q bukan sifar. / Decide whether the number can be written as p/q, where q is not zero. Oleh itu / Therefore: 3/4.",,
bab1,Bab 1: Nombor Nisbah | Chapter 1: Rational Numbers,1-5-nombor-nisbah,1.5 Nombor Nisbah | 1.5 Rational Numbers,multiple_choice,Nilaikan 1/2 + (-0.25). / Evaluate 1/2 + (-0.25).,,0.25,-0.25,0.75,-0.75,"Jawapan / Answer: 0.25. Cara / Method: Tentukan sama ada nombor boleh ditulis sebagai p/q, dengan q bukan sifar. / Decide whether the number can be written as p/q, where q is not zero. Oleh itu / Therefore: 0.25.",,
bab1,Bab 1: Nombor Nisbah | Chapter 1: Rational Numbers,1-5-nombor-nisbah,1.5 Nombor Nisbah | 1.5 Rational Numbers,multiple_choice,"Antara berikut, yang manakah menunjukkan nombor nisbah? / Which of the following shows a rational number?",,-3/5,√2,e,π,"Jawapan / Answer: -3/5. Cara / Method: Tentukan sama ada nombor boleh ditulis sebagai p/q, dengan q bukan sifar. / Decide whether the number can be written as p/q, where q is not zero. Oleh itu / Therefore: -3/5.",,
bab1,Bab 1: Nombor Nisbah | Chapter 1: Rational Numbers,1-5-nombor-nisbah,1.5 Nombor Nisbah | 1.5 Rational Numbers,multiple_choice,Hitung (-1 1/2) × 0.4. / Calculate (-1 1/2) × 0.4.,,-0.6,0.6,-0.4,1.2,"Jawapan / Answer: -0.6. Cara / Method: Tentukan sama ada nombor boleh ditulis sebagai p/q, dengan q bukan sifar. / Decide whether the number can be written as p/q, where q is not zero. Oleh itu / Therefore: -0.6.",,
bab1,Bab 1: Nombor Nisbah | Chapter 1: Rational Numbers,1-5-nombor-nisbah,1.5 Nombor Nisbah | 1.5 Rational Numbers,objective,Tuliskan -0.6 sebagai pecahan termudah p/q. / Write -0.6 as a simplest fraction p/q.,,,,,,"Jawapan / Answer: -3/5. Cara / Method: Tentukan sama ada nombor boleh ditulis sebagai p/q, dengan q bukan sifar. / Decide whether the number can be written as p/q, where q is not zero. Oleh itu / Therefore: -3/5.",,
bab1,Bab 1: Nombor Nisbah | Chapter 1: Rational Numbers,1-5-nombor-nisbah,1.5 Nombor Nisbah | 1.5 Rational Numbers,objective,Nilaikan (-3/4) ÷ 0.25. / Evaluate (-3/4) ÷ 0.25.,,,,,,"Jawapan / Answer: -3. Cara / Method: Tentukan sama ada nombor boleh ditulis sebagai p/q, dengan q bukan sifar. / Decide whether the number can be written as p/q, where q is not zero. Oleh itu / Therefore: -3.",,
bab2,Bab 2: Faktor dan Gandaan | Chapter 2: Factors and Multiples,2-1-faktor-fstb,"2.1 Faktor, Faktor Perdana dan Faktor Sepunya Terbesar (FSTB) | 2.1 Factors, Prime Factors and Highest Common Factor (HCF)",summary,"Faktor membahagi habis nombor tertentu, dan FSTB ialah faktor sepunya terbesar bagi beberapa nombor.","Factors divide a given number completely, and HCF is the highest common factor of numbers.",,,,,,,
bab2,Bab 2: Faktor dan Gandaan | Chapter 2: Factors and Multiples,2-1-faktor-fstb,"2.1 Faktor, Faktor Perdana dan Faktor Sepunya Terbesar (FSTB) | 2.1 Factors, Prime Factors and Highest Common Factor (HCF)",fact,Nombor perdana hanya mempunyai dua faktor iaitu 1 dan dirinya sendiri.,Prime numbers have exactly two factors: 1 and itself.,,,,,,,
bab2,Bab 2: Faktor dan Gandaan | Chapter 2: Factors and Multiples,2-1-faktor-fstb,"2.1 Faktor, Faktor Perdana dan Faktor Sepunya Terbesar (FSTB) | 2.1 Factors, Prime Factors and Highest Common Factor (HCF)",fact,FSTB boleh dicari melalui pemfaktoran perdana atau pembahagian berulang.,HCF can be found using prime factorization or repeated division.,,,,,,,
bab2,Bab 2: Faktor dan Gandaan | Chapter 2: Factors and Multiples,2-1-faktor-fstb,"2.1 Faktor, Faktor Perdana dan Faktor Sepunya Terbesar (FSTB) | 2.1 Factors, Prime Factors and Highest Common Factor (HCF)",person,Menyelidik sifat nombor perdana dan pembahaginya.,Investigated properties of prime numbers and their divisors.,,,,,,Euclid,Bapa Geometri / Father of Geometry
bab2,Bab 2: Faktor dan Gandaan | Chapter 2: Factors and Multiples,2-1-faktor-fstb,"2.1 Faktor, Faktor Perdana dan Faktor Sepunya Terbesar (FSTB) | 2.1 Factors, Prime Factors and Highest Common Factor (HCF)",multiple_choice,Berapakah Faktor Sepunya Terbesar (FSTB) bagi 12 dan 18? / What is the Highest Common Factor (HCF) of 12 and 18?,,6,3,2,36,Jawapan / Answer: 6. Cara / Method: Senaraikan faktor atau faktorkan kepada faktor perdana; pilih faktor sepunya terbesar. / List factors or prime-factorise; choose the greatest common factor. Oleh itu / Therefore: 6.,,
bab2,Bab 2: Faktor dan Gandaan | Chapter 2: Factors and Multiples,2-1-faktor-fstb,"2.1 Faktor, Faktor Perdana dan Faktor Sepunya Terbesar (FSTB) | 2.1 Factors, Prime Factors and Highest Common Factor (HCF)",multiple_choice,"Antara berikut, yang manakah nombor perdana? / Which of the following is a prime number?",,17,15,9,21,Jawapan / Answer: 17. Cara / Method: Senaraikan faktor atau faktorkan kepada faktor perdana; pilih faktor sepunya terbesar. / List factors or prime-factorise; choose the greatest common factor. Oleh itu / Therefore: 17.,,
bab2,Bab 2: Faktor dan Gandaan | Chapter 2: Factors and Multiples,2-1-faktor-fstb,"2.1 Faktor, Faktor Perdana dan Faktor Sepunya Terbesar (FSTB) | 2.1 Factors, Prime Factors and Highest Common Factor (HCF)",multiple_choice,Senaraikan semua faktor bagi 12. / List all factors of 12.,,"1, 2, 3, 4, 6, 12","2, 3, 4, 6","1, 2, 4, 12","3, 4, 6, 12","Jawapan / Answer: 1, 2, 3, 4, 6, 12. Cara / Method: Senaraikan faktor atau faktorkan kepada faktor perdana; pilih faktor sepunya terbesar. / List factors or prime-factorise; choose the greatest common factor. Oleh itu / Therefore: 1, 2, 3, 4, 6, 12.",,
bab2,Bab 2: Faktor dan Gandaan | Chapter 2: Factors and Multiples,2-1-faktor-fstb,"2.1 Faktor, Faktor Perdana dan Faktor Sepunya Terbesar (FSTB) | 2.1 Factors, Prime Factors and Highest Common Factor (HCF)",multiple_choice,"Apakah FSTB bagi 24, 36 dan 48? / What is the HCF of 24, 36, and 48?",,12,6,24,4,Jawapan / Answer: 12. Cara / Method: Senaraikan faktor atau faktorkan kepada faktor perdana; pilih faktor sepunya terbesar. / List factors or prime-factorise; choose the greatest common factor. Oleh itu / Therefore: 12.,,
bab2,Bab 2: Faktor dan Gandaan | Chapter 2: Factors and Multiples,2-1-faktor-fstb,"2.1 Faktor, Faktor Perdana dan Faktor Sepunya Terbesar (FSTB) | 2.1 Factors, Prime Factors and Highest Common Factor (HCF)",multiple_choice,"Antara nombor berikut, yang manakah BUKAN faktor bagi 30? / Which of the following is NOT a factor of 30?",,4,3,5,6,Jawapan / Answer: 4. Cara / Method: Senaraikan faktor atau faktorkan kepada faktor perdana; pilih faktor sepunya terbesar. / List factors or prime-factorise; choose the greatest common factor. Oleh itu / Therefore: 4.,,
bab2,Bab 2: Faktor dan Gandaan | Chapter 2: Factors and Multiples,2-1-faktor-fstb,"2.1 Faktor, Faktor Perdana dan Faktor Sepunya Terbesar (FSTB) | 2.1 Factors, Prime Factors and Highest Common Factor (HCF)",objective,Senaraikan semua faktor perdana bagi 20. / List all prime factors of 20.,,,,,,"Jawapan / Answer: 2, 5. Cara / Method: Senaraikan faktor atau faktorkan kepada faktor perdana; pilih faktor sepunya terbesar. / List factors or prime-factorise; choose the greatest common factor. Oleh itu / Therefore: 2, 5.",,
bab2,Bab 2: Faktor dan Gandaan | Chapter 2: Factors and Multiples,2-1-faktor-fstb,"2.1 Faktor, Faktor Perdana dan Faktor Sepunya Terbesar (FSTB) | 2.1 Factors, Prime Factors and Highest Common Factor (HCF)",objective,Cari FSTB bagi 16 dan 24. / Find the HCF of 16 and 24.,,,,,,Jawapan / Answer: 8. Cara / Method: Senaraikan faktor atau faktorkan kepada faktor perdana; pilih faktor sepunya terbesar. / List factors or prime-factorise; choose the greatest common factor. Oleh itu / Therefore: 8.,,
bab2,Bab 2: Faktor dan Gandaan | Chapter 2: Factors and Multiples,2-2-gandaan-gstk,"2.2 Gandaan, Gandaan Sepunya dan Gandaan Sepunya Terkecil (GSTK) | 2.2 Multiples, Common Multiples and Lowest Common Multiple (LCM)",summary,"Gandaan ialah hasil darab nombor dengan nombor bulat, dan GSTK ialah gandaan sepunya paling kecil.",A multiple is the product of a number and a whole number; LCM is the smallest common multiple.,,,,,,,
bab2,Bab 2: Faktor dan Gandaan | Chapter 2: Factors and Multiples,2-2-gandaan-gstk,"2.2 Gandaan, Gandaan Sepunya dan Gandaan Sepunya Terkecil (GSTK) | 2.2 Multiples, Common Multiples and Lowest Common Multiple (LCM)",fact,Setiap nombor mempunyai bilangan gandaan yang tidak terhingga.,Every number has infinitely many multiples.,,,,,,,
bab2,Bab 2: Faktor dan Gandaan | Chapter 2: Factors and Multiples,2-2-gandaan-gstk,"2.2 Gandaan, Gandaan Sepunya dan Gandaan Sepunya Terkecil (GSTK) | 2.2 Multiples, Common Multiples and Lowest Common Multiple (LCM)",fact,GSTK digunakan untuk mencari penyebut sepunya terbawah pecahan.,LCM is used to find the lowest common denominator for fractions.,,,,,,,
bab2,Bab 2: Faktor dan Gandaan | Chapter 2: Factors and Multiples,2-2-gandaan-gstk,"2.2 Gandaan, Gandaan Sepunya dan Gandaan Sepunya Terkecil (GSTK) | 2.2 Multiples, Common Multiples and Lowest Common Multiple (LCM)",person,Pereka kaedah penapis Sieve of Eratosthenes untuk nombor perdana dan gandaannya.,Creator of the Sieve of Eratosthenes method for prime numbers and multiples.,,,,,,Eratosthenes,Ahli Matematik / Mathematician
bab2,Bab 2: Faktor dan Gandaan | Chapter 2: Factors and Multiples,2-2-gandaan-gstk,"2.2 Gandaan, Gandaan Sepunya dan Gandaan Sepunya Terkecil (GSTK) | 2.2 Multiples, Common Multiples and Lowest Common Multiple (LCM)",multiple_choice,Berapakah Gandaan Sepunya Terkecil (GSTK) bagi 4 dan 6? / What is the Lowest Common Multiple (LCM) of 4 and 6?,,12,24,2,18,Jawapan / Answer: 12. Cara / Method: Senaraikan gandaan atau gunakan pemfaktoran perdana; pilih gandaan sepunya terkecil. / List multiples or use prime factorisation; choose the least common multiple. Oleh itu / Therefore: 12.,,
bab2,Bab 2: Faktor dan Gandaan | Chapter 2: Factors and Multiples,2-2-gandaan-gstk,"2.2 Gandaan, Gandaan Sepunya dan Gandaan Sepunya Terkecil (GSTK) | 2.2 Multiples, Common Multiples and Lowest Common Multiple (LCM)",multiple_choice,"Antara berikut, yang manakah gandaan sepunya bagi 3 dan 5? / Which of the following is a common multiple of 3 and 5?",,15,10,20,25,Jawapan / Answer: 15. Cara / Method: Senaraikan gandaan atau gunakan pemfaktoran perdana; pilih gandaan sepunya terkecil. / List multiples or use prime factorisation; choose the least common multiple. Oleh itu / Therefore: 15.,,
bab2,Bab 2: Faktor dan Gandaan | Chapter 2: Factors and Multiples,2-2-gandaan-gstk,"2.2 Gandaan, Gandaan Sepunya dan Gandaan Sepunya Terkecil (GSTK) | 2.2 Multiples, Common Multiples and Lowest Common Multiple (LCM)",multiple_choice,"Cari GSTK bagi 3, 4, dan 6. / Find the LCM of 3, 4, and 6.",,12,24,18,36,Jawapan / Answer: 12. Cara / Method: Senaraikan gandaan atau gunakan pemfaktoran perdana; pilih gandaan sepunya terkecil. / List multiples or use prime factorisation; choose the least common multiple. Oleh itu / Therefore: 12.,,
bab2,Bab 2: Faktor dan Gandaan | Chapter 2: Factors and Multiples,2-2-gandaan-gstk,"2.2 Gandaan, Gandaan Sepunya dan Gandaan Sepunya Terkecil (GSTK) | 2.2 Multiples, Common Multiples and Lowest Common Multiple (LCM)",multiple_choice,"Antara nombor berikut, yang manakah BUKAN gandaan bagi 7? / Which of the following is NOT a multiple of 7?",,32,14,28,42,Jawapan / Answer: 32. Cara / Method: Senaraikan gandaan atau gunakan pemfaktoran perdana; pilih gandaan sepunya terkecil. / List multiples or use prime factorisation; choose the least common multiple. Oleh itu / Therefore: 32.,,
bab2,Bab 2: Faktor dan Gandaan | Chapter 2: Factors and Multiples,2-2-gandaan-gstk,"2.2 Gandaan, Gandaan Sepunya dan Gandaan Sepunya Terkecil (GSTK) | 2.2 Multiples, Common Multiples and Lowest Common Multiple (LCM)",multiple_choice,Cari GSTK bagi 8 dan 12. / Find the LCM of 8 and 12.,,24,48,96,16,Jawapan / Answer: 24. Cara / Method: Senaraikan gandaan atau gunakan pemfaktoran perdana; pilih gandaan sepunya terkecil. / List multiples or use prime factorisation; choose the least common multiple. Oleh itu / Therefore: 24.,,
bab2,Bab 2: Faktor dan Gandaan | Chapter 2: Factors and Multiples,2-2-gandaan-gstk,"2.2 Gandaan, Gandaan Sepunya dan Gandaan Sepunya Terkecil (GSTK) | 2.2 Multiples, Common Multiples and Lowest Common Multiple (LCM)",objective,Cari GSTK bagi 5 dan 8. / Find the LCM of 5 and 8.,,,,,,Jawapan / Answer: 40. Cara / Method: Senaraikan gandaan atau gunakan pemfaktoran perdana; pilih gandaan sepunya terkecil. / List multiples or use prime factorisation; choose the least common multiple. Oleh itu / Therefore: 40.,,
bab2,Bab 2: Faktor dan Gandaan | Chapter 2: Factors and Multiples,2-2-gandaan-gstk,"2.2 Gandaan, Gandaan Sepunya dan Gandaan Sepunya Terkecil (GSTK) | 2.2 Multiples, Common Multiples and Lowest Common Multiple (LCM)",objective,Tentukan gandaan sepunya terkecil bagi 9 dan 15. / Determine the lowest common multiple of 9 and 15.,,,,,,Jawapan / Answer: 45. Cara / Method: Senaraikan gandaan atau gunakan pemfaktoran perdana; pilih gandaan sepunya terkecil. / List multiples or use prime factorisation; choose the least common multiple. Oleh itu / Therefore: 45.,,
bab3,"Bab 3: Kuasa Dua, Punca Kuasa Dua, Kuasa Tiga dan Punca Kuasa Tiga | Chapter 3: Squares, Square Roots, Cubes and Cube Roots",3-1-kuasa-dua,3.1 Kuasa Dua dan Punca Kuasa Dua | 3.1 Squares and Square Roots,summary,"Kuasa dua mendarab nombor dengan dirinya sendiri, manakala punca kuasa dua ialah operasi songsangnya.",Square is multiplying a number by itself; square root is its inverse operation.,,,,,,,
bab3,"Bab 3: Kuasa Dua, Punca Kuasa Dua, Kuasa Tiga dan Punca Kuasa Tiga | Chapter 3: Squares, Square Roots, Cubes and Cube Roots",3-1-kuasa-dua,3.1 Kuasa Dua dan Punca Kuasa Dua | 3.1 Squares and Square Roots,fact,Kuasa dua bagi sebarang nombor nyata sentiasa bernilai positif atau sifar.,The square of any real number is always positive or zero.,,,,,,,
bab3,"Bab 3: Kuasa Dua, Punca Kuasa Dua, Kuasa Tiga dan Punca Kuasa Tiga | Chapter 3: Squares, Square Roots, Cubes and Cube Roots",3-1-kuasa-dua,3.1 Kuasa Dua dan Punca Kuasa Dua | 3.1 Squares and Square Roots,fact,Kuasa dua sempurna terhasil daripada kuasa dua suatu integer.,A perfect square is formed by squaring an integer.,,,,,,,
bab3,"Bab 3: Kuasa Dua, Punca Kuasa Dua, Kuasa Tiga dan Punca Kuasa Tiga | Chapter 3: Squares, Square Roots, Cubes and Cube Roots",3-1-kuasa-dua,3.1 Kuasa Dua dan Punca Kuasa Dua | 3.1 Squares and Square Roots,person,Membangunkan kaedah aproksimasi punca kuasa dua.,Developed square root approximation methods.,,,,,,Hero dari Alexandria,Ahli Matematik / Mathematician
bab3,"Bab 3: Kuasa Dua, Punca Kuasa Dua, Kuasa Tiga dan Punca Kuasa Tiga | Chapter 3: Squares, Square Roots, Cubes and Cube Roots",3-1-kuasa-dua,3.1 Kuasa Dua dan Punca Kuasa Dua | 3.1 Squares and Square Roots,multiple_choice,Nilaikan √81. / Evaluate √81.,,9,8,81,18,"Jawapan / Answer: 9. Cara / Method: Untuk kuasa dua, darab nombor dengan dirinya; untuk punca kuasa dua, cari nombor yang apabila didarab dengan dirinya memberi nilai itu. / For a square, multiply the number by itself; for a square root, find the number whose square gives the value. Oleh itu / Therefore: 9.",,
bab3,"Bab 3: Kuasa Dua, Punca Kuasa Dua, Kuasa Tiga dan Punca Kuasa Tiga | Chapter 3: Squares, Square Roots, Cubes and Cube Roots",3-1-kuasa-dua,3.1 Kuasa Dua dan Punca Kuasa Dua | 3.1 Squares and Square Roots,multiple_choice,Hitung 7². / Calculate 7².,,49,14,42,56,"Jawapan / Answer: 49. Cara / Method: Untuk kuasa dua, darab nombor dengan dirinya; untuk punca kuasa dua, cari nombor yang apabila didarab dengan dirinya memberi nilai itu. / For a square, multiply the number by itself; for a square root, find the number whose square gives the value. Oleh itu / Therefore: 49.",,
bab3,"Bab 3: Kuasa Dua, Punca Kuasa Dua, Kuasa Tiga dan Punca Kuasa Tiga | Chapter 3: Squares, Square Roots, Cubes and Cube Roots",3-1-kuasa-dua,3.1 Kuasa Dua dan Punca Kuasa Dua | 3.1 Squares and Square Roots,multiple_choice,"Antara berikut, yang manakah kuasa dua sempurna? / Which of the following is a perfect square?",,64,50,30,75,"Jawapan / Answer: 64. Cara / Method: Untuk kuasa dua, darab nombor dengan dirinya; untuk punca kuasa dua, cari nombor yang apabila didarab dengan dirinya memberi nilai itu. / For a square, multiply the number by itself; for a square root, find the number whose square gives the value. Oleh itu / Therefore: 64.",,
bab3,"Bab 3: Kuasa Dua, Punca Kuasa Dua, Kuasa Tiga dan Punca Kuasa Tiga | Chapter 3: Squares, Square Roots, Cubes and Cube Roots",3-1-kuasa-dua,3.1 Kuasa Dua dan Punca Kuasa Dua | 3.1 Squares and Square Roots,multiple_choice,Nilaikan √0.16. / Evaluate √0.16.,,0.4,0.04,0.8,4,"Jawapan / Answer: 0.4. Cara / Method: Untuk kuasa dua, darab nombor dengan dirinya; untuk punca kuasa dua, cari nombor yang apabila didarab dengan dirinya memberi nilai itu. / For a square, multiply the number by itself; for a square root, find the number whose square gives the value. Oleh itu / Therefore: 0.4.",,
bab3,"Bab 3: Kuasa Dua, Punca Kuasa Dua, Kuasa Tiga dan Punca Kuasa Tiga | Chapter 3: Squares, Square Roots, Cubes and Cube Roots",3-1-kuasa-dua,3.1 Kuasa Dua dan Punca Kuasa Dua | 3.1 Squares and Square Roots,multiple_choice,Hitung (-6)². / Calculate (-6)².,,36,-36,12,-12,"Jawapan / Answer: 36. Cara / Method: Untuk kuasa dua, darab nombor dengan dirinya; untuk punca kuasa dua, cari nombor yang apabila didarab dengan dirinya memberi nilai itu. / For a square, multiply the number by itself; for a square root, find the number whose square gives the value. Oleh itu / Therefore: 36.",,
bab3,"Bab 3: Kuasa Dua, Punca Kuasa Dua, Kuasa Tiga dan Punca Kuasa Tiga | Chapter 3: Squares, Square Roots, Cubes and Cube Roots",3-1-kuasa-dua,3.1 Kuasa Dua dan Punca Kuasa Dua | 3.1 Squares and Square Roots,objective,Cari nilai bagi √144. / Find the value of √144.,,,,,,"Jawapan / Answer: 12. Cara / Method: Untuk kuasa dua, darab nombor dengan dirinya; untuk punca kuasa dua, cari nombor yang apabila didarab dengan dirinya memberi nilai itu. / For a square, multiply the number by itself; for a square root, find the number whose square gives the value. Oleh itu / Therefore: 12.",,
bab3,"Bab 3: Kuasa Dua, Punca Kuasa Dua, Kuasa Tiga dan Punca Kuasa Tiga | Chapter 3: Squares, Square Roots, Cubes and Cube Roots",3-1-kuasa-dua,3.1 Kuasa Dua dan Punca Kuasa Dua | 3.1 Squares and Square Roots,objective,Nilaikan 5² - √9. / Evaluate 5² - √9.,,,,,,"Jawapan / Answer: 22. Cara / Method: Untuk kuasa dua, darab nombor dengan dirinya; untuk punca kuasa dua, cari nombor yang apabila didarab dengan dirinya memberi nilai itu. / For a square, multiply the number by itself; for a square root, find the number whose square gives the value. Oleh itu / Therefore: 22.",,
bab3,"Bab 3: Kuasa Dua, Punca Kuasa Dua, Kuasa Tiga dan Punca Kuasa Tiga | Chapter 3: Squares, Square Roots, Cubes and Cube Roots",3-2-kuasa-tiga,3.2 Kuasa Tiga dan Punca Kuasa Tiga | 3.2 Cubes and Cube Roots,summary,"Kuasa tiga mendarab nombor sebanyak tiga kali, manakala punca kuasa tiga ialah operasi songsangannya.",Cube is multiplying a number three times; cube root is its inverse operation.,,,,,,,
bab3,"Bab 3: Kuasa Dua, Punca Kuasa Dua, Kuasa Tiga dan Punca Kuasa Tiga | Chapter 3: Squares, Square Roots, Cubes and Cube Roots",3-2-kuasa-tiga,3.2 Kuasa Tiga dan Punca Kuasa Tiga | 3.2 Cubes and Cube Roots,fact,Kuasa tiga bagi nombor negatif bernilai negatif.,The cube of a negative number is negative.,,,,,,,
bab3,"Bab 3: Kuasa Dua, Punca Kuasa Dua, Kuasa Tiga dan Punca Kuasa Tiga | Chapter 3: Squares, Square Roots, Cubes and Cube Roots",3-2-kuasa-tiga,3.2 Kuasa Tiga dan Punca Kuasa Tiga | 3.2 Cubes and Cube Roots,fact,Punca kuasa tiga bagi nombor negatif adalah wujud dan bernilai negatif.,The cube root of a negative number exists and is negative.,,,,,,,
bab3,"Bab 3: Kuasa Dua, Punca Kuasa Dua, Kuasa Tiga dan Punca Kuasa Tiga | Chapter 3: Squares, Square Roots, Cubes and Cube Roots",3-2-kuasa-tiga,3.2 Kuasa Tiga dan Punca Kuasa Tiga | 3.2 Cubes and Cube Roots,person,Mengkaji kuasa tiga dan persamaan kubik dalam algebra.,Studied cubes and cubic equations in algebra.,,,,,,Al-Khwarizmi,Bapa Algebra / Father of Algebra
bab3,"Bab 3: Kuasa Dua, Punca Kuasa Dua, Kuasa Tiga dan Punca Kuasa Tiga | Chapter 3: Squares, Square Roots, Cubes and Cube Roots",3-2-kuasa-tiga,3.2 Kuasa Tiga dan Punca Kuasa Tiga | 3.2 Cubes and Cube Roots,multiple_choice,Nilaikan 3√(27). / Evaluate 3√(27).,,3,9,81,27,"Jawapan / Answer: 3. Cara / Method: Untuk kuasa tiga, darab nombor itu tiga kali; untuk punca kuasa tiga, cari nombor yang didarab tiga kali memberi nilai itu. / For a cube, multiply the number three times; for a cube root, find the number that multiplied three times gives the value. Oleh itu / Therefore: 3.",,
bab3,"Bab 3: Kuasa Dua, Punca Kuasa Dua, Kuasa Tiga dan Punca Kuasa Tiga | Chapter 3: Squares, Square Roots, Cubes and Cube Roots",3-2-kuasa-tiga,3.2 Kuasa Tiga dan Punca Kuasa Tiga | 3.2 Cubes and Cube Roots,multiple_choice,Hitung (-2)³. / Calculate (-2)³.,,-8,8,-6,6,"Jawapan / Answer: -8. Cara / Method: Untuk kuasa tiga, darab nombor itu tiga kali; untuk punca kuasa tiga, cari nombor yang didarab tiga kali memberi nilai itu. / For a cube, multiply the number three times; for a cube root, find the number that multiplied three times gives the value. Oleh itu / Therefore: -8.",,
bab3,"Bab 3: Kuasa Dua, Punca Kuasa Dua, Kuasa Tiga dan Punca Kuasa Tiga | Chapter 3: Squares, Square Roots, Cubes and Cube Roots",3-2-kuasa-tiga,3.2 Kuasa Tiga dan Punca Kuasa Tiga | 3.2 Cubes and Cube Roots,multiple_choice,"Antara berikut, yang manakah kuasa tiga sempurna? / Which of the following is a perfect cube?",,125,100,50,200,"Jawapan / Answer: 125. Cara / Method: Untuk kuasa tiga, darab nombor itu tiga kali; untuk punca kuasa tiga, cari nombor yang didarab tiga kali memberi nilai itu. / For a cube, multiply the number three times; for a cube root, find the number that multiplied three times gives the value. Oleh itu / Therefore: 125.",,
bab3,"Bab 3: Kuasa Dua, Punca Kuasa Dua, Kuasa Tiga dan Punca Kuasa Tiga | Chapter 3: Squares, Square Roots, Cubes and Cube Roots",3-2-kuasa-tiga,3.2 Kuasa Tiga dan Punca Kuasa Tiga | 3.2 Cubes and Cube Roots,multiple_choice,Nilaikan 3√(-64). / Evaluate 3√(-64).,,-4,4,-8,8,"Jawapan / Answer: -4. Cara / Method: Untuk kuasa tiga, darab nombor itu tiga kali; untuk punca kuasa tiga, cari nombor yang didarab tiga kali memberi nilai itu. / For a cube, multiply the number three times; for a cube root, find the number that multiplied three times gives the value. Oleh itu / Therefore: -4.",,
bab3,"Bab 3: Kuasa Dua, Punca Kuasa Dua, Kuasa Tiga dan Punca Kuasa Tiga | Chapter 3: Squares, Square Roots, Cubes and Cube Roots",3-2-kuasa-tiga,3.2 Kuasa Tiga dan Punca Kuasa Tiga | 3.2 Cubes and Cube Roots,multiple_choice,Hitung 4³. / Calculate 4³.,,64,12,16,32,"Jawapan / Answer: 64. Cara / Method: Untuk kuasa tiga, darab nombor itu tiga kali; untuk punca kuasa tiga, cari nombor yang didarab tiga kali memberi nilai itu. / For a cube, multiply the number three times; for a cube root, find the number that multiplied three times gives the value. Oleh itu / Therefore: 64.",,
bab3,"Bab 3: Kuasa Dua, Punca Kuasa Dua, Kuasa Tiga dan Punca Kuasa Tiga | Chapter 3: Squares, Square Roots, Cubes and Cube Roots",3-2-kuasa-tiga,3.2 Kuasa Tiga dan Punca Kuasa Tiga | 3.2 Cubes and Cube Roots,objective,Cari nilai bagi 3√(216). / Find the value of 3√(216).,,,,,,"Jawapan / Answer: 6. Cara / Method: Untuk kuasa tiga, darab nombor itu tiga kali; untuk punca kuasa tiga, cari nombor yang didarab tiga kali memberi nilai itu. / For a cube, multiply the number three times; for a cube root, find the number that multiplied three times gives the value. Oleh itu / Therefore: 6.",,
bab3,"Bab 3: Kuasa Dua, Punca Kuasa Dua, Kuasa Tiga dan Punca Kuasa Tiga | Chapter 3: Squares, Square Roots, Cubes and Cube Roots",3-2-kuasa-tiga,3.2 Kuasa Tiga dan Punca Kuasa Tiga | 3.2 Cubes and Cube Roots,objective,Nilaikan 2³ + 3√8. / Evaluate 2³ + 3√8.,,,,,,"Jawapan / Answer: 10. Cara / Method: Untuk kuasa tiga, darab nombor itu tiga kali; untuk punca kuasa tiga, cari nombor yang didarab tiga kali memberi nilai itu. / For a cube, multiply the number three times; for a cube root, find the number that multiplied three times gives the value. Oleh itu / Therefore: 10.",,
bab4,"Bab 4: Nisbah, Kadar dan Kadaran | Chapter 4: Ratios, Rates and Proportions",4-1-nisbah,4.1 Nisbah | 4.1 Ratios,summary,Nisbah membandingkan dua atau lebih kuantiti dengan unit yang sama.,A ratio compares two or more quantities of the same unit.,,,,,,,
bab4,"Bab 4: Nisbah, Kadar dan Kadaran | Chapter 4: Ratios, Rates and Proportions",4-1-nisbah,4.1 Nisbah | 4.1 Ratios,fact,Nisbah tidak mempunyai unit pengukuran.,Ratios do not have units of measurement.,,,,,,,
bab4,"Bab 4: Nisbah, Kadar dan Kadaran | Chapter 4: Ratios, Rates and Proportions",4-1-nisbah,4.1 Nisbah | 4.1 Ratios,fact,Nisbah a:b boleh ditulis dalam bentuk pecahan a/b.,The ratio a:b can be written in fraction form a/b.,,,,,,,
bab4,"Bab 4: Nisbah, Kadar dan Kadaran | Chapter 4: Ratios, Rates and Proportions",4-1-nisbah,4.1 Nisbah | 4.1 Ratios,person,Pelopor konsep nisbah keemasan (Golden Ratio) dalam nisbah estetik.,Pioneer of the Golden Ratio concept in aesthetic ratios.,,,,,,Phidias,Pengarca & Jurubina / Sculptor & Architect
bab4,"Bab 4: Nisbah, Kadar dan Kadaran | Chapter 4: Ratios, Rates and Proportions",4-1-nisbah,4.1 Nisbah | 4.1 Ratios,multiple_choice,Permudahkan nisbah 6 : 12. / Simplify the ratio 6 : 12.,,1 : 2,2 : 1,1 : 3,3 : 1,"Jawapan / Answer: 1 : 2. Cara / Method: Tulis kuantiti dalam unit yang sama, ringkaskan dengan membahagi semua sebutan oleh faktor sepunya terbesar. / Write quantities in the same units and simplify by dividing all terms by their greatest common factor. Oleh itu / Therefore: 1 : 2.",,
bab4,"Bab 4: Nisbah, Kadar dan Kadaran | Chapter 4: Ratios, Rates and Proportions",4-1-nisbah,4.1 Nisbah | 4.1 Ratios,multiple_choice,Tulis nisbah 500 g kepada 2 kg dalam bentuk termudah. / Write the ratio of 500 g to 2 kg in simplest form.,,1 : 4,1 : 2,5 : 2,4 : 1,"Jawapan / Answer: 1 : 4. Cara / Method: Tulis kuantiti dalam unit yang sama, ringkaskan dengan membahagi semua sebutan oleh faktor sepunya terbesar. / Write quantities in the same units and simplify by dividing all terms by their greatest common factor. Oleh itu / Therefore: 1 : 4.",,
bab4,"Bab 4: Nisbah, Kadar dan Kadaran | Chapter 4: Ratios, Rates and Proportions",4-1-nisbah,4.1 Nisbah | 4.1 Ratios,multiple_choice,"Jika a : b = 2 : 3 dan b : c = 3 : 5, cari a : b : c. / If a : b = 2 : 3 and b : c = 3 : 5, find a : b : c.",,2 : 3 : 5,2 : 5 : 3,3 : 2 : 5,5 : 3 : 2,"Jawapan / Answer: 2 : 3 : 5. Cara / Method: Tulis kuantiti dalam unit yang sama, ringkaskan dengan membahagi semua sebutan oleh faktor sepunya terbesar. / Write quantities in the same units and simplify by dividing all terms by their greatest common factor. Oleh itu / Therefore: 2 : 3 : 5.",,
bab4,"Bab 4: Nisbah, Kadar dan Kadaran | Chapter 4: Ratios, Rates and Proportions",4-1-nisbah,4.1 Nisbah | 4.1 Ratios,multiple_choice,"Antara nisbah berikut, yang manakah setara dengan 3 : 4? / Which of the following ratios is equivalent to 3 : 4?",,9 : 12,6 : 10,12 : 9,4 : 3,"Jawapan / Answer: 9 : 12. Cara / Method: Tulis kuantiti dalam unit yang sama, ringkaskan dengan membahagi semua sebutan oleh faktor sepunya terbesar. / Write quantities in the same units and simplify by dividing all terms by their greatest common factor. Oleh itu / Therefore: 9 : 12.",,
bab4,"Bab 4: Nisbah, Kadar dan Kadaran | Chapter 4: Ratios, Rates and Proportions",4-1-nisbah,4.1 Nisbah | 4.1 Ratios,multiple_choice,Permudahkan 15 : 25 : 35. / Simplify 15 : 25 : 35.,,3 : 5 : 7,1 : 2 : 3,5 : 7 : 9,3 : 4 : 5,"Jawapan / Answer: 3 : 5 : 7. Cara / Method: Tulis kuantiti dalam unit yang sama, ringkaskan dengan membahagi semua sebutan oleh faktor sepunya terbesar. / Write quantities in the same units and simplify by dividing all terms by their greatest common factor. Oleh itu / Therefore: 3 : 5 : 7.",,
bab4,"Bab 4: Nisbah, Kadar dan Kadaran | Chapter 4: Ratios, Rates and Proportions",4-1-nisbah,4.1 Nisbah | 4.1 Ratios,objective,Ungkapkan 40 cm kepada 1.6 m sebagai nisbah termudah. / Express 40 cm to 1.6 m as a simplest ratio.,,,,,,"Jawapan / Answer: 1 : 4. Cara / Method: Tulis kuantiti dalam unit yang sama, ringkaskan dengan membahagi semua sebutan oleh faktor sepunya terbesar. / Write quantities in the same units and simplify by dividing all terms by their greatest common factor. Oleh itu / Therefore: 1 : 4.",,
bab4,"Bab 4: Nisbah, Kadar dan Kadaran | Chapter 4: Ratios, Rates and Proportions",4-1-nisbah,4.1 Nisbah | 4.1 Ratios,objective,Permudahkan nisbah 18 : 24. / Simplify the ratio 18 : 24.,,,,,,"Jawapan / Answer: 3 : 4. Cara / Method: Tulis kuantiti dalam unit yang sama, ringkaskan dengan membahagi semua sebutan oleh faktor sepunya terbesar. / Write quantities in the same units and simplify by dividing all terms by their greatest common factor. Oleh itu / Therefore: 3 : 4.",,
bab4,"Bab 4: Nisbah, Kadar dan Kadaran | Chapter 4: Ratios, Rates and Proportions",4-2-kadar,4.2 Kadar | 4.2 Rates,summary,Kadar ialah perbandingan antara dua kuantiti berbeza unit.,A rate compares two quantities with different units.,,,,,,,
bab4,"Bab 4: Nisbah, Kadar dan Kadaran | Chapter 4: Ratios, Rates and Proportions",4-2-kadar,4.2 Kadar | 4.2 Rates,fact,Laju (km/j) dan ketumpatan (g/cm³) ialah contoh kadar.,Speed (km/h) and density (g/cm³) are examples of rates.,,,,,,,
bab4,"Bab 4: Nisbah, Kadar dan Kadaran | Chapter 4: Ratios, Rates and Proportions",4-2-kadar,4.2 Kadar | 4.2 Rates,fact,Kadar unit mengukur kuantiti per satu unit kuantiti lain.,Unit rate measures quantity per single unit of another measurement.,,,,,,,
bab4,"Bab 4: Nisbah, Kadar dan Kadaran | Chapter 4: Ratios, Rates and Proportions",4-2-kadar,4.2 Kadar | 4.2 Rates,person,Mendefinisikan kadar perubahan dalam hukum fizik dan gerakan.,Defined rates of change in physical laws and motion.,,,,,,Isaac Newton,Ahli Fizik / Physicist
bab4,"Bab 4: Nisbah, Kadar dan Kadaran | Chapter 4: Ratios, Rates and Proportions",4-2-kadar,4.2 Kadar | 4.2 Rates,multiple_choice,Sebuah kereta bergerak 120 km dalam masa 2 jam. Berapakah lajunya? / A car travels 120 km in 2 hours. What is its speed?,,60 km/j,240 km/j,50 km/j,100 km/j,Jawapan / Answer: 60 km/j. Cara / Method: Tulis kadar sebagai kuantiti pertama per unit kuantiti kedua dan pastikan unitnya sesuai. / Write the rate as the first quantity per unit of the second quantity and ensure the units are compatible. Oleh itu / Therefore: 60 km/j.,,
bab4,"Bab 4: Nisbah, Kadar dan Kadaran | Chapter 4: Ratios, Rates and Proportions",4-2-kadar,4.2 Kadar | 4.2 Rates,multiple_choice,"Jika RM15 dibayar untuk 3 kg epal, berapakah kadar harga per kg? / If RM15 is paid for 3 kg of apples, what is the rate per kg?",,RM5/kg,RM3/kg,RM4/kg,RM15/kg,Jawapan / Answer: RM5/kg. Cara / Method: Tulis kadar sebagai kuantiti pertama per unit kuantiti kedua dan pastikan unitnya sesuai. / Write the rate as the first quantity per unit of the second quantity and ensure the units are compatible. Oleh itu / Therefore: RM5/kg.,,
bab4,"Bab 4: Nisbah, Kadar dan Kadaran | Chapter 4: Ratios, Rates and Proportions",4-2-kadar,4.2 Kadar | 4.2 Rates,multiple_choice,Tukarkan 90 km/j kepada m/s. / Convert 90 km/h to m/s.,,25 m/s,20 m/s,30 m/s,15 m/s,Jawapan / Answer: 25 m/s. Cara / Method: Tulis kadar sebagai kuantiti pertama per unit kuantiti kedua dan pastikan unitnya sesuai. / Write the rate as the first quantity per unit of the second quantity and ensure the units are compatible. Oleh itu / Therefore: 25 m/s.,,
bab4,"Bab 4: Nisbah, Kadar dan Kadaran | Chapter 4: Ratios, Rates and Proportions",4-2-kadar,4.2 Kadar | 4.2 Rates,multiple_choice,Sebuah pam mengalirkan 50 liter air dalam 5 minit. Cari kadar aliran per minit. / A pump flows 50 liters of water in 5 minutes. Find the flow rate per minute.,,10 liter/minit,5 liter/minit,25 liter/minit,2 liter/minit,Jawapan / Answer: 10 liter/minit. Cara / Method: Tulis kadar sebagai kuantiti pertama per unit kuantiti kedua dan pastikan unitnya sesuai. / Write the rate as the first quantity per unit of the second quantity and ensure the units are compatible. Oleh itu / Therefore: 10 liter/minit.,,
bab4,"Bab 4: Nisbah, Kadar dan Kadaran | Chapter 4: Ratios, Rates and Proportions",4-2-kadar,4.2 Kadar | 4.2 Rates,multiple_choice,Seorang pekerja dibayar RM80 untuk 8 jam kerja. Berapakah kadar upah sejam? / A worker is paid RM80 for 8 hours. What is the hourly rate?,,RM10/jam,RM8/jam,RM12/jam,RM15/jam,Jawapan / Answer: RM10/jam. Cara / Method: Tulis kadar sebagai kuantiti pertama per unit kuantiti kedua dan pastikan unitnya sesuai. / Write the rate as the first quantity per unit of the second quantity and ensure the units are compatible. Oleh itu / Therefore: RM10/jam.,,
bab4,"Bab 4: Nisbah, Kadar dan Kadaran | Chapter 4: Ratios, Rates and Proportions",4-2-kadar,4.2 Kadar | 4.2 Rates,objective,Hitung laju kereta yang bergerak 150 km dalam 2.5 jam. / Calculate the speed of a car traveling 150 km in 2.5 hours.,,,,,,Jawapan / Answer: 60 km/j. Cara / Method: Tulis kadar sebagai kuantiti pertama per unit kuantiti kedua dan pastikan unitnya sesuai. / Write the rate as the first quantity per unit of the second quantity and ensure the units are compatible. Oleh itu / Therefore: 60 km/j.,,
bab4,"Bab 4: Nisbah, Kadar dan Kadaran | Chapter 4: Ratios, Rates and Proportions",4-2-kadar,4.2 Kadar | 4.2 Rates,objective,Cari harga per unit jika 4 buah buku berharga RM28. / Find the unit price if 4 books cost RM28.,,,,,,Jawapan / Answer: RM7. Cara / Method: Tulis kadar sebagai kuantiti pertama per unit kuantiti kedua dan pastikan unitnya sesuai. / Write the rate as the first quantity per unit of the second quantity and ensure the units are compatible. Oleh itu / Therefore: RM7.,,
bab4,"Bab 4: Nisbah, Kadar dan Kadaran | Chapter 4: Ratios, Rates and Proportions",4-3-kadaran,4.3 Kadaran | 4.3 Proportions,summary,Kadaran menunjukkan kesamaan antara dua nisbah atau dua kadar.,Proportion shows that two ratios or rates are equal.,,,,,,,
bab4,"Bab 4: Nisbah, Kadar dan Kadaran | Chapter 4: Ratios, Rates and Proportions",4-3-kadaran,4.3 Kadaran | 4.3 Proportions,fact,"Jika a/b = c/d, maka pendaraban silang ad = bc adalah benar.","If a/b = c/d, then cross-multiplication ad = bc is true.",,,,,,,
bab4,"Bab 4: Nisbah, Kadar dan Kadaran | Chapter 4: Ratios, Rates and Proportions",4-3-kadaran,4.3 Kadaran | 4.3 Proportions,fact,Kaedah kadaran digunakan dalam pemetaan dan skala model.,Proportion methods are used in mapping and scale models.,,,,,,,
bab4,"Bab 4: Nisbah, Kadar dan Kadaran | Chapter 4: Ratios, Rates and Proportions",4-3-kadaran,4.3 Kadaran | 4.3 Proportions,person,Merumuskan teori kadaran geometri dalam matematik Yunani.,Formulated the theory of geometric proportions in Greek mathematics.,,,,,,Eudoxus dari Cnidus,Ahli Matematik / Mathematician
bab4,"Bab 4: Nisbah, Kadar dan Kadaran | Chapter 4: Ratios, Rates and Proportions",4-3-kadaran,4.3 Kadaran | 4.3 Proportions,multiple_choice,"Jika x/4 = 6/8, cari nilai x. / If x/4 = 6/8, find the value of x.",,3,4,2,6,Jawapan / Answer: 3. Cara / Method: Bina dua nisbah setara dan gunakan darab silang atau faktor skala untuk mencari nilai yang tidak diketahui. / Form two equivalent ratios and use cross-multiplication or a scale factor to find the unknown. Oleh itu / Therefore: 3.,,
bab4,"Bab 4: Nisbah, Kadar dan Kadaran | Chapter 4: Ratios, Rates and Proportions",4-3-kadaran,4.3 Kadaran | 4.3 Proportions,multiple_choice,Selesaikan kadaran: 2/5 = 8/y. / Solve the proportion: 2/5 = 8/y.,,20,10,16,40,Jawapan / Answer: 20. Cara / Method: Bina dua nisbah setara dan gunakan darab silang atau faktor skala untuk mencari nilai yang tidak diketahui. / Form two equivalent ratios and use cross-multiplication or a scale factor to find the unknown. Oleh itu / Therefore: 20.,,
bab4,"Bab 4: Nisbah, Kadar dan Kadaran | Chapter 4: Ratios, Rates and Proportions",4-3-kadaran,4.3 Kadaran | 4.3 Proportions,multiple_choice,"Jika 3 kg beras berharga RM12, berapakah harga 5 kg beras? / If 3 kg of rice costs RM12, what is the cost of 5 kg of rice?",,RM20,RM15,RM18,RM25,Jawapan / Answer: RM20. Cara / Method: Bina dua nisbah setara dan gunakan darab silang atau faktor skala untuk mencari nilai yang tidak diketahui. / Form two equivalent ratios and use cross-multiplication or a scale factor to find the unknown. Oleh itu / Therefore: RM20.,,
bab4,"Bab 4: Nisbah, Kadar dan Kadaran | Chapter 4: Ratios, Rates and Proportions",4-3-kadaran,4.3 Kadaran | 4.3 Proportions,multiple_choice,Cari nilai n jika 4 : 7 = 12 : n. / Find the value of n if 4 : 7 = 12 : n.,,21,14,28,35,Jawapan / Answer: 21. Cara / Method: Bina dua nisbah setara dan gunakan darab silang atau faktor skala untuk mencari nilai yang tidak diketahui. / Form two equivalent ratios and use cross-multiplication or a scale factor to find the unknown. Oleh itu / Therefore: 21.,,
bab4,"Bab 4: Nisbah, Kadar dan Kadaran | Chapter 4: Ratios, Rates and Proportions",4-3-kadaran,4.3 Kadaran | 4.3 Proportions,multiple_choice,"Jika 5 orang pekerja menyiap kerja dalam 4 hari, berapa harikah 10 orang pekerja (kadaran songsang)? / If 5 workers finish a job in 4 days, how many days for 10 workers (inverse proportion)?",,2 hari,8 hari,4 hari,1 hari,Jawapan / Answer: 2 hari. Cara / Method: Bina dua nisbah setara dan gunakan darab silang atau faktor skala untuk mencari nilai yang tidak diketahui. / Form two equivalent ratios and use cross-multiplication or a scale factor to find the unknown. Oleh itu / Therefore: 2 hari.,,
bab4,"Bab 4: Nisbah, Kadar dan Kadaran | Chapter 4: Ratios, Rates and Proportions",4-3-kadaran,4.3 Kadaran | 4.3 Proportions,objective,Selesaikan: 3/x = 9/15. / Solve: 3/x = 9/15.,,,,,,Jawapan / Answer: 5. Cara / Method: Bina dua nisbah setara dan gunakan darab silang atau faktor skala untuk mencari nilai yang tidak diketahui. / Form two equivalent ratios and use cross-multiplication or a scale factor to find the unknown. Oleh itu / Therefore: 5.,,
bab4,"Bab 4: Nisbah, Kadar dan Kadaran | Chapter 4: Ratios, Rates and Proportions",4-3-kadaran,4.3 Kadaran | 4.3 Proportions,objective,"Jika 2 liter cat boleh mengecat 10 m², berapa liter cat diperlukan untuk 35 m²? / If 2 liters of paint cover 10 m², how many liters are needed for 35 m²?",,,,,,Jawapan / Answer: 7 liter. Cara / Method: Bina dua nisbah setara dan gunakan darab silang atau faktor skala untuk mencari nilai yang tidak diketahui. / Form two equivalent ratios and use cross-multiplication or a scale factor to find the unknown. Oleh itu / Therefore: 7 liter.,,
bab4,"Bab 4: Nisbah, Kadar dan Kadaran | Chapter 4: Ratios, Rates and Proportions",4-4-nisbah-kadar-kadaran,"4.4 Nisbah, Kadar dan Kadaran | 4.4 Ratios, Rates and Proportions",summary,"Pengaplikasian gabungan nisbah, kadar, dan kadaran dalam situasi harian.","Combined application of ratios, rates, and proportions in daily scenarios.",,,,,,,
bab4,"Bab 4: Nisbah, Kadar dan Kadaran | Chapter 4: Ratios, Rates and Proportions",4-4-nisbah-kadar-kadaran,"4.4 Nisbah, Kadar dan Kadaran | 4.4 Ratios, Rates and Proportions",fact,Pertukaran mata wang menggunakan kadar tetap dan kadaran.,Currency exchange uses fixed rates and proportions.,,,,,,,
bab4,"Bab 4: Nisbah, Kadar dan Kadaran | Chapter 4: Ratios, Rates and Proportions",4-4-nisbah-kadar-kadaran,"4.4 Nisbah, Kadar dan Kadaran | 4.4 Ratios, Rates and Proportions",fact,Skala lukisan diungkapkan sebagai nisbah ukuran lukisan kepada ukuran sebenar.,Drawing scale is expressed as the ratio of drawing size to actual size.,,,,,,,
bab4,"Bab 4: Nisbah, Kadar dan Kadaran | Chapter 4: Ratios, Rates and Proportions",4-4-nisbah-kadar-kadaran,"4.4 Nisbah, Kadar dan Kadaran | 4.4 Ratios, Rates and Proportions",person,Mengaplikasikan nisbah dan skala dalam pelan binaan klasik.,Applied ratios and scales in classical architectural plans.,,,,,,Vitruvius,Jurubina Rom / Roman Architect
bab4,"Bab 4: Nisbah, Kadar dan Kadaran | Chapter 4: Ratios, Rates and Proportions",4-4-nisbah-kadar-kadaran,"4.4 Nisbah, Kadar dan Kadaran | 4.4 Ratios, Rates and Proportions",multiple_choice,"Jika skala peta ialah 1 : 100 000, 1 cm mewakili berapa km? / If a map scale is 1 : 100 000, 1 cm represents how many km?",,1 km,10 km,0.1 km,100 km,"Jawapan / Answer: 1 km. Cara / Method: Kenal pasti sama ada soalan melibatkan nisbah, kadar atau kadaran, kemudian gunakan unit dan hubungan yang sepadan. / Identify whether the question uses a ratio, rate or proportion, then use the matching units and relationship. Oleh itu / Therefore: 1 km.",,
bab4,"Bab 4: Nisbah, Kadar dan Kadaran | Chapter 4: Ratios, Rates and Proportions",4-4-nisbah-kadar-kadaran,"4.4 Nisbah, Kadar dan Kadaran | 4.4 Ratios, Rates and Proportions",multiple_choice,Tukarkan 72 km/j kepada m/s. / Convert 72 km/h to m/s.,,20 m/s,15 m/s,25 m/s,10 m/s,"Jawapan / Answer: 20 m/s. Cara / Method: Kenal pasti sama ada soalan melibatkan nisbah, kadar atau kadaran, kemudian gunakan unit dan hubungan yang sepadan. / Identify whether the question uses a ratio, rate or proportion, then use the matching units and relationship. Oleh itu / Therefore: 20 m/s.",,
bab4,"Bab 4: Nisbah, Kadar dan Kadaran | Chapter 4: Ratios, Rates and Proportions",4-4-nisbah-kadar-kadaran,"4.4 Nisbah, Kadar dan Kadaran | 4.4 Ratios, Rates and Proportions",multiple_choice,Kadar pertukaran ialah USD 1 = RM 4.20. Berapakah nilai RM 420 dalam USD? / Exchange rate is USD 1 = RM 4.20. What is RM 420 in USD?,,USD 100,USD 10,USD 42,USD 1000,"Jawapan / Answer: USD 100. Cara / Method: Kenal pasti sama ada soalan melibatkan nisbah, kadar atau kadaran, kemudian gunakan unit dan hubungan yang sepadan. / Identify whether the question uses a ratio, rate or proportion, then use the matching units and relationship. Oleh itu / Therefore: USD 100.",,
bab4,"Bab 4: Nisbah, Kadar dan Kadaran | Chapter 4: Ratios, Rates and Proportions",4-4-nisbah-kadar-kadaran,"4.4 Nisbah, Kadar dan Kadaran | 4.4 Ratios, Rates and Proportions",multiple_choice,"Panjang pada peta ialah 4 cm. Jika skala 1 : 50 000, cari panjang sebenar dalam km. / Length on map is 4 cm. If scale is 1 : 50 000, find actual length in km.",,2 km,20 km,0.2 km,5 km,"Jawapan / Answer: 2 km. Cara / Method: Kenal pasti sama ada soalan melibatkan nisbah, kadar atau kadaran, kemudian gunakan unit dan hubungan yang sepadan. / Identify whether the question uses a ratio, rate or proportion, then use the matching units and relationship. Oleh itu / Therefore: 2 km.",,
bab4,"Bab 4: Nisbah, Kadar dan Kadaran | Chapter 4: Ratios, Rates and Proportions",4-4-nisbah-kadar-kadaran,"4.4 Nisbah, Kadar dan Kadaran | 4.4 Ratios, Rates and Proportions",multiple_choice,"Jika 250 ml jus mengandungi 30g gula, berapakah gula dalam 1 liter jus? / If 250 ml of juice contains 30g of sugar, how much sugar is in 1 liter of juice?",,120g,60g,90g,150g,"Jawapan / Answer: 120g. Cara / Method: Kenal pasti sama ada soalan melibatkan nisbah, kadar atau kadaran, kemudian gunakan unit dan hubungan yang sepadan. / Identify whether the question uses a ratio, rate or proportion, then use the matching units and relationship. Oleh itu / Therefore: 120g.",,
bab4,"Bab 4: Nisbah, Kadar dan Kadaran | Chapter 4: Ratios, Rates and Proportions",4-4-nisbah-kadar-kadaran,"4.4 Nisbah, Kadar dan Kadaran | 4.4 Ratios, Rates and Proportions",objective,Tukarkan 36 km/j kepada m/s. / Convert 36 km/h to m/s.,,,,,,"Jawapan / Answer: 10 m/s. Cara / Method: Kenal pasti sama ada soalan melibatkan nisbah, kadar atau kadaran, kemudian gunakan unit dan hubungan yang sepadan. / Identify whether the question uses a ratio, rate or proportion, then use the matching units and relationship. Oleh itu / Therefore: 10 m/s.",,
bab4,"Bab 4: Nisbah, Kadar dan Kadaran | Chapter 4: Ratios, Rates and Proportions",4-4-nisbah-kadar-kadaran,"4.4 Nisbah, Kadar dan Kadaran | 4.4 Ratios, Rates and Proportions",objective,Cari jarak sebenar dalam km jika jarak pada peta berskala 1 : 200 000 ialah 5 cm. / Find actual distance in km if map distance at scale 1 : 200 000 is 5 cm.,,,,,,"Jawapan / Answer: 10 km. Cara / Method: Kenal pasti sama ada soalan melibatkan nisbah, kadar atau kadaran, kemudian gunakan unit dan hubungan yang sepadan. / Identify whether the question uses a ratio, rate or proportion, then use the matching units and relationship. Oleh itu / Therefore: 10 km.",,
bab4,"Bab 4: Nisbah, Kadar dan Kadaran | Chapter 4: Ratios, Rates and Proportions",4-5-perkaitan-nisbah-peratusan,"4.5 Perkaitan antara Nisbah, Kadar dan Kadaran dengan Peratusan, Pecahan dan Perpuluhan | 4.5 Relationship between Ratios, Rates and Proportions with Percentages, Fractions and Decimals",summary,"Nisbah dan kadar boleh ditukarkan kepada pecahan, perpuluhan, dan peratusan.","Ratios and rates can be converted into fractions, decimals, and percentages.",,,,,,,
bab4,"Bab 4: Nisbah, Kadar dan Kadaran | Chapter 4: Ratios, Rates and Proportions",4-5-perkaitan-nisbah-peratusan,"4.5 Perkaitan antara Nisbah, Kadar dan Kadaran dengan Peratusan, Pecahan dan Perpuluhan | 4.5 Relationship between Ratios, Rates and Proportions with Percentages, Fractions and Decimals",fact,Peratusan ialah pecahan dengan penyebut 100.,Percentage is a fraction with a denominator of 100.,,,,,,,
bab4,"Bab 4: Nisbah, Kadar dan Kadaran | Chapter 4: Ratios, Rates and Proportions",4-5-perkaitan-nisbah-peratusan,"4.5 Perkaitan antara Nisbah, Kadar dan Kadaran dengan Peratusan, Pecahan dan Perpuluhan | 4.5 Relationship between Ratios, Rates and Proportions with Percentages, Fractions and Decimals",fact,Nisbah 1 : 4 bersamaan dengan 25% atau 0.25.,The ratio 1 : 4 equals 25% or 0.25.,,,,,,,
bab4,"Bab 4: Nisbah, Kadar dan Kadaran | Chapter 4: Ratios, Rates and Proportions",4-5-perkaitan-nisbah-peratusan,"4.5 Perkaitan antara Nisbah, Kadar dan Kadaran dengan Peratusan, Pecahan dan Perpuluhan | 4.5 Relationship between Ratios, Rates and Proportions with Percentages, Fractions and Decimals",person,Pengasas perakaunan yang menggunakan peratus dan nisbah secara meluas.,Founder of accounting using percentages and ratios extensively.,,,,,,Luca Pacioli,Bapa Perakaunan / Father of Accounting
bab4,"Bab 4: Nisbah, Kadar dan Kadaran | Chapter 4: Ratios, Rates and Proportions",4-5-perkaitan-nisbah-peratusan,"4.5 Perkaitan antara Nisbah, Kadar dan Kadaran dengan Peratusan, Pecahan dan Perpuluhan | 4.5 Relationship between Ratios, Rates and Proportions with Percentages, Fractions and Decimals",multiple_choice,Ungkapkan nisbah 3 : 5 sebagai peratusan. / Express the ratio 3 : 5 as a percentage.,,60%,30%,50%,75%,"Jawapan / Answer: 60%. Cara / Method: Tukar semua nilai kepada bentuk yang sama, contohnya pecahan, perpuluhan atau peratus, sebelum membandingkan atau mengira. / Convert all values to the same form, such as fractions, decimals or percentages, before comparing or calculating. Oleh itu / Therefore: 60%.",,
bab4,"Bab 4: Nisbah, Kadar dan Kadaran | Chapter 4: Ratios, Rates and Proportions",4-5-perkaitan-nisbah-peratusan,"4.5 Perkaitan antara Nisbah, Kadar dan Kadaran dengan Peratusan, Pecahan dan Perpuluhan | 4.5 Relationship between Ratios, Rates and Proportions with Percentages, Fractions and Decimals",multiple_choice,Tukarkan 40% kepada pecahan termudah. / Convert 40% to its simplest fraction.,,2/5,4/10,1/4,4/5,"Jawapan / Answer: 2/5. Cara / Method: Tukar semua nilai kepada bentuk yang sama, contohnya pecahan, perpuluhan atau peratus, sebelum membandingkan atau mengira. / Convert all values to the same form, such as fractions, decimals or percentages, before comparing or calculating. Oleh itu / Therefore: 2/5.",,
bab4,"Bab 4: Nisbah, Kadar dan Kadaran | Chapter 4: Ratios, Rates and Proportions",4-5-perkaitan-nisbah-peratusan,"4.5 Perkaitan antara Nisbah, Kadar dan Kadaran dengan Peratusan, Pecahan dan Perpuluhan | 4.5 Relationship between Ratios, Rates and Proportions with Percentages, Fractions and Decimals",multiple_choice,Tukarkan 0.15 kepada peratusan. / Convert 0.15 to a percentage.,,15%,1.5%,150%,0.15%,"Jawapan / Answer: 15%. Cara / Method: Tukar semua nilai kepada bentuk yang sama, contohnya pecahan, perpuluhan atau peratus, sebelum membandingkan atau mengira. / Convert all values to the same form, such as fractions, decimals or percentages, before comparing or calculating. Oleh itu / Therefore: 15%.",,
bab4,"Bab 4: Nisbah, Kadar dan Kadaran | Chapter 4: Ratios, Rates and Proportions",4-5-perkaitan-nisbah-peratusan,"4.5 Perkaitan antara Nisbah, Kadar dan Kadaran dengan Peratusan, Pecahan dan Perpuluhan | 4.5 Relationship between Ratios, Rates and Proportions with Percentages, Fractions and Decimals",multiple_choice,Nisbah 1 : 2 bersamaan dengan perpuluhan: / The ratio 1 : 2 is equivalent to decimal:,,0.5,0.2,0.25,0.12,"Jawapan / Answer: 0.5. Cara / Method: Tukar semua nilai kepada bentuk yang sama, contohnya pecahan, perpuluhan atau peratus, sebelum membandingkan atau mengira. / Convert all values to the same form, such as fractions, decimals or percentages, before comparing or calculating. Oleh itu / Therefore: 0.5.",,
bab4,"Bab 4: Nisbah, Kadar dan Kadaran | Chapter 4: Ratios, Rates and Proportions",4-5-perkaitan-nisbah-peratusan,"4.5 Perkaitan antara Nisbah, Kadar dan Kadaran dengan Peratusan, Pecahan dan Perpuluhan | 4.5 Relationship between Ratios, Rates and Proportions with Percentages, Fractions and Decimals",multiple_choice,Apakah 35% daripada 200? / What is 35% of 200?,,70,35,50,80,"Jawapan / Answer: 70. Cara / Method: Tukar semua nilai kepada bentuk yang sama, contohnya pecahan, perpuluhan atau peratus, sebelum membandingkan atau mengira. / Convert all values to the same form, such as fractions, decimals or percentages, before comparing or calculating. Oleh itu / Therefore: 70.",,
bab4,"Bab 4: Nisbah, Kadar dan Kadaran | Chapter 4: Ratios, Rates and Proportions",4-5-perkaitan-nisbah-peratusan,"4.5 Perkaitan antara Nisbah, Kadar dan Kadaran dengan Peratusan, Pecahan dan Perpuluhan | 4.5 Relationship between Ratios, Rates and Proportions with Percentages, Fractions and Decimals",objective,Tukarkan nisbah 1 : 4 kepada peratusan. / Convert the ratio 1 : 4 to percentage.,,,,,,"Jawapan / Answer: 25%. Cara / Method: Tukar semua nilai kepada bentuk yang sama, contohnya pecahan, perpuluhan atau peratus, sebelum membandingkan atau mengira. / Convert all values to the same form, such as fractions, decimals or percentages, before comparing or calculating. Oleh itu / Therefore: 25%.",,
bab4,"Bab 4: Nisbah, Kadar dan Kadaran | Chapter 4: Ratios, Rates and Proportions",4-5-perkaitan-nisbah-peratusan,"4.5 Perkaitan antara Nisbah, Kadar dan Kadaran dengan Peratusan, Pecahan dan Perpuluhan | 4.5 Relationship between Ratios, Rates and Proportions with Percentages, Fractions and Decimals",objective,Tulis 80% dalam bentuk pecahan termudah. / Write 80% in simplest fraction form.,,,,,,"Jawapan / Answer: 4/5. Cara / Method: Tukar semua nilai kepada bentuk yang sama, contohnya pecahan, perpuluhan atau peratus, sebelum membandingkan atau mengira. / Convert all values to the same form, such as fractions, decimals or percentages, before comparing or calculating. Oleh itu / Therefore: 4/5.",,
bab5,Bab 5: Ungkapan Algebra | Chapter 5: Algebraic Expressions,5-1-pemboleh-ubah,5.1 Pemboleh Ubah dan Ungkapan Algebra | 5.1 Variables and Algebraic Expressions,summary,Pemboleh ubah mewakili kuantiti tidak diketahui; ungkapan algebra mengandungi pemboleh ubah dan nombor.,A variable represents an unknown quantity; algebraic expressions contain variables and numbers.,,,,,,,
bab5,Bab 5: Ungkapan Algebra | Chapter 5: Algebraic Expressions,5-1-pemboleh-ubah,5.1 Pemboleh Ubah dan Ungkapan Algebra | 5.1 Variables and Algebraic Expressions,fact,"Huruf seperti x, y, z digunakan untuk mewakili pemboleh ubah.","Letters like x, y, z are used to represent variables.",,,,,,,
bab5,Bab 5: Ungkapan Algebra | Chapter 5: Algebraic Expressions,5-1-pemboleh-ubah,5.1 Pemboleh Ubah dan Ungkapan Algebra | 5.1 Variables and Algebraic Expressions,fact,Sebutan algebra terdiri daripada pekali dan pemboleh ubah.,An algebraic term consists of a coefficient and variables.,,,,,,,
bab5,Bab 5: Ungkapan Algebra | Chapter 5: Algebraic Expressions,5-1-pemboleh-ubah,5.1 Pemboleh Ubah dan Ungkapan Algebra | 5.1 Variables and Algebraic Expressions,person,Pelopor penggunaan pemboleh ubah dalam kitab al-Jabr.,Pioneer of variable usage in his book al-Jabr.,,,,,,Al-Khwarizmi,Ahli Matematik / Mathematician
bab5,Bab 5: Ungkapan Algebra | Chapter 5: Algebraic Expressions,5-1-pemboleh-ubah,5.1 Pemboleh Ubah dan Ungkapan Algebra | 5.1 Variables and Algebraic Expressions,multiple_choice,Apakah pekali bagi x dalam sebutan -7x? / What is the coefficient of x in the term -7x?,,-7,7,x,-1,"Jawapan / Answer: -7. Cara / Method: Kenal pasti pemboleh ubah, pekali dan sebutan; gabungkan hanya sebutan sejenis. / Identify variables, coefficients and terms; combine only like terms. Oleh itu / Therefore: -7.",,
bab5,Bab 5: Ungkapan Algebra | Chapter 5: Algebraic Expressions,5-1-pemboleh-ubah,5.1 Pemboleh Ubah dan Ungkapan Algebra | 5.1 Variables and Algebraic Expressions,multiple_choice,Permudahkan: 3x + 2x. / Simplify: 3x + 2x.,,5x,6x,5x²,x,"Jawapan / Answer: 5x. Cara / Method: Kenal pasti pemboleh ubah, pekali dan sebutan; gabungkan hanya sebutan sejenis. / Identify variables, coefficients and terms; combine only like terms. Oleh itu / Therefore: 5x.",,
bab5,Bab 5: Ungkapan Algebra | Chapter 5: Algebraic Expressions,5-1-pemboleh-ubah,5.1 Pemboleh Ubah dan Ungkapan Algebra | 5.1 Variables and Algebraic Expressions,multiple_choice,"Antara berikut, yang manakah sebutan serupa bagi 4y? / Which of the following is a like term to 4y?",,-2y,4x,4y²,4,"Jawapan / Answer: -2y. Cara / Method: Kenal pasti pemboleh ubah, pekali dan sebutan; gabungkan hanya sebutan sejenis. / Identify variables, coefficients and terms; combine only like terms. Oleh itu / Therefore: -2y.",,
bab5,Bab 5: Ungkapan Algebra | Chapter 5: Algebraic Expressions,5-1-pemboleh-ubah,5.1 Pemboleh Ubah dan Ungkapan Algebra | 5.1 Variables and Algebraic Expressions,multiple_choice,Nilaikan 2x + 3 apabila x = 4. / Evaluate 2x + 3 when x = 4.,,11,9,14,24,"Jawapan / Answer: 11. Cara / Method: Kenal pasti pemboleh ubah, pekali dan sebutan; gabungkan hanya sebutan sejenis. / Identify variables, coefficients and terms; combine only like terms. Oleh itu / Therefore: 11.",,
bab5,Bab 5: Ungkapan Algebra | Chapter 5: Algebraic Expressions,5-1-pemboleh-ubah,5.1 Pemboleh Ubah dan Ungkapan Algebra | 5.1 Variables and Algebraic Expressions,multiple_choice,Tulis ungkapan algebra: 5 lebih daripada x. / Write algebraic expression: 5 more than x.,,x + 5,5x,x - 5,5/x,"Jawapan / Answer: x + 5. Cara / Method: Kenal pasti pemboleh ubah, pekali dan sebutan; gabungkan hanya sebutan sejenis. / Identify variables, coefficients and terms; combine only like terms. Oleh itu / Therefore: x + 5.",,
bab5,Bab 5: Ungkapan Algebra | Chapter 5: Algebraic Expressions,5-1-pemboleh-ubah,5.1 Pemboleh Ubah dan Ungkapan Algebra | 5.1 Variables and Algebraic Expressions,objective,Nilaikan 3a - 2b jika a = 4 dan b = 5. / Evaluate 3a - 2b if a = 4 and b = 5.,,,,,,"Jawapan / Answer: 2. Cara / Method: Kenal pasti pemboleh ubah, pekali dan sebutan; gabungkan hanya sebutan sejenis. / Identify variables, coefficients and terms; combine only like terms. Oleh itu / Therefore: 2.",,
bab5,Bab 5: Ungkapan Algebra | Chapter 5: Algebraic Expressions,5-1-pemboleh-ubah,5.1 Pemboleh Ubah dan Ungkapan Algebra | 5.1 Variables and Algebraic Expressions,objective,Nyatakan pekali bagi y dalam sebutan -y/3. / State the coefficient of y in the term -y/3.,,,,,,"Jawapan / Answer: -1/3. Cara / Method: Kenal pasti pemboleh ubah, pekali dan sebutan; gabungkan hanya sebutan sejenis. / Identify variables, coefficients and terms; combine only like terms. Oleh itu / Therefore: -1/3.",,
bab5,Bab 5: Ungkapan Algebra | Chapter 5: Algebraic Expressions,5-2-ungkapan-algebra-operasi,5.2 Ungkapan Algebra yang Melibatkan Operasi Asas Aritmetik | 5.2 Algebraic Expressions Involving Basic Arithmetic Operations,summary,Operasi aritmetik boleh dilakukan pada sebutan serupa dalam ungkapan algebra.,Arithmetic operations can be performed on like terms in algebraic expressions.,,,,,,,
bab5,Bab 5: Ungkapan Algebra | Chapter 5: Algebraic Expressions,5-2-ungkapan-algebra-operasi,5.2 Ungkapan Algebra yang Melibatkan Operasi Asas Aritmetik | 5.2 Algebraic Expressions Involving Basic Arithmetic Operations,fact,Sebutan serupa mempunyai pemboleh ubah yang sama dengan kuasa yang sama.,Like terms have identical variables with identical powers.,,,,,,,
bab5,Bab 5: Ungkapan Algebra | Chapter 5: Algebraic Expressions,5-2-ungkapan-algebra-operasi,5.2 Ungkapan Algebra yang Melibatkan Operasi Asas Aritmetik | 5.2 Algebraic Expressions Involving Basic Arithmetic Operations,fact,Kembangan kurungan mengguna hukum kalis agihan.,Expanding brackets utilizes the distributive law.,,,,,,,
bab5,Bab 5: Ungkapan Algebra | Chapter 5: Algebraic Expressions,5-2-ungkapan-algebra-operasi,5.2 Ungkapan Algebra yang Melibatkan Operasi Asas Aritmetik | 5.2 Algebraic Expressions Involving Basic Arithmetic Operations,person,Memperkenalkan tatatanda algebra simbolik secara sistematik.,Introduced symbolic algebraic notation systematically.,,,,,,François Viète,Ahli Matematik / Mathematician
bab5,Bab 5: Ungkapan Algebra | Chapter 5: Algebraic Expressions,5-2-ungkapan-algebra-operasi,5.2 Ungkapan Algebra yang Melibatkan Operasi Asas Aritmetik | 5.2 Algebraic Expressions Involving Basic Arithmetic Operations,multiple_choice,Permudahkan (4x + 3y) - (2x - y). / Simplify (4x + 3y) - (2x - y).,,2x + 4y,2x + 2y,6x + 4y,2x - 4y,Jawapan / Answer: 2x + 4y. Cara / Method: Gunakan hukum pengembangan dan gabungkan sebutan sejenis sambil mengekalkan tanda operasi. / Use expansion rules and combine like terms while preserving operation signs. Oleh itu / Therefore: 2x + 4y.,,
bab5,Bab 5: Ungkapan Algebra | Chapter 5: Algebraic Expressions,5-2-ungkapan-algebra-operasi,5.2 Ungkapan Algebra yang Melibatkan Operasi Asas Aritmetik | 5.2 Algebraic Expressions Involving Basic Arithmetic Operations,multiple_choice,Kembangkan: 3(2a + 5). / Expand: 3(2a + 5).,,6a + 15,6a + 5,5a + 15,6a + 8,Jawapan / Answer: 6a + 15. Cara / Method: Gunakan hukum pengembangan dan gabungkan sebutan sejenis sambil mengekalkan tanda operasi. / Use expansion rules and combine like terms while preserving operation signs. Oleh itu / Therefore: 6a + 15.,,
bab5,Bab 5: Ungkapan Algebra | Chapter 5: Algebraic Expressions,5-2-ungkapan-algebra-operasi,5.2 Ungkapan Algebra yang Melibatkan Operasi Asas Aritmetik | 5.2 Algebraic Expressions Involving Basic Arithmetic Operations,multiple_choice,Permudahkan: 5p - 2q + 3p + 7q. / Simplify: 5p - 2q + 3p + 7q.,,8p + 5q,8p - 9q,2p + 5q,15p + 14q,Jawapan / Answer: 8p + 5q. Cara / Method: Gunakan hukum pengembangan dan gabungkan sebutan sejenis sambil mengekalkan tanda operasi. / Use expansion rules and combine like terms while preserving operation signs. Oleh itu / Therefore: 8p + 5q.,,
bab5,Bab 5: Ungkapan Algebra | Chapter 5: Algebraic Expressions,5-2-ungkapan-algebra-operasi,5.2 Ungkapan Algebra yang Melibatkan Operasi Asas Aritmetik | 5.2 Algebraic Expressions Involving Basic Arithmetic Operations,multiple_choice,Hitung (2x) × (4y). / Calculate (2x) × (4y).,,8xy,6xy,8x²y²,2x4y,Jawapan / Answer: 8xy. Cara / Method: Gunakan hukum pengembangan dan gabungkan sebutan sejenis sambil mengekalkan tanda operasi. / Use expansion rules and combine like terms while preserving operation signs. Oleh itu / Therefore: 8xy.,,
bab5,Bab 5: Ungkapan Algebra | Chapter 5: Algebraic Expressions,5-2-ungkapan-algebra-operasi,5.2 Ungkapan Algebra yang Melibatkan Operasi Asas Aritmetik | 5.2 Algebraic Expressions Involving Basic Arithmetic Operations,multiple_choice,Kembangkan dan permudahkan: 2(x + 3) + 4(x - 1). / Expand and simplify: 2(x + 3) + 4(x - 1).,,6x + 2,6x + 10,6x - 2,2x + 2,Jawapan / Answer: 6x + 2. Cara / Method: Gunakan hukum pengembangan dan gabungkan sebutan sejenis sambil mengekalkan tanda operasi. / Use expansion rules and combine like terms while preserving operation signs. Oleh itu / Therefore: 6x + 2.,,
bab5,Bab 5: Ungkapan Algebra | Chapter 5: Algebraic Expressions,5-2-ungkapan-algebra-operasi,5.2 Ungkapan Algebra yang Melibatkan Operasi Asas Aritmetik | 5.2 Algebraic Expressions Involving Basic Arithmetic Operations,objective,Kembangkan -4(3m - 2). / Expand -4(3m - 2).,,,,,,Jawapan / Answer: -12m + 8. Cara / Method: Gunakan hukum pengembangan dan gabungkan sebutan sejenis sambil mengekalkan tanda operasi. / Use expansion rules and combine like terms while preserving operation signs. Oleh itu / Therefore: -12m + 8.,,
bab5,Bab 5: Ungkapan Algebra | Chapter 5: Algebraic Expressions,5-2-ungkapan-algebra-operasi,5.2 Ungkapan Algebra yang Melibatkan Operasi Asas Aritmetik | 5.2 Algebraic Expressions Involving Basic Arithmetic Operations,objective,Permudahkan: 7a + 4b - 3a - 9b. / Simplify: 7a + 4b - 3a - 9b.,,,,,,Jawapan / Answer: 4a - 5b. Cara / Method: Gunakan hukum pengembangan dan gabungkan sebutan sejenis sambil mengekalkan tanda operasi. / Use expansion rules and combine like terms while preserving operation signs. Oleh itu / Therefore: 4a - 5b.,,
bab6,Bab 6: Persamaan Linear | Chapter 6: Linear Equations,6-1-persamaan-linear-satu-pemboleh-ubah,6.1 Persamaan Linear dalam Satu Pemboleh Ubah | 6.1 Linear Equations in One Variable,summary,Persamaan linear satu pemboleh ubah mengandungi satu pemboleh ubah berkuasa 1.,Linear equations in one variable contain one variable with a power of 1.,,,,,,,
bab6,Bab 6: Persamaan Linear | Chapter 6: Linear Equations,6-1-persamaan-linear-satu-pemboleh-ubah,6.1 Persamaan Linear dalam Satu Pemboleh Ubah | 6.1 Linear Equations in One Variable,fact,Bentuk umum ialah ax + b = c (a ≠ 0).,General form is ax + b = c (a ≠ 0).,,,,,,,
bab6,Bab 6: Persamaan Linear | Chapter 6: Linear Equations,6-1-persamaan-linear-satu-pemboleh-ubah,6.1 Persamaan Linear dalam Satu Pemboleh Ubah | 6.1 Linear Equations in One Variable,fact,Penyelesaian diperoleh dengan mengimbangi kedua-dua belah persamaan.,Solutions are found by balancing both sides of the equation.,,,,,,,
bab6,Bab 6: Persamaan Linear | Chapter 6: Linear Equations,6-1-persamaan-linear-satu-pemboleh-ubah,6.1 Persamaan Linear dalam Satu Pemboleh Ubah | 6.1 Linear Equations in One Variable,person,Penyelidik awal kaedah imbangan persamaan matematik.,Early researcher of equation balancing methods.,,,,,,Al-Karaji,Ahli Matematik / Mathematician
bab6,Bab 6: Persamaan Linear | Chapter 6: Linear Equations,6-1-persamaan-linear-satu-pemboleh-ubah,6.1 Persamaan Linear dalam Satu Pemboleh Ubah | 6.1 Linear Equations in One Variable,multiple_choice,Selesaikan persamaan 2x + 5 = 11. / Solve the equation 2x + 5 = 11.,,x = 3,x = 8,x = 4,x = 2,"Jawapan / Answer: x = 3. Cara / Method: Lakukan operasi songsang yang sama pada kedua-dua belah persamaan untuk mengasingkan pemboleh ubah, kemudian semak jawapan. / Perform the same inverse operation on both sides to isolate the variable, then check the answer. Oleh itu / Therefore: x = 3.",,
bab6,Bab 6: Persamaan Linear | Chapter 6: Linear Equations,6-1-persamaan-linear-satu-pemboleh-ubah,6.1 Persamaan Linear dalam Satu Pemboleh Ubah | 6.1 Linear Equations in One Variable,multiple_choice,Cari nilai y jika 3y - 4 = 14. / Find the value of y if 3y - 4 = 14.,,y = 6,y = 5,y = 10,y = 3,"Jawapan / Answer: y = 6. Cara / Method: Lakukan operasi songsang yang sama pada kedua-dua belah persamaan untuk mengasingkan pemboleh ubah, kemudian semak jawapan. / Perform the same inverse operation on both sides to isolate the variable, then check the answer. Oleh itu / Therefore: y = 6.",,
bab6,Bab 6: Persamaan Linear | Chapter 6: Linear Equations,6-1-persamaan-linear-satu-pemboleh-ubah,6.1 Persamaan Linear dalam Satu Pemboleh Ubah | 6.1 Linear Equations in One Variable,multiple_choice,"Antara berikut, yang manakah persamaan linear dalam satu pemboleh ubah? / Which of the following is a linear equation in one variable?",,5x + 3 = 18,x² + 2 = 5,x + y = 4,xy = 10,"Jawapan / Answer: 5x + 3 = 18. Cara / Method: Lakukan operasi songsang yang sama pada kedua-dua belah persamaan untuk mengasingkan pemboleh ubah, kemudian semak jawapan. / Perform the same inverse operation on both sides to isolate the variable, then check the answer. Oleh itu / Therefore: 5x + 3 = 18.",,
bab6,Bab 6: Persamaan Linear | Chapter 6: Linear Equations,6-1-persamaan-linear-satu-pemboleh-ubah,6.1 Persamaan Linear dalam Satu Pemboleh Ubah | 6.1 Linear Equations in One Variable,multiple_choice,Selesaikan 4(m - 2) = 12. / Solve 4(m - 2) = 12.,,m = 5,m = 3,m = 1,m = 4,"Jawapan / Answer: m = 5. Cara / Method: Lakukan operasi songsang yang sama pada kedua-dua belah persamaan untuk mengasingkan pemboleh ubah, kemudian semak jawapan. / Perform the same inverse operation on both sides to isolate the variable, then check the answer. Oleh itu / Therefore: m = 5.",,
bab6,Bab 6: Persamaan Linear | Chapter 6: Linear Equations,6-1-persamaan-linear-satu-pemboleh-ubah,6.1 Persamaan Linear dalam Satu Pemboleh Ubah | 6.1 Linear Equations in One Variable,multiple_choice,"Jika x/3 + 2 = 5, cari nilai x. / If x/3 + 2 = 5, find x.",,x = 9,x = 6,x = 3,x = 15,"Jawapan / Answer: x = 9. Cara / Method: Lakukan operasi songsang yang sama pada kedua-dua belah persamaan untuk mengasingkan pemboleh ubah, kemudian semak jawapan. / Perform the same inverse operation on both sides to isolate the variable, then check the answer. Oleh itu / Therefore: x = 9.",,
bab6,Bab 6: Persamaan Linear | Chapter 6: Linear Equations,6-1-persamaan-linear-satu-pemboleh-ubah,6.1 Persamaan Linear dalam Satu Pemboleh Ubah | 6.1 Linear Equations in One Variable,objective,Selesaikan 5x - 7 = 18. / Solve 5x - 7 = 18.,,,,,,"Jawapan / Answer: x = 5. Cara / Method: Lakukan operasi songsang yang sama pada kedua-dua belah persamaan untuk mengasingkan pemboleh ubah, kemudian semak jawapan. / Perform the same inverse operation on both sides to isolate the variable, then check the answer. Oleh itu / Therefore: x = 5.",,
bab6,Bab 6: Persamaan Linear | Chapter 6: Linear Equations,6-1-persamaan-linear-satu-pemboleh-ubah,6.1 Persamaan Linear dalam Satu Pemboleh Ubah | 6.1 Linear Equations in One Variable,objective,Cari nilai k jika 2(k + 4) = 18. / Find k if 2(k + 4) = 18.,,,,,,"Jawapan / Answer: k = 5. Cara / Method: Lakukan operasi songsang yang sama pada kedua-dua belah persamaan untuk mengasingkan pemboleh ubah, kemudian semak jawapan. / Perform the same inverse operation on both sides to isolate the variable, then check the answer. Oleh itu / Therefore: k = 5.",,
bab6,Bab 6: Persamaan Linear | Chapter 6: Linear Equations,6-2-persamaan-linear-dua-pemboleh-ubah,6.2 Persamaan Linear dalam Dua Pemboleh Ubah | 6.2 Linear Equations in Two Variables,summary,Persamaan linear dalam dua pemboleh ubah mewakili garis lurus pada satah Cartes.,Linear equations in two variables represent straight lines on a Cartesian plane.,,,,,,,
bab6,Bab 6: Persamaan Linear | Chapter 6: Linear Equations,6-2-persamaan-linear-dua-pemboleh-ubah,6.2 Persamaan Linear dalam Dua Pemboleh Ubah | 6.2 Linear Equations in Two Variables,fact,Bentuk umum ialah ax + by = c.,General form is ax + by = c.,,,,,,,
bab6,Bab 6: Persamaan Linear | Chapter 6: Linear Equations,6-2-persamaan-linear-dua-pemboleh-ubah,6.2 Persamaan Linear dalam Dua Pemboleh Ubah | 6.2 Linear Equations in Two Variables,fact,"Mempunyai tak terhingga bilangan pasangan penyelesaian (x, y).","Has an infinite number of (x, y) solution pairs.",,,,,,,
bab6,Bab 6: Persamaan Linear | Chapter 6: Linear Equations,6-2-persamaan-linear-dua-pemboleh-ubah,6.2 Persamaan Linear dalam Dua Pemboleh Ubah | 6.2 Linear Equations in Two Variables,person,Pencipta sistem koordinat Cartes yang menghubungkan algebra dan geometri.,Creator of the Cartesian coordinate system linking algebra and geometry.,,,,,,René Descartes,Ahli Matematik / Mathematician
bab6,Bab 6: Persamaan Linear | Chapter 6: Linear Equations,6-2-persamaan-linear-dua-pemboleh-ubah,6.2 Persamaan Linear dalam Dua Pemboleh Ubah | 6.2 Linear Equations in Two Variables,multiple_choice,"Antara berikut, yang manakah persamaan linear dalam dua pemboleh ubah? / Which of the following is a linear equation in two variables?",,2x + 3y = 7,x² + y = 4,xy = 6,2x + 3 = 0,Jawapan / Answer: 2x + 3y = 7. Cara / Method: Gantikan nilai pemboleh ubah yang diberi atau susun semula persamaan untuk mencari pasangan tertib yang memenuhi persamaan. / Substitute a given variable value or rearrange the equation to find an ordered pair that satisfies it. Oleh itu / Therefore: 2x + 3y = 7.,,
bab6,Bab 6: Persamaan Linear | Chapter 6: Linear Equations,6-2-persamaan-linear-dua-pemboleh-ubah,6.2 Persamaan Linear dalam Dua Pemboleh Ubah | 6.2 Linear Equations in Two Variables,multiple_choice,"Jika x = 2 dalam 3x + y = 10, cari nilai y. / If x = 2 in 3x + y = 10, find y.",,y = 4,y = 6,y = 2,y = 16,Jawapan / Answer: y = 4. Cara / Method: Gantikan nilai pemboleh ubah yang diberi atau susun semula persamaan untuk mencari pasangan tertib yang memenuhi persamaan. / Substitute a given variable value or rearrange the equation to find an ordered pair that satisfies it. Oleh itu / Therefore: y = 4.,,
bab6,Bab 6: Persamaan Linear | Chapter 6: Linear Equations,6-2-persamaan-linear-dua-pemboleh-ubah,6.2 Persamaan Linear dalam Dua Pemboleh Ubah | 6.2 Linear Equations in Two Variables,multiple_choice,"Antara titik berikut, yang manakah memuaskan persamaan x + 2y = 8? / Which of the following points satisfies x + 2y = 8?",,"(2, 3)","(4, 1)","(0, 2)","(3, 2)","Jawapan / Answer: (2, 3). Cara / Method: Gantikan nilai pemboleh ubah yang diberi atau susun semula persamaan untuk mencari pasangan tertib yang memenuhi persamaan. / Substitute a given variable value or rearrange the equation to find an ordered pair that satisfies it. Oleh itu / Therefore: (2, 3).",,
bab6,Bab 6: Persamaan Linear | Chapter 6: Linear Equations,6-2-persamaan-linear-dua-pemboleh-ubah,6.2 Persamaan Linear dalam Dua Pemboleh Ubah | 6.2 Linear Equations in Two Variables,multiple_choice,Tentukan pintasan-y bagi persamaan 2x + y = 6. / Determine the y-intercept of 2x + y = 6.,,6,3,2,-6,Jawapan / Answer: 6. Cara / Method: Gantikan nilai pemboleh ubah yang diberi atau susun semula persamaan untuk mencari pasangan tertib yang memenuhi persamaan. / Substitute a given variable value or rearrange the equation to find an ordered pair that satisfies it. Oleh itu / Therefore: 6.,,
bab6,Bab 6: Persamaan Linear | Chapter 6: Linear Equations,6-2-persamaan-linear-dua-pemboleh-ubah,6.2 Persamaan Linear dalam Dua Pemboleh Ubah | 6.2 Linear Equations in Two Variables,multiple_choice,Ungkapkan y dalam sebutan x bagi 4x - y = 5. / Express y in terms of x for 4x - y = 5.,,y = 4x - 5,y = 5 - 4x,y = 4x + 5,y = (5+x)/4,Jawapan / Answer: y = 4x - 5. Cara / Method: Gantikan nilai pemboleh ubah yang diberi atau susun semula persamaan untuk mencari pasangan tertib yang memenuhi persamaan. / Substitute a given variable value or rearrange the equation to find an ordered pair that satisfies it. Oleh itu / Therefore: y = 4x - 5.,,
bab6,Bab 6: Persamaan Linear | Chapter 6: Linear Equations,6-2-persamaan-linear-dua-pemboleh-ubah,6.2 Persamaan Linear dalam Dua Pemboleh Ubah | 6.2 Linear Equations in Two Variables,objective,"Jika (k, 3) ialah penyelesaian bagi 2x + y = 11, cari nilai k. / If (k, 3) is a solution to 2x + y = 11, find k.",,,,,,Jawapan / Answer: k = 4. Cara / Method: Gantikan nilai pemboleh ubah yang diberi atau susun semula persamaan untuk mencari pasangan tertib yang memenuhi persamaan. / Substitute a given variable value or rearrange the equation to find an ordered pair that satisfies it. Oleh itu / Therefore: k = 4.,,
bab6,Bab 6: Persamaan Linear | Chapter 6: Linear Equations,6-2-persamaan-linear-dua-pemboleh-ubah,6.2 Persamaan Linear dalam Dua Pemboleh Ubah | 6.2 Linear Equations in Two Variables,objective,Cari nilai x apabila y = 0 bagi persamaan 3x - 2y = 12. / Find x when y = 0 for 3x - 2y = 12.,,,,,,Jawapan / Answer: x = 4. Cara / Method: Gantikan nilai pemboleh ubah yang diberi atau susun semula persamaan untuk mencari pasangan tertib yang memenuhi persamaan. / Substitute a given variable value or rearrange the equation to find an ordered pair that satisfies it. Oleh itu / Therefore: x = 4.,,
bab6,Bab 6: Persamaan Linear | Chapter 6: Linear Equations,6-3-persamaan-linear-serentak,6.3 Persamaan Linear Serentak dalam Dua Pemboleh Ubah | 6.3 Simultaneous Linear Equations in Two Variables,summary,"Menyelesaikan dua persamaan linear serentak untuk mencari nilai tunggal bagi (x, y).","Solving two linear equations simultaneously to find a unique (x, y) solution.",,,,,,,
bab6,Bab 6: Persamaan Linear | Chapter 6: Linear Equations,6-3-persamaan-linear-serentak,6.3 Persamaan Linear Serentak dalam Dua Pemboleh Ubah | 6.3 Simultaneous Linear Equations in Two Variables,fact,"Kaedah utama termasuk penggantian, penghapusan, dan graf.","Main methods include substitution, elimination, and graphing.",,,,,,,
bab6,Bab 6: Persamaan Linear | Chapter 6: Linear Equations,6-3-persamaan-linear-serentak,6.3 Persamaan Linear Serentak dalam Dua Pemboleh Ubah | 6.3 Simultaneous Linear Equations in Two Variables,fact,Titik persilangan dua garis lurus ialah penyelesaian serentak.,The intersection point of two straight lines is the simultaneous solution.,,,,,,,
bab6,Bab 6: Persamaan Linear | Chapter 6: Linear Equations,6-3-persamaan-linear-serentak,6.3 Persamaan Linear Serentak dalam Dua Pemboleh Ubah | 6.3 Simultaneous Linear Equations in Two Variables,person,Menyelesaikan sistem persamaan linear serentak menggunakan papan pengiraan purba.,Solved systems of simultaneous linear equations using ancient counting boards.,,,,,,Liu Hui,Ahli Matematik Cina / Chinese Mathematician
bab6,Bab 6: Persamaan Linear | Chapter 6: Linear Equations,6-3-persamaan-linear-serentak,6.3 Persamaan Linear Serentak dalam Dua Pemboleh Ubah | 6.3 Simultaneous Linear Equations in Two Variables,multiple_choice,Selesaikan: x + y = 5 dan x - y = 1. / Solve: x + y = 5 and x - y = 1.,,"x = 3, y = 2","x = 4, y = 1","x = 2, y = 3","x = 5, y = 0","Jawapan / Answer: x = 3, y = 2. Cara / Method: Gunakan kaedah penggantian atau penghapusan untuk mendapatkan satu pemboleh ubah, kemudian gantikan semula untuk yang satu lagi. / Use substitution or elimination to find one variable, then substitute back for the other. Oleh itu / Therefore: x = 3, y = 2.",,
bab6,Bab 6: Persamaan Linear | Chapter 6: Linear Equations,6-3-persamaan-linear-serentak,6.3 Persamaan Linear Serentak dalam Dua Pemboleh Ubah | 6.3 Simultaneous Linear Equations in Two Variables,multiple_choice,Cari titik persilangan bagi y = 2x dan y = x + 3. / Find the intersection point of y = 2x and y = x + 3.,,"(3, 6)","(2, 4)","(1, 2)","(3, 3)","Jawapan / Answer: (3, 6). Cara / Method: Gunakan kaedah penggantian atau penghapusan untuk mendapatkan satu pemboleh ubah, kemudian gantikan semula untuk yang satu lagi. / Use substitution or elimination to find one variable, then substitute back for the other. Oleh itu / Therefore: (3, 6).",,
bab6,Bab 6: Persamaan Linear | Chapter 6: Linear Equations,6-3-persamaan-linear-serentak,6.3 Persamaan Linear Serentak dalam Dua Pemboleh Ubah | 6.3 Simultaneous Linear Equations in Two Variables,multiple_choice,Selesaikan: 2x + y = 8 dan x + y = 5. / Solve: 2x + y = 8 and x + y = 5.,,"x = 3, y = 2","x = 2, y = 3","x = 4, y = 1","x = 1, y = 4","Jawapan / Answer: x = 3, y = 2. Cara / Method: Gunakan kaedah penggantian atau penghapusan untuk mendapatkan satu pemboleh ubah, kemudian gantikan semula untuk yang satu lagi. / Use substitution or elimination to find one variable, then substitute back for the other. Oleh itu / Therefore: x = 3, y = 2.",,
bab6,Bab 6: Persamaan Linear | Chapter 6: Linear Equations,6-3-persamaan-linear-serentak,6.3 Persamaan Linear Serentak dalam Dua Pemboleh Ubah | 6.3 Simultaneous Linear Equations in Two Variables,multiple_choice,"Jika 3x + 2y = 12 dan y = 3, cari nilai x. / If 3x + 2y = 12 and y = 3, find x.",,x = 2,x = 4,x = 3,x = 1,"Jawapan / Answer: x = 2. Cara / Method: Gunakan kaedah penggantian atau penghapusan untuk mendapatkan satu pemboleh ubah, kemudian gantikan semula untuk yang satu lagi. / Use substitution or elimination to find one variable, then substitute back for the other. Oleh itu / Therefore: x = 2.",,
bab6,Bab 6: Persamaan Linear | Chapter 6: Linear Equations,6-3-persamaan-linear-serentak,6.3 Persamaan Linear Serentak dalam Dua Pemboleh Ubah | 6.3 Simultaneous Linear Equations in Two Variables,multiple_choice,"Antara kaedah berikut, yang manakah BUKAN kaedah menyelesaikan persamaan serentak? / Which of the following is NOT a method to solve simultaneous equations?",,Pemfaktoran perdana / Prime factorization,Penghapusan / Elimination,Penggantian / Substitution,Graf / Graph,"Jawapan / Answer: Pemfaktoran perdana / Prime factorization. Cara / Method: Gunakan kaedah penggantian atau penghapusan untuk mendapatkan satu pemboleh ubah, kemudian gantikan semula untuk yang satu lagi. / Use substitution or elimination to find one variable, then substitute back for the other. Oleh itu / Therefore: Pemfaktoran perdana / Prime factorization.",,
bab6,Bab 6: Persamaan Linear | Chapter 6: Linear Equations,6-3-persamaan-linear-serentak,6.3 Persamaan Linear Serentak dalam Dua Pemboleh Ubah | 6.3 Simultaneous Linear Equations in Two Variables,objective,Selesaikan serentak: 2x - y = 4 dan x + y = 5. Nyatakan nilai x dan y. / Solve simultaneously: 2x - y = 4 and x + y = 5. State x and y.,,,,,,"Jawapan / Answer: x = 3, y = 2. Cara / Method: Gunakan kaedah penggantian atau penghapusan untuk mendapatkan satu pemboleh ubah, kemudian gantikan semula untuk yang satu lagi. / Use substitution or elimination to find one variable, then substitute back for the other. Oleh itu / Therefore: x = 3, y = 2.",,
bab6,Bab 6: Persamaan Linear | Chapter 6: Linear Equations,6-3-persamaan-linear-serentak,6.3 Persamaan Linear Serentak dalam Dua Pemboleh Ubah | 6.3 Simultaneous Linear Equations in Two Variables,objective,Cari nilai y bagi sistem: x + 2y = 10 dan x = 4. / Find y for system: x + 2y = 10 and x = 4.,,,,,,"Jawapan / Answer: y = 3. Cara / Method: Gunakan kaedah penggantian atau penghapusan untuk mendapatkan satu pemboleh ubah, kemudian gantikan semula untuk yang satu lagi. / Use substitution or elimination to find one variable, then substitute back for the other. Oleh itu / Therefore: y = 3.",,
bab7,Bab 7: Ketaksamaan Linear | Chapter 7: Linear Inequalities,7-1-ketaksamaan,7.1 Ketaksamaan | 7.1 Inequalities,summary,"Ketaksamaan membandingkan kuantiti menggunakan simbol >, <, ≥, dan ≤.","Inequalities compare quantities using symbols >, <, ≥, and ≤.",,,,,,,
bab7,Bab 7: Ketaksamaan Linear | Chapter 7: Linear Inequalities,7-1-ketaksamaan,7.1 Ketaksamaan | 7.1 Inequalities,fact,"Simbol > bermaksud lebih besar, manakala < bermaksud kurang daripada.","Symbol > means greater than, while < means less than.",,,,,,,
bab7,Bab 7: Ketaksamaan Linear | Chapter 7: Linear Inequalities,7-1-ketaksamaan,7.1 Ketaksamaan | 7.1 Inequalities,fact,Simbol ≥ dan ≤ merangkumi kesaksamaan nilai.,Symbols ≥ and ≤ include equality of value.,,,,,,,
bab7,Bab 7: Ketaksamaan Linear | Chapter 7: Linear Inequalities,7-1-ketaksamaan,7.1 Ketaksamaan | 7.1 Inequalities,person,Memperkenalkan simbol ketaksamaan > dan < dalam karya matematik.,Introduced inequality symbols > and < in mathematical works.,,,,,,Thomas Harriot,Ahli Matematik / Mathematician
bab7,Bab 7: Ketaksamaan Linear | Chapter 7: Linear Inequalities,7-1-ketaksamaan,7.1 Ketaksamaan | 7.1 Inequalities,multiple_choice,"Antara berikut, simbol manakah bermaksud 'kurang daripada atau sama dengan'? / Which symbol means 'less than or equal to'?",,≤,≥,>,<,"Jawapan / Answer: ≤. Cara / Method: Bandingkan nilai pada garis nombor dan pilih simbol <, >, ≤ atau ≥ yang betul. / Compare values on a number line and choose the correct symbol <, >, ≤ or ≥. Oleh itu / Therefore: ≤.",,
bab7,Bab 7: Ketaksamaan Linear | Chapter 7: Linear Inequalities,7-1-ketaksamaan,7.1 Ketaksamaan | 7.1 Inequalities,multiple_choice,Tuliskan ayat matematik: x adalah sekurang-kurangnya 10. / Write statement: x is at least 10.,,x ≥ 10,x > 10,x ≤ 10,x < 10,"Jawapan / Answer: x ≥ 10. Cara / Method: Bandingkan nilai pada garis nombor dan pilih simbol <, >, ≤ atau ≥ yang betul. / Compare values on a number line and choose the correct symbol <, >, ≤ or ≥. Oleh itu / Therefore: x ≥ 10.",,
bab7,Bab 7: Ketaksamaan Linear | Chapter 7: Linear Inequalities,7-1-ketaksamaan,7.1 Ketaksamaan | 7.1 Inequalities,multiple_choice,"Antara ketaksamaan berikut, yang manakah BENAR? / Which of the following inequalities is TRUE?",,-5 < -2,-8 > -3,0 < -4,-1 > 2,"Jawapan / Answer: -5 < -2. Cara / Method: Bandingkan nilai pada garis nombor dan pilih simbol <, >, ≤ atau ≥ yang betul. / Compare values on a number line and choose the correct symbol <, >, ≤ or ≥. Oleh itu / Therefore: -5 < -2.",,
bab7,Bab 7: Ketaksamaan Linear | Chapter 7: Linear Inequalities,7-1-ketaksamaan,7.1 Ketaksamaan | 7.1 Inequalities,multiple_choice,"Jika y adalah selebih-lebihnya 15, tuliskan ketaksamaan yang betul. / If y is at most 15, write the correct inequality.",,y ≤ 15,y ≥ 15,y < 15,y > 15,"Jawapan / Answer: y ≤ 15. Cara / Method: Bandingkan nilai pada garis nombor dan pilih simbol <, >, ≤ atau ≥ yang betul. / Compare values on a number line and choose the correct symbol <, >, ≤ or ≥. Oleh itu / Therefore: y ≤ 15.",,
bab7,Bab 7: Ketaksamaan Linear | Chapter 7: Linear Inequalities,7-1-ketaksamaan,7.1 Ketaksamaan | 7.1 Inequalities,multiple_choice,Isikan tempat kosong: -7 ___ -10. / Fill in the blank: -7 ___ -10.,,>,<,=,≤,"Jawapan / Answer: >. Cara / Method: Bandingkan nilai pada garis nombor dan pilih simbol <, >, ≤ atau ≥ yang betul. / Compare values on a number line and choose the correct symbol <, >, ≤ or ≥. Oleh itu / Therefore: >.",,
bab7,Bab 7: Ketaksamaan Linear | Chapter 7: Linear Inequalities,7-1-ketaksamaan,7.1 Ketaksamaan | 7.1 Inequalities,objective,Tuliskan ketaksamaan bagi: p lebih besar daripada 8. / Write inequality for: p is greater than 8.,,,,,,"Jawapan / Answer: p > 8. Cara / Method: Bandingkan nilai pada garis nombor dan pilih simbol <, >, ≤ atau ≥ yang betul. / Compare values on a number line and choose the correct symbol <, >, ≤ or ≥. Oleh itu / Therefore: p > 8.",,
bab7,Bab 7: Ketaksamaan Linear | Chapter 7: Linear Inequalities,7-1-ketaksamaan,7.1 Ketaksamaan | 7.1 Inequalities,objective,Bandingkan -12 dan -5 menggunakan simbol < atau >. / Compare -12 and -5 using symbol < or >.,,,,,,"Jawapan / Answer: -12 < -5. Cara / Method: Bandingkan nilai pada garis nombor dan pilih simbol <, >, ≤ atau ≥ yang betul. / Compare values on a number line and choose the correct symbol <, >, ≤ or ≥. Oleh itu / Therefore: -12 < -5.",,
bab7,Bab 7: Ketaksamaan Linear | Chapter 7: Linear Inequalities,7-2-ketaksamaan-linear-satu-pemboleh-ubah,7.2 Ketaksamaan Linear dalam Satu Pemboleh Ubah | 7.2 Linear Inequalities in One Variable,summary,Ketaksamaan linear satu pemboleh ubah diselesaikan dengan mengimbangi sebutan algebra.,Linear inequalities in one variable are solved by balancing algebraic terms.,,,,,,,
bab7,Bab 7: Ketaksamaan Linear | Chapter 7: Linear Inequalities,7-2-ketaksamaan-linear-satu-pemboleh-ubah,7.2 Ketaksamaan Linear dalam Satu Pemboleh Ubah | 7.2 Linear Inequalities in One Variable,fact,Tanda ketaksamaan diterbalikkan apabila didarab atau dibahagi dengan nombor negatif.,The inequality sign reverses when multiplying or dividing by a negative number.,,,,,,,
bab7,Bab 7: Ketaksamaan Linear | Chapter 7: Linear Inequalities,7-2-ketaksamaan-linear-satu-pemboleh-ubah,7.2 Ketaksamaan Linear dalam Satu Pemboleh Ubah | 7.2 Linear Inequalities in One Variable,fact,Penyelesaian boleh diwakilkan pada garis nombor.,Solutions can be represented on a number line.,,,,,,,
bab7,Bab 7: Ketaksamaan Linear | Chapter 7: Linear Inequalities,7-2-ketaksamaan-linear-satu-pemboleh-ubah,7.2 Ketaksamaan Linear dalam Satu Pemboleh Ubah | 7.2 Linear Inequalities in One Variable,person,Mengkaji sifat teorem ketaksamaan dalam analisis matematik.,Studied inequality theorem properties in mathematical analysis.,,,,,,Augustin-Louis Cauchy,Ahli Matematik / Mathematician
bab7,Bab 7: Ketaksamaan Linear | Chapter 7: Linear Inequalities,7-2-ketaksamaan-linear-satu-pemboleh-ubah,7.2 Ketaksamaan Linear dalam Satu Pemboleh Ubah | 7.2 Linear Inequalities in One Variable,multiple_choice,"Jika -2x < 6, apakah penyelesaian bagi x? / If -2x < 6, what is the solution for x?",,x > -3,x < -3,x > 3,x < 3,Jawapan / Answer: x > -3. Cara / Method: Asingkan pemboleh ubah seperti persamaan; songsangkan tanda ketaksamaan jika mendarab atau membahagi dengan nombor negatif. / Isolate the variable as in an equation; reverse the inequality sign if multiplying or dividing by a negative number. Oleh itu / Therefore: x > -3.,,
bab7,Bab 7: Ketaksamaan Linear | Chapter 7: Linear Inequalities,7-2-ketaksamaan-linear-satu-pemboleh-ubah,7.2 Ketaksamaan Linear dalam Satu Pemboleh Ubah | 7.2 Linear Inequalities in One Variable,multiple_choice,Selesaikan ketaksamaan: x + 4 ≥ 9. / Solve the inequality: x + 4 ≥ 9.,,x ≥ 5,x ≤ 5,x ≥ 13,x ≤ 13,Jawapan / Answer: x ≥ 5. Cara / Method: Asingkan pemboleh ubah seperti persamaan; songsangkan tanda ketaksamaan jika mendarab atau membahagi dengan nombor negatif. / Isolate the variable as in an equation; reverse the inequality sign if multiplying or dividing by a negative number. Oleh itu / Therefore: x ≥ 5.,,
bab7,Bab 7: Ketaksamaan Linear | Chapter 7: Linear Inequalities,7-2-ketaksamaan-linear-satu-pemboleh-ubah,7.2 Ketaksamaan Linear dalam Satu Pemboleh Ubah | 7.2 Linear Inequalities in One Variable,multiple_choice,Selesaikan 3x - 2 < 10. / Solve 3x - 2 < 10.,,x < 4,x > 4,x < 8,x > 8,Jawapan / Answer: x < 4. Cara / Method: Asingkan pemboleh ubah seperti persamaan; songsangkan tanda ketaksamaan jika mendarab atau membahagi dengan nombor negatif. / Isolate the variable as in an equation; reverse the inequality sign if multiplying or dividing by a negative number. Oleh itu / Therefore: x < 4.,,
bab7,Bab 7: Ketaksamaan Linear | Chapter 7: Linear Inequalities,7-2-ketaksamaan-linear-satu-pemboleh-ubah,7.2 Ketaksamaan Linear dalam Satu Pemboleh Ubah | 7.2 Linear Inequalities in One Variable,multiple_choice,Manakah nilai integer x yang memuaskan x ≤ 3? / Which integer value of x satisfies x ≤ 3?,,3,4,5,6,Jawapan / Answer: 3. Cara / Method: Asingkan pemboleh ubah seperti persamaan; songsangkan tanda ketaksamaan jika mendarab atau membahagi dengan nombor negatif. / Isolate the variable as in an equation; reverse the inequality sign if multiplying or dividing by a negative number. Oleh itu / Therefore: 3.,,
bab7,Bab 7: Ketaksamaan Linear | Chapter 7: Linear Inequalities,7-2-ketaksamaan-linear-satu-pemboleh-ubah,7.2 Ketaksamaan Linear dalam Satu Pemboleh Ubah | 7.2 Linear Inequalities in One Variable,multiple_choice,Selesaikan -5y ≥ 20. / Solve -5y ≥ 20.,,y ≤ -4,y ≥ -4,y ≤ 4,y ≥ 4,Jawapan / Answer: y ≤ -4. Cara / Method: Asingkan pemboleh ubah seperti persamaan; songsangkan tanda ketaksamaan jika mendarab atau membahagi dengan nombor negatif. / Isolate the variable as in an equation; reverse the inequality sign if multiplying or dividing by a negative number. Oleh itu / Therefore: y ≤ -4.,,
bab7,Bab 7: Ketaksamaan Linear | Chapter 7: Linear Inequalities,7-2-ketaksamaan-linear-satu-pemboleh-ubah,7.2 Ketaksamaan Linear dalam Satu Pemboleh Ubah | 7.2 Linear Inequalities in One Variable,objective,Selesaikan ketaksamaan: 2x - 3 > 7. / Solve inequality: 2x - 3 > 7.,,,,,,Jawapan / Answer: x > 5. Cara / Method: Asingkan pemboleh ubah seperti persamaan; songsangkan tanda ketaksamaan jika mendarab atau membahagi dengan nombor negatif. / Isolate the variable as in an equation; reverse the inequality sign if multiplying or dividing by a negative number. Oleh itu / Therefore: x > 5.,,
bab7,Bab 7: Ketaksamaan Linear | Chapter 7: Linear Inequalities,7-2-ketaksamaan-linear-satu-pemboleh-ubah,7.2 Ketaksamaan Linear dalam Satu Pemboleh Ubah | 7.2 Linear Inequalities in One Variable,objective,Cari integer terkecil x yang memuaskan x > 4.2. / Find the smallest integer x satisfying x > 4.2.,,,,,,Jawapan / Answer: 5. Cara / Method: Asingkan pemboleh ubah seperti persamaan; songsangkan tanda ketaksamaan jika mendarab atau membahagi dengan nombor negatif. / Isolate the variable as in an equation; reverse the inequality sign if multiplying or dividing by a negative number. Oleh itu / Therefore: 5.,,
bab8,Bab 8: Garis dan Sudut | Chapter 8: Lines and Angles,8-1-garis-dan-sudut,8.1 Garis dan Sudut | 8.1 Lines and Angles,summary,"Sifat asas sudut pelengkap (90°), penggenap (180°), dan konjugat (360°).","Basic properties of complementary (90°), supplementary (180°), and conjugate angles (360°).",,,,,,,
bab8,Bab 8: Garis dan Sudut | Chapter 8: Lines and Angles,8-1-garis-dan-sudut,8.1 Garis dan Sudut | 8.1 Lines and Angles,fact,"Sudut tegak bernilai 90°, sudut tirus < 90°, dan sudut cakah 90° hingga 180°.","Right angle is 90°, acute is < 90°, obtuse is between 90° and 180°.",,,,,,,
bab8,Bab 8: Garis dan Sudut | Chapter 8: Lines and Angles,8-1-garis-dan-sudut,8.1 Garis dan Sudut | 8.1 Lines and Angles,fact,Hasil tambah sudut pada garis lurus ialah 180°.,Sum of angles on a straight line is 180°.,,,,,,,
bab8,Bab 8: Garis dan Sudut | Chapter 8: Lines and Angles,8-1-garis-dan-sudut,8.1 Garis dan Sudut | 8.1 Lines and Angles,person,Pelopor geometri Yunani yang mengkaji sudut asas.,Greek geometry pioneer who studied fundamental angles.,,,,,,Thales dari Miletus,Ahli Matematik / Mathematician
bab8,Bab 8: Garis dan Sudut | Chapter 8: Lines and Angles,8-1-garis-dan-sudut,8.1 Garis dan Sudut | 8.1 Lines and Angles,multiple_choice,Berapakah sudut penggenap bagi 60°? / What is the supplementary angle of 60°?,,120°,30°,90°,300°,Jawapan / Answer: 120°. Cara / Method: Gunakan definisi garis dan sudut serta fakta sudut lurus 180° dan satu pusingan 360°. / Use definitions of lines and angles and the facts that a straight angle is 180° and a full turn is 360°. Oleh itu / Therefore: 120°.,,
bab8,Bab 8: Garis dan Sudut | Chapter 8: Lines and Angles,8-1-garis-dan-sudut,8.1 Garis dan Sudut | 8.1 Lines and Angles,multiple_choice,Cari sudut pelengkap bagi 35°. / Find the complementary angle of 35°.,,55°,145°,65°,45°,Jawapan / Answer: 55°. Cara / Method: Gunakan definisi garis dan sudut serta fakta sudut lurus 180° dan satu pusingan 360°. / Use definitions of lines and angles and the facts that a straight angle is 180° and a full turn is 360°. Oleh itu / Therefore: 55°.,,
bab8,Bab 8: Garis dan Sudut | Chapter 8: Lines and Angles,8-1-garis-dan-sudut,8.1 Garis dan Sudut | 8.1 Lines and Angles,multiple_choice,Berapakah sudut konjugat bagi 100°? / What is the conjugate angle of 100°?,,260°,80°,180°,90°,Jawapan / Answer: 260°. Cara / Method: Gunakan definisi garis dan sudut serta fakta sudut lurus 180° dan satu pusingan 360°. / Use definitions of lines and angles and the facts that a straight angle is 180° and a full turn is 360°. Oleh itu / Therefore: 260°.,,
bab8,Bab 8: Garis dan Sudut | Chapter 8: Lines and Angles,8-1-garis-dan-sudut,8.1 Garis dan Sudut | 8.1 Lines and Angles,multiple_choice,"Antara sudut berikut, yang manakah sudut refleks? / Which of the following is a reflex angle?",,210°,85°,120°,90°,Jawapan / Answer: 210°. Cara / Method: Gunakan definisi garis dan sudut serta fakta sudut lurus 180° dan satu pusingan 360°. / Use definitions of lines and angles and the facts that a straight angle is 180° and a full turn is 360°. Oleh itu / Therefore: 210°.,,
bab8,Bab 8: Garis dan Sudut | Chapter 8: Lines and Angles,8-1-garis-dan-sudut,8.1 Garis dan Sudut | 8.1 Lines and Angles,multiple_choice,Hasil tambah sudut pada satu titik ialah: / The sum of angles at a point is:,,360°,180°,90°,270°,Jawapan / Answer: 360°. Cara / Method: Gunakan definisi garis dan sudut serta fakta sudut lurus 180° dan satu pusingan 360°. / Use definitions of lines and angles and the facts that a straight angle is 180° and a full turn is 360°. Oleh itu / Therefore: 360°.,,
bab8,Bab 8: Garis dan Sudut | Chapter 8: Lines and Angles,8-1-garis-dan-sudut,8.1 Garis dan Sudut | 8.1 Lines and Angles,objective,Cari sudut penggenap bagi 115°. / Find the supplementary angle of 115°.,,,,,,Jawapan / Answer: 65°. Cara / Method: Gunakan definisi garis dan sudut serta fakta sudut lurus 180° dan satu pusingan 360°. / Use definitions of lines and angles and the facts that a straight angle is 180° and a full turn is 360°. Oleh itu / Therefore: 65°.,,
bab8,Bab 8: Garis dan Sudut | Chapter 8: Lines and Angles,8-1-garis-dan-sudut,8.1 Garis dan Sudut | 8.1 Lines and Angles,objective,Nilaikan sudut x jika x dan 42° ialah sudut pelengkap. / Evaluate x if x and 42° are complementary angles.,,,,,,Jawapan / Answer: 48°. Cara / Method: Gunakan definisi garis dan sudut serta fakta sudut lurus 180° dan satu pusingan 360°. / Use definitions of lines and angles and the facts that a straight angle is 180° and a full turn is 360°. Oleh itu / Therefore: 48°.,,
bab8,Bab 8: Garis dan Sudut | Chapter 8: Lines and Angles,8-2-sudut-garis-bersilang,8.2 Sudut yang berkaitan dengan Garis Bersilang | 8.2 Angles Related to Intersecting Lines,summary,Garis bersilang membentuk sudut bertentang bucu yang sama dan sudut bersebelahan bertambah menjadi 180°.,Intersecting lines form equal vertically opposite angles and adjacent angles summing to 180°.,,,,,,,
bab8,Bab 8: Garis dan Sudut | Chapter 8: Lines and Angles,8-2-sudut-garis-bersilang,8.2 Sudut yang berkaitan dengan Garis Bersilang | 8.2 Angles Related to Intersecting Lines,fact,Sudut bertentang bucu sentiasa sama saiz.,Vertically opposite angles are always equal.,,,,,,,
bab8,Bab 8: Garis dan Sudut | Chapter 8: Lines and Angles,8-2-sudut-garis-bersilang,8.2 Sudut yang berkaitan dengan Garis Bersilang | 8.2 Angles Related to Intersecting Lines,fact,Hasil tambah sudut bersebelahan pada garis bersilang ialah 180°.,Sum of adjacent angles on intersecting lines is 180°.,,,,,,,
bab8,Bab 8: Garis dan Sudut | Chapter 8: Lines and Angles,8-2-sudut-garis-bersilang,8.2 Sudut yang berkaitan dengan Garis Bersilang | 8.2 Angles Related to Intersecting Lines,person,Membuktikan teorem sudut bertentang bucu adalah sama.,Proved the theorem that vertically opposite angles are equal.,,,,,,Thales dari Miletus,Ahli Matematik / Mathematician
bab8,Bab 8: Garis dan Sudut | Chapter 8: Lines and Angles,8-2-sudut-garis-bersilang,8.2 Sudut yang berkaitan dengan Garis Bersilang | 8.2 Angles Related to Intersecting Lines,multiple_choice,"Jika dua garis bersilang dan satu sudut ialah 50°, berapakah sudut bertentang bucunya? / If two lines intersect and one angle is 50°, what is its vertically opposite angle?",,50°,130°,90°,180°,Jawapan / Answer: 50°. Cara / Method: Gunakan fakta sudut bertentangan adalah sama dan sudut bersebelahan pada garis lurus berjumlah 180°. / Use the facts that vertically opposite angles are equal and adjacent angles on a straight line total 180°. Oleh itu / Therefore: 50°.,,
bab8,Bab 8: Garis dan Sudut | Chapter 8: Lines and Angles,8-2-sudut-garis-bersilang,8.2 Sudut yang berkaitan dengan Garis Bersilang | 8.2 Angles Related to Intersecting Lines,multiple_choice,"Dua garis bersilang. Jika sudut bersebelahan ialah x dan 110°, cari x. / Two lines intersect. If adjacent angles are x and 110°, find x.",,70°,110°,80°,90°,Jawapan / Answer: 70°. Cara / Method: Gunakan fakta sudut bertentangan adalah sama dan sudut bersebelahan pada garis lurus berjumlah 180°. / Use the facts that vertically opposite angles are equal and adjacent angles on a straight line total 180°. Oleh itu / Therefore: 70°.,,
bab8,Bab 8: Garis dan Sudut | Chapter 8: Lines and Angles,8-2-sudut-garis-bersilang,8.2 Sudut yang berkaitan dengan Garis Bersilang | 8.2 Angles Related to Intersecting Lines,multiple_choice,Dua garis bersilang membentuk sudut 4x dan 80° yang bertentang bucu. Cari x. / Two lines intersect forming vertically opposite angles 4x and 80°. Find x.,,20°,40°,10°,80°,Jawapan / Answer: 20°. Cara / Method: Gunakan fakta sudut bertentangan adalah sama dan sudut bersebelahan pada garis lurus berjumlah 180°. / Use the facts that vertically opposite angles are equal and adjacent angles on a straight line total 180°. Oleh itu / Therefore: 20°.,,
bab8,Bab 8: Garis dan Sudut | Chapter 8: Lines and Angles,8-2-sudut-garis-bersilang,8.2 Sudut yang berkaitan dengan Garis Bersilang | 8.2 Angles Related to Intersecting Lines,multiple_choice,"Pada garis bersilang, jika sudut bersebelahan 2x dan 3x pada garis lurus, cari x. / On intersecting lines, if adjacent angles on a straight line are 2x and 3x, find x.",,36°,45°,30°,60°,Jawapan / Answer: 36°. Cara / Method: Gunakan fakta sudut bertentangan adalah sama dan sudut bersebelahan pada garis lurus berjumlah 180°. / Use the facts that vertically opposite angles are equal and adjacent angles on a straight line total 180°. Oleh itu / Therefore: 36°.,,
bab8,Bab 8: Garis dan Sudut | Chapter 8: Lines and Angles,8-2-sudut-garis-bersilang,8.2 Sudut yang berkaitan dengan Garis Bersilang | 8.2 Angles Related to Intersecting Lines,multiple_choice,"Antara berikut, penyataan manakah BENAR bagi garis bersilang? / Which statement is TRUE for intersecting lines?",,Sudut bertentang bucu adalah sama / Vertically opposite angles are equal,Sudut bersebelahan bernilai 90° / Adjacent angles are 90°,Semua sudut sama saiz / All angles are equal,Hasil tambah semua sudut ialah 180° / Sum of all angles is 180°,Jawapan / Answer: Sudut bertentang bucu adalah sama / Vertically opposite angles are equal. Cara / Method: Gunakan fakta sudut bertentangan adalah sama dan sudut bersebelahan pada garis lurus berjumlah 180°. / Use the facts that vertically opposite angles are equal and adjacent angles on a straight line total 180°. Oleh itu / Therefore: Sudut bertentang bucu adalah sama / Vertically opposite angles are equal.,,
bab8,Bab 8: Garis dan Sudut | Chapter 8: Lines and Angles,8-2-sudut-garis-bersilang,8.2 Sudut yang berkaitan dengan Garis Bersilang | 8.2 Angles Related to Intersecting Lines,objective,"Jika sudut bertentang bucu ialah (2x + 10)° dan 70°, cari nilai x. / If vertically opposite angles are (2x + 10)° and 70°, find x.",,,,,,Jawapan / Answer: 30°. Cara / Method: Gunakan fakta sudut bertentangan adalah sama dan sudut bersebelahan pada garis lurus berjumlah 180°. / Use the facts that vertically opposite angles are equal and adjacent angles on a straight line total 180°. Oleh itu / Therefore: 30°.,,
bab8,Bab 8: Garis dan Sudut | Chapter 8: Lines and Angles,8-2-sudut-garis-bersilang,8.2 Sudut yang berkaitan dengan Garis Bersilang | 8.2 Angles Related to Intersecting Lines,objective,Cari sudut bersebelahan pada garis lurus jika satu daripada sudut itu ialah 135°. / Find the adjacent angle on a straight line if one angle is 135°.,,,,,,Jawapan / Answer: 45°. Cara / Method: Gunakan fakta sudut bertentangan adalah sama dan sudut bersebelahan pada garis lurus berjumlah 180°. / Use the facts that vertically opposite angles are equal and adjacent angles on a straight line total 180°. Oleh itu / Therefore: 45°.,,
bab8,Bab 8: Garis dan Sudut | Chapter 8: Lines and Angles,8-3-sudut-garis-selari,8.3 Sudut yang berkaitan dengan Garis Selari dan Garis Rentas Lintang | 8.3 Angles Related to Parallel Lines and Transversals,summary,"Garis rentas lintang memotong garis selari membentuk sudut sepadan, selang-seli, dan pedalaman.","A transversal line cutting parallel lines forms corresponding, alternate, and interior angles.",,,,,,,
bab8,Bab 8: Garis dan Sudut | Chapter 8: Lines and Angles,8-3-sudut-garis-selari,8.3 Sudut yang berkaitan dengan Garis Selari dan Garis Rentas Lintang | 8.3 Angles Related to Parallel Lines and Transversals,fact,Sudut sepadan adalah sama saiz (bentuk F).,Corresponding angles are equal (F-shape).,,,,,,,
bab8,Bab 8: Garis dan Sudut | Chapter 8: Lines and Angles,8-3-sudut-garis-selari,8.3 Sudut yang berkaitan dengan Garis Selari dan Garis Rentas Lintang | 8.3 Angles Related to Parallel Lines and Transversals,fact,Sudut selang-seli sama saiz (bentuk Z); hasil tambah sudut pedalaman ialah 180° (bentuk C).,Alternate angles are equal (Z-shape); interior angles sum to 180° (C-shape).,,,,,,,
bab8,Bab 8: Garis dan Sudut | Chapter 8: Lines and Angles,8-3-sudut-garis-selari,8.3 Sudut yang berkaitan dengan Garis Selari dan Garis Rentas Lintang | 8.3 Angles Related to Parallel Lines and Transversals,person,Merumuskan postulat garis selari dalam karya Elements.,Formulated the parallel postulate in Elements.,,,,,,Euclid,Ahli Matematik / Mathematician
bab8,Bab 8: Garis dan Sudut | Chapter 8: Lines and Angles,8-3-sudut-garis-selari,8.3 Sudut yang berkaitan dengan Garis Selari dan Garis Rentas Lintang | 8.3 Angles Related to Parallel Lines and Transversals,multiple_choice,Hasil tambah dua sudut pedalaman antara dua garis selari ialah: / The sum of two interior angles between two parallel lines is:,,180°,90°,360°,120°,"Jawapan / Answer: 180°. Cara / Method: Kenal pasti sudut sepadan, sudut dalam berselang atau sudut dalam pada sisi yang sama bagi garis selari. / Identify corresponding, alternate interior or co-interior angles for parallel lines. Oleh itu / Therefore: 180°.",,
bab8,Bab 8: Garis dan Sudut | Chapter 8: Lines and Angles,8-3-sudut-garis-selari,8.3 Sudut yang berkaitan dengan Garis Selari dan Garis Rentas Lintang | 8.3 Angles Related to Parallel Lines and Transversals,multiple_choice,"Jika sudut selang-seli pada garis selari ialah x dan 65°, cari x. / If alternate angles on parallel lines are x and 65°, find x.",,65°,115°,90°,130°,"Jawapan / Answer: 65°. Cara / Method: Kenal pasti sudut sepadan, sudut dalam berselang atau sudut dalam pada sisi yang sama bagi garis selari. / Identify corresponding, alternate interior or co-interior angles for parallel lines. Oleh itu / Therefore: 65°.",,
bab8,Bab 8: Garis dan Sudut | Chapter 8: Lines and Angles,8-3-sudut-garis-selari,8.3 Sudut yang berkaitan dengan Garis Selari dan Garis Rentas Lintang | 8.3 Angles Related to Parallel Lines and Transversals,multiple_choice,Sudut sepadan pada garis selari berbentuk seperti huruf: / Corresponding angles on parallel lines form a shape like letter:,,F,Z,C,X,"Jawapan / Answer: F. Cara / Method: Kenal pasti sudut sepadan, sudut dalam berselang atau sudut dalam pada sisi yang sama bagi garis selari. / Identify corresponding, alternate interior or co-interior angles for parallel lines. Oleh itu / Therefore: F.",,
bab8,Bab 8: Garis dan Sudut | Chapter 8: Lines and Angles,8-3-sudut-garis-selari,8.3 Sudut yang berkaitan dengan Garis Selari dan Garis Rentas Lintang | 8.3 Angles Related to Parallel Lines and Transversals,multiple_choice,"Jika sudut pedalaman ialah x dan 110°, cari x. / If interior angles are x and 110°, find x.",,70°,110°,80°,90°,"Jawapan / Answer: 70°. Cara / Method: Kenal pasti sudut sepadan, sudut dalam berselang atau sudut dalam pada sisi yang sama bagi garis selari. / Identify corresponding, alternate interior or co-interior angles for parallel lines. Oleh itu / Therefore: 70°.",,
bab8,Bab 8: Garis dan Sudut | Chapter 8: Lines and Angles,8-3-sudut-garis-selari,8.3 Sudut yang berkaitan dengan Garis Selari dan Garis Rentas Lintang | 8.3 Angles Related to Parallel Lines and Transversals,multiple_choice,Manakah antara berikut BENAR bagi sudut selang-seli? / Which of the following is TRUE for alternate angles?,,Nilainya adalah sama / Their values are equal,Hasil tambah ialah 180° / Sum is 180°,Hasil tambah ialah 90° / Sum is 90°,Nilainya sentiasa 90° / Value is always 90°,"Jawapan / Answer: Nilainya adalah sama / Their values are equal. Cara / Method: Kenal pasti sudut sepadan, sudut dalam berselang atau sudut dalam pada sisi yang sama bagi garis selari. / Identify corresponding, alternate interior or co-interior angles for parallel lines. Oleh itu / Therefore: Nilainya adalah sama / Their values are equal.",,
bab8,Bab 8: Garis dan Sudut | Chapter 8: Lines and Angles,8-3-sudut-garis-selari,8.3 Sudut yang berkaitan dengan Garis Selari dan Garis Rentas Lintang | 8.3 Angles Related to Parallel Lines and Transversals,objective,Cari nilai x jika sudut sepadan pada garis selari ialah (3x - 15)° dan 75°. / Find x if corresponding angles on parallel lines are (3x - 15)° and 75°.,,,,,,"Jawapan / Answer: 30°. Cara / Method: Kenal pasti sudut sepadan, sudut dalam berselang atau sudut dalam pada sisi yang sama bagi garis selari. / Identify corresponding, alternate interior or co-interior angles for parallel lines. Oleh itu / Therefore: 30°.",,
bab8,Bab 8: Garis dan Sudut | Chapter 8: Lines and Angles,8-3-sudut-garis-selari,8.3 Sudut yang berkaitan dengan Garis Selari dan Garis Rentas Lintang | 8.3 Angles Related to Parallel Lines and Transversals,objective,Dua sudut pedalaman ialah x dan 70°. Cari nilai x. / Two interior angles are x and 70°. Find x.,,,,,,"Jawapan / Answer: 110°. Cara / Method: Kenal pasti sudut sepadan, sudut dalam berselang atau sudut dalam pada sisi yang sama bagi garis selari. / Identify corresponding, alternate interior or co-interior angles for parallel lines. Oleh itu / Therefore: 110°.",,
bab9,Bab 9: Poligon Asas | Chapter 9: Basic Polygons,9-1-poligon,9.1 Poligon | 9.1 Polygons,summary,Poligon ialah bentuk satah tertutup yang dibatasi oleh tiga atau lebih sisi lurus.,A polygon is a closed plane figure bounded by three or more straight sides.,,,,,,,
bab9,Bab 9: Poligon Asas | Chapter 9: Basic Polygons,9-1-poligon,9.1 Poligon | 9.1 Polygons,fact,Poligon dinamakan mengikut bilangan sisinya.,Polygons are named according to their number of sides.,,,,,,,
bab9,Bab 9: Poligon Asas | Chapter 9: Basic Polygons,9-1-poligon,9.1 Poligon | 9.1 Polygons,fact,Perpenjuru mengaitkan dua bucu tidak bersebelahan.,Diagonals connect non-adjacent vertices.,,,,,,,
bab9,Bab 9: Poligon Asas | Chapter 9: Basic Polygons,9-1-poligon,9.1 Poligon | 9.1 Polygons,person,Mengkaji pembinaan poligon sekata dalam geometri.,Studied regular polygon construction in geometry.,,,,,,Carl Friedrich Gauss,Ahli Matematik / Mathematician
bab9,Bab 9: Poligon Asas | Chapter 9: Basic Polygons,9-1-poligon,9.1 Poligon | 9.1 Polygons,multiple_choice,Berapakah bilangan sisi bagi sebuah pentagon? / How many sides does a pentagon have?,,5,6,4,8,"Jawapan / Answer: 5. Cara / Method: Gunakan sifat poligon dan formula jumlah sudut pedalaman, (n − 2) × 180°, apabila diperlukan. / Use polygon properties and the interior-angle sum formula, (n − 2) × 180°, when needed. Oleh itu / Therefore: 5.",,
bab9,Bab 9: Poligon Asas | Chapter 9: Basic Polygons,9-1-poligon,9.1 Poligon | 9.1 Polygons,multiple_choice,Berapakah bilangan bucu bagi sebuah heksagon? / How many vertices does a hexagon have?,,6,5,7,8,"Jawapan / Answer: 6. Cara / Method: Gunakan sifat poligon dan formula jumlah sudut pedalaman, (n − 2) × 180°, apabila diperlukan. / Use polygon properties and the interior-angle sum formula, (n − 2) × 180°, when needed. Oleh itu / Therefore: 6.",,
bab9,Bab 9: Poligon Asas | Chapter 9: Basic Polygons,9-1-poligon,9.1 Poligon | 9.1 Polygons,multiple_choice,"Antara bentuk berikut, yang manakah BUKAN poligon? / Which of the following shapes is NOT a polygon?",,Bulatan / Circle,Segi tiga / Triangle,Oktagon / Octagon,Trapezium,"Jawapan / Answer: Bulatan / Circle. Cara / Method: Gunakan sifat poligon dan formula jumlah sudut pedalaman, (n − 2) × 180°, apabila diperlukan. / Use polygon properties and the interior-angle sum formula, (n − 2) × 180°, when needed. Oleh itu / Therefore: Bulatan / Circle.",,
bab9,Bab 9: Poligon Asas | Chapter 9: Basic Polygons,9-1-poligon,9.1 Poligon | 9.1 Polygons,multiple_choice,Berapakah bilangan perpenjuru bagi sebuah segi empat? / How many diagonals does a quadrilateral have?,,2,4,1,3,"Jawapan / Answer: 2. Cara / Method: Gunakan sifat poligon dan formula jumlah sudut pedalaman, (n − 2) × 180°, apabila diperlukan. / Use polygon properties and the interior-angle sum formula, (n − 2) × 180°, when needed. Oleh itu / Therefore: 2.",,
bab9,Bab 9: Poligon Asas | Chapter 9: Basic Polygons,9-1-poligon,9.1 Poligon | 9.1 Polygons,multiple_choice,Apakah nama poligon yang mempunyai 8 sisi? / What is the name of an 8-sided polygon?,,Oktagon / Octagon,Heksagon / Hexagon,Heptagon,Nonagon,"Jawapan / Answer: Oktagon / Octagon. Cara / Method: Gunakan sifat poligon dan formula jumlah sudut pedalaman, (n − 2) × 180°, apabila diperlukan. / Use polygon properties and the interior-angle sum formula, (n − 2) × 180°, when needed. Oleh itu / Therefore: Oktagon / Octagon.",,
bab9,Bab 9: Poligon Asas | Chapter 9: Basic Polygons,9-1-poligon,9.1 Poligon | 9.1 Polygons,objective,Nyatakan bilangan sisi bagi sebuah heptagon. / State the number of sides of a heptagon.,,,,,,"Jawapan / Answer: 7. Cara / Method: Gunakan sifat poligon dan formula jumlah sudut pedalaman, (n − 2) × 180°, apabila diperlukan. / Use polygon properties and the interior-angle sum formula, (n − 2) × 180°, when needed. Oleh itu / Therefore: 7.",,
bab9,Bab 9: Poligon Asas | Chapter 9: Basic Polygons,9-1-poligon,9.1 Poligon | 9.1 Polygons,objective,Berapakah bilangan sisi minimum untuk membentuk sebuah poligon? / What is the minimum number of sides to form a polygon?,,,,,,"Jawapan / Answer: 3. Cara / Method: Gunakan sifat poligon dan formula jumlah sudut pedalaman, (n − 2) × 180°, apabila diperlukan. / Use polygon properties and the interior-angle sum formula, (n − 2) × 180°, when needed. Oleh itu / Therefore: 3.",,
bab9,Bab 9: Poligon Asas | Chapter 9: Basic Polygons,9-2-sifat-segi-tiga,9.2 Sifat Segi Tiga dan Sudut Pedalaman serta Sudut Peluaran Segi Tiga | 9.2 Properties of Triangles and Interior & Exterior Angles of Triangles,summary,Hasil tambah sudut pedalaman segi tiga sentiasa 180°.,The sum of interior angles of a triangle is always 180°.,,,,,,,
bab9,Bab 9: Poligon Asas | Chapter 9: Basic Polygons,9-2-sifat-segi-tiga,9.2 Sifat Segi Tiga dan Sudut Pedalaman serta Sudut Peluaran Segi Tiga | 9.2 Properties of Triangles and Interior & Exterior Angles of Triangles,fact,Sudut peluaran segi tiga sama dengan hasil tambah dua sudut pedalaman bertentangan.,The exterior angle equals the sum of two opposite interior angles.,,,,,,,
bab9,Bab 9: Poligon Asas | Chapter 9: Basic Polygons,9-2-sifat-segi-tiga,9.2 Sifat Segi Tiga dan Sudut Pedalaman serta Sudut Peluaran Segi Tiga | 9.2 Properties of Triangles and Interior & Exterior Angles of Triangles,fact,Segi tiga sama sisi mempunyai tiga sudut bernilai 60°.,An equilateral triangle has three 60° angles.,,,,,,,
bab9,Bab 9: Poligon Asas | Chapter 9: Basic Polygons,9-2-sifat-segi-tiga,9.2 Sifat Segi Tiga dan Sudut Pedalaman serta Sudut Peluaran Segi Tiga | 9.2 Properties of Triangles and Interior & Exterior Angles of Triangles,person,Membuktikan teorem sudut pedalaman segi tiga.,Proved the interior angle sum theorem for triangles.,,,,,,Pythagoras,Ahli Matematik / Mathematician
bab9,Bab 9: Poligon Asas | Chapter 9: Basic Polygons,9-2-sifat-segi-tiga,9.2 Sifat Segi Tiga dan Sudut Pedalaman serta Sudut Peluaran Segi Tiga | 9.2 Properties of Triangles and Interior & Exterior Angles of Triangles,multiple_choice,Berapakah hasil tambah sudut pedalaman bagi sebuah segi tiga? / What is the sum of interior angles of a triangle?,,180°,360°,90°,270°,"Jawapan / Answer: 180°. Cara / Method: Gunakan jumlah sudut pedalaman segi tiga, 180°, atau fakta sudut peluaran sama dengan jumlah dua sudut pedalaman bertentangan. / Use the triangle interior-angle sum, 180°, or the fact that an exterior angle equals the two opposite interior angles combined. Oleh itu / Therefore: 180°.",,
bab9,Bab 9: Poligon Asas | Chapter 9: Basic Polygons,9-2-sifat-segi-tiga,9.2 Sifat Segi Tiga dan Sudut Pedalaman serta Sudut Peluaran Segi Tiga | 9.2 Properties of Triangles and Interior & Exterior Angles of Triangles,multiple_choice,Dua sudut dalam segi tiga ialah 50° dan 70°. Cari sudut ketiga. / Two angles in a triangle are 50° and 70°. Find the third angle.,,60°,50°,80°,90°,"Jawapan / Answer: 60°. Cara / Method: Gunakan jumlah sudut pedalaman segi tiga, 180°, atau fakta sudut peluaran sama dengan jumlah dua sudut pedalaman bertentangan. / Use the triangle interior-angle sum, 180°, or the fact that an exterior angle equals the two opposite interior angles combined. Oleh itu / Therefore: 60°.",,
bab9,Bab 9: Poligon Asas | Chapter 9: Basic Polygons,9-2-sifat-segi-tiga,9.2 Sifat Segi Tiga dan Sudut Pedalaman serta Sudut Peluaran Segi Tiga | 9.2 Properties of Triangles and Interior & Exterior Angles of Triangles,multiple_choice,"Jika sudut peluaran segi tiga ialah 110° dan satu sudut pedalaman bertentangan ialah 45°, cari sudut pedalaman bertentangan satu lagi. / If exterior angle is 110° and one opposite interior is 45°, find the other.",,65°,55°,75°,135°,"Jawapan / Answer: 65°. Cara / Method: Gunakan jumlah sudut pedalaman segi tiga, 180°, atau fakta sudut peluaran sama dengan jumlah dua sudut pedalaman bertentangan. / Use the triangle interior-angle sum, 180°, or the fact that an exterior angle equals the two opposite interior angles combined. Oleh itu / Therefore: 65°.",,
bab9,Bab 9: Poligon Asas | Chapter 9: Basic Polygons,9-2-sifat-segi-tiga,9.2 Sifat Segi Tiga dan Sudut Pedalaman serta Sudut Peluaran Segi Tiga | 9.2 Properties of Triangles and Interior & Exterior Angles of Triangles,multiple_choice,Apakah saiz setiap sudut dalam segi tiga sama sisi? / What is the size of each angle in an equilateral triangle?,,60°,45°,90°,30°,"Jawapan / Answer: 60°. Cara / Method: Gunakan jumlah sudut pedalaman segi tiga, 180°, atau fakta sudut peluaran sama dengan jumlah dua sudut pedalaman bertentangan. / Use the triangle interior-angle sum, 180°, or the fact that an exterior angle equals the two opposite interior angles combined. Oleh itu / Therefore: 60°.",,
bab9,Bab 9: Poligon Asas | Chapter 9: Basic Polygons,9-2-sifat-segi-tiga,9.2 Sifat Segi Tiga dan Sudut Pedalaman serta Sudut Peluaran Segi Tiga | 9.2 Properties of Triangles and Interior & Exterior Angles of Triangles,multiple_choice,Segi tiga sama kaki mempunyai sekurang-kurangnya berapa sisi sama panjang? / An isosceles triangle has at least how many equal sides?,,2,3,1,0,"Jawapan / Answer: 2. Cara / Method: Gunakan jumlah sudut pedalaman segi tiga, 180°, atau fakta sudut peluaran sama dengan jumlah dua sudut pedalaman bertentangan. / Use the triangle interior-angle sum, 180°, or the fact that an exterior angle equals the two opposite interior angles combined. Oleh itu / Therefore: 2.",,
bab9,Bab 9: Poligon Asas | Chapter 9: Basic Polygons,9-2-sifat-segi-tiga,9.2 Sifat Segi Tiga dan Sudut Pedalaman serta Sudut Peluaran Segi Tiga | 9.2 Properties of Triangles and Interior & Exterior Angles of Triangles,objective,"Sudut-sudut segi tiga ialah x, 2x, dan 3x. Cari nilai x. / Angles of a triangle are x, 2x, and 3x. Find x.",,,,,,"Jawapan / Answer: 30°. Cara / Method: Gunakan jumlah sudut pedalaman segi tiga, 180°, atau fakta sudut peluaran sama dengan jumlah dua sudut pedalaman bertentangan. / Use the triangle interior-angle sum, 180°, or the fact that an exterior angle equals the two opposite interior angles combined. Oleh itu / Therefore: 30°.",,
bab9,Bab 9: Poligon Asas | Chapter 9: Basic Polygons,9-2-sifat-segi-tiga,9.2 Sifat Segi Tiga dan Sudut Pedalaman serta Sudut Peluaran Segi Tiga | 9.2 Properties of Triangles and Interior & Exterior Angles of Triangles,objective,Cari sudut peluaran bagi segi tiga jika dua sudut pedalaman bertentangan ialah 40° dan 85°. / Find exterior angle if two opposite interior angles are 40° and 85°.,,,,,,"Jawapan / Answer: 125°. Cara / Method: Gunakan jumlah sudut pedalaman segi tiga, 180°, atau fakta sudut peluaran sama dengan jumlah dua sudut pedalaman bertentangan. / Use the triangle interior-angle sum, 180°, or the fact that an exterior angle equals the two opposite interior angles combined. Oleh itu / Therefore: 125°.",,
bab9,Bab 9: Poligon Asas | Chapter 9: Basic Polygons,9-3-sifat-sisi-empat,9.3 Sifat Sisi Empat dan Sudut Pedalaman serta Sudut Peluaran Sisi Empat | 9.3 Properties of Quadrilaterals and Interior & Exterior Angles of Quadrilaterals,summary,Sisi empat mempunyai 4 sisi dan hasil tambah sudut pedalamannya ialah 360°.,Quadrilaterals have 4 sides and their interior angles sum to 360°.,,,,,,,
bab9,Bab 9: Poligon Asas | Chapter 9: Basic Polygons,9-3-sifat-sisi-empat,9.3 Sifat Sisi Empat dan Sudut Pedalaman serta Sudut Peluaran Sisi Empat | 9.3 Properties of Quadrilaterals and Interior & Exterior Angles of Quadrilaterals,fact,Sudut bertentangan dalam segi empat selari adalah sama saiz.,Opposite angles in a parallelogram are equal.,,,,,,,
bab9,Bab 9: Poligon Asas | Chapter 9: Basic Polygons,9-3-sifat-sisi-empat,9.3 Sifat Sisi Empat dan Sudut Pedalaman serta Sudut Peluaran Sisi Empat | 9.3 Properties of Quadrilaterals and Interior & Exterior Angles of Quadrilaterals,fact,Perpenjuru rombus bersilang pada sudut tegak 90°.,Diagonals of a rhombus intersect at right angles (90°).,,,,,,,
bab9,Bab 9: Poligon Asas | Chapter 9: Basic Polygons,9-3-sifat-sisi-empat,9.3 Sifat Sisi Empat dan Sudut Pedalaman serta Sudut Peluaran Sisi Empat | 9.3 Properties of Quadrilaterals and Interior & Exterior Angles of Quadrilaterals,person,Mengkaji geometri satah bagi sisi empat.,Studied plane geometry of quadrilaterals.,,,,,,Ptolemy,Ahli Astronomi / Astronomer
bab9,Bab 9: Poligon Asas | Chapter 9: Basic Polygons,9-3-sifat-sisi-empat,9.3 Sifat Sisi Empat dan Sudut Pedalaman serta Sudut Peluaran Sisi Empat | 9.3 Properties of Quadrilaterals and Interior & Exterior Angles of Quadrilaterals,multiple_choice,Berapakah hasil tambah sudut pedalaman bagi sebuah sisi empat? / What is the sum of interior angles of a quadrilateral?,,360°,180°,540°,90°,"Jawapan / Answer: 360°. Cara / Method: Gunakan jumlah sudut pedalaman sisi empat, 360°, dan sifat bentuk khusus seperti segi empat tepat atau segi empat sama. / Use the quadrilateral interior-angle sum, 360°, and properties of special shapes such as rectangles or squares. Oleh itu / Therefore: 360°.",,
bab9,Bab 9: Poligon Asas | Chapter 9: Basic Polygons,9-3-sifat-sisi-empat,9.3 Sifat Sisi Empat dan Sudut Pedalaman serta Sudut Peluaran Sisi Empat | 9.3 Properties of Quadrilaterals and Interior & Exterior Angles of Quadrilaterals,multiple_choice,"Tiga sudut sebuah sisi empat ialah 90°, 85°, dan 95°. Cari sudut keempat. / Three angles of a quadrilateral are 90°, 85°, and 95°. Find the fourth angle.",,90°,100°,80°,110°,"Jawapan / Answer: 90°. Cara / Method: Gunakan jumlah sudut pedalaman sisi empat, 360°, dan sifat bentuk khusus seperti segi empat tepat atau segi empat sama. / Use the quadrilateral interior-angle sum, 360°, and properties of special shapes such as rectangles or squares. Oleh itu / Therefore: 90°.",,
bab9,Bab 9: Poligon Asas | Chapter 9: Basic Polygons,9-3-sifat-sisi-empat,9.3 Sifat Sisi Empat dan Sudut Pedalaman serta Sudut Peluaran Sisi Empat | 9.3 Properties of Quadrilaterals and Interior & Exterior Angles of Quadrilaterals,multiple_choice,Manakah antara berikut BUKAN sifat segi empat selari? / Which of the following is NOT a property of a parallelogram?,,Semua sisi sama panjang / All sides equal length,Sisi bertentangan selari / Opposite sides parallel,Sudut bertentangan sama / Opposite angles equal,Perpenjuru membahagi dua sama / Diagonals bisect each other,"Jawapan / Answer: Semua sisi sama panjang / All sides equal length. Cara / Method: Gunakan jumlah sudut pedalaman sisi empat, 360°, dan sifat bentuk khusus seperti segi empat tepat atau segi empat sama. / Use the quadrilateral interior-angle sum, 360°, and properties of special shapes such as rectangles or squares. Oleh itu / Therefore: Semua sisi sama panjang / All sides equal length.",,
bab9,Bab 9: Poligon Asas | Chapter 9: Basic Polygons,9-3-sifat-sisi-empat,9.3 Sifat Sisi Empat dan Sudut Pedalaman serta Sudut Peluaran Sisi Empat | 9.3 Properties of Quadrilaterals and Interior & Exterior Angles of Quadrilaterals,multiple_choice,Apakah bentuk sisi empat yang mempunyai hanya satu pasangan sisi selari? / Which quadrilateral has only one pair of parallel sides?,,Trapezium,Rombus,Lelayang / Kite,Segi empat tepat / Rectangle,"Jawapan / Answer: Trapezium. Cara / Method: Gunakan jumlah sudut pedalaman sisi empat, 360°, dan sifat bentuk khusus seperti segi empat tepat atau segi empat sama. / Use the quadrilateral interior-angle sum, 360°, and properties of special shapes such as rectangles or squares. Oleh itu / Therefore: Trapezium.",,
bab9,Bab 9: Poligon Asas | Chapter 9: Basic Polygons,9-3-sifat-sisi-empat,9.3 Sifat Sisi Empat dan Sudut Pedalaman serta Sudut Peluaran Sisi Empat | 9.3 Properties of Quadrilaterals and Interior & Exterior Angles of Quadrilaterals,multiple_choice,"Jika dua sudut bersebelahan dalam segi empat selari ialah x dan 75°, cari x. / If two adjacent angles in a parallelogram are x and 75°, find x.",,105°,75°,15°,90°,"Jawapan / Answer: 105°. Cara / Method: Gunakan jumlah sudut pedalaman sisi empat, 360°, dan sifat bentuk khusus seperti segi empat tepat atau segi empat sama. / Use the quadrilateral interior-angle sum, 360°, and properties of special shapes such as rectangles or squares. Oleh itu / Therefore: 105°.",,
bab9,Bab 9: Poligon Asas | Chapter 9: Basic Polygons,9-3-sifat-sisi-empat,9.3 Sifat Sisi Empat dan Sudut Pedalaman serta Sudut Peluaran Sisi Empat | 9.3 Properties of Quadrilaterals and Interior & Exterior Angles of Quadrilaterals,objective,"Cari nilai x jika sudut-sudut sisi empat ialah x, 80°, 100°, dan 110°. / Find x if quadrilateral angles are x, 80°, 100°, and 110°.",,,,,,"Jawapan / Answer: 70°. Cara / Method: Gunakan jumlah sudut pedalaman sisi empat, 360°, dan sifat bentuk khusus seperti segi empat tepat atau segi empat sama. / Use the quadrilateral interior-angle sum, 360°, and properties of special shapes such as rectangles or squares. Oleh itu / Therefore: 70°.",,
bab9,Bab 9: Poligon Asas | Chapter 9: Basic Polygons,9-3-sifat-sisi-empat,9.3 Sifat Sisi Empat dan Sudut Pedalaman serta Sudut Peluaran Sisi Empat | 9.3 Properties of Quadrilaterals and Interior & Exterior Angles of Quadrilaterals,objective,Nyatakan nama sisi empat yang mempunyai 4 sisi sama panjang dan sudut 90°. / State the quadrilateral with 4 equal sides and 90° angles.,,,,,,"Jawapan / Answer: Segi empat sama / Square. Cara / Method: Gunakan jumlah sudut pedalaman sisi empat, 360°, dan sifat bentuk khusus seperti segi empat tepat atau segi empat sama. / Use the quadrilateral interior-angle sum, 360°, and properties of special shapes such as rectangles or squares. Oleh itu / Therefore: Segi empat sama / Square.",,
bab10,Bab 10: Perimeter dan Luas | Chapter 10: Perimeter and Area,10-1-perimeter,10.1 Perimeter | 10.1 Perimeter,summary,Perimeter ialah jumlah panjang sempadan mengelilingi suatu kawasan tertutup.,Perimeter is the total boundary length enclosing a closed shape.,,,,,,,
bab10,Bab 10: Perimeter dan Luas | Chapter 10: Perimeter and Area,10-1-perimeter,10.1 Perimeter | 10.1 Perimeter,fact,"Perimeter diukur dalam unit panjang seperti cm, m, km.","Perimeter is measured in linear units like cm, m, km.",,,,,,,
bab10,Bab 10: Perimeter dan Luas | Chapter 10: Perimeter and Area,10-1-perimeter,10.1 Perimeter | 10.1 Perimeter,fact,Perimeter bentuk gabungan dihitung dengan menambah panjang sisi terluar.,Perimeter of composite shapes is found by adding outer boundary lengths.,,,,,,,
bab10,Bab 10: Perimeter dan Luas | Chapter 10: Perimeter and Area,10-1-perimeter,10.1 Perimeter | 10.1 Perimeter,person,Pelopor pengiraan perimeter dan ukuran tanah purba.,Pioneer of perimeter calculation and land surveying.,,,,,,Scribe Ahmes,Ahli Matematik / Mathematician
bab10,Bab 10: Perimeter dan Luas | Chapter 10: Perimeter and Area,10-1-perimeter,10.1 Perimeter | 10.1 Perimeter,multiple_choice,Cari perimeter sebuah segi empat sama dengan panjang sisi 5 cm. / Find the perimeter of a square with side length 5 cm.,,20 cm,25 cm,10 cm,15 cm,Jawapan / Answer: 20 cm. Cara / Method: Tambah semua panjang sisi dengan unit yang sama untuk mendapatkan perimeter. / Add all side lengths in the same unit to obtain the perimeter. Oleh itu / Therefore: 20 cm.,,
bab10,Bab 10: Perimeter dan Luas | Chapter 10: Perimeter and Area,10-1-perimeter,10.1 Perimeter | 10.1 Perimeter,multiple_choice,Sebuah segi empat tepat berukuran 8 cm panjang dan 3 cm lebar. Cari perimeternya. / A rectangle is 8 cm long and 3 cm wide. Find its perimeter.,,22 cm,24 cm,11 cm,16 cm,Jawapan / Answer: 22 cm. Cara / Method: Tambah semua panjang sisi dengan unit yang sama untuk mendapatkan perimeter. / Add all side lengths in the same unit to obtain the perimeter. Oleh itu / Therefore: 22 cm.,,
bab10,Bab 10: Perimeter dan Luas | Chapter 10: Perimeter and Area,10-1-perimeter,10.1 Perimeter | 10.1 Perimeter,multiple_choice,Perimeter segi tiga sama sisi ialah 27 cm. Cari panjang sisinya. / The perimeter of an equilateral triangle is 27 cm. Find side length.,,9 cm,3 cm,81 cm,18 cm,Jawapan / Answer: 9 cm. Cara / Method: Tambah semua panjang sisi dengan unit yang sama untuk mendapatkan perimeter. / Add all side lengths in the same unit to obtain the perimeter. Oleh itu / Therefore: 9 cm.,,
bab10,Bab 10: Perimeter dan Luas | Chapter 10: Perimeter and Area,10-1-perimeter,10.1 Perimeter | 10.1 Perimeter,multiple_choice,"Hitung perimeter segi tiga bersisi 6 cm, 8 cm, dan 10 cm. / Calculate the perimeter of a triangle with sides 6 cm, 8 cm, 10 cm.",,24 cm,48 cm,14 cm,18 cm,Jawapan / Answer: 24 cm. Cara / Method: Tambah semua panjang sisi dengan unit yang sama untuk mendapatkan perimeter. / Add all side lengths in the same unit to obtain the perimeter. Oleh itu / Therefore: 24 cm.,,
bab10,Bab 10: Perimeter dan Luas | Chapter 10: Perimeter and Area,10-1-perimeter,10.1 Perimeter | 10.1 Perimeter,multiple_choice,Sebuah kawasan segi empat sama mempunyai perimeter 36 m. Cari panjang sisinya. / A square field has a perimeter of 36 m. Find side length.,,9 m,6 m,12 m,18 m,Jawapan / Answer: 9 m. Cara / Method: Tambah semua panjang sisi dengan unit yang sama untuk mendapatkan perimeter. / Add all side lengths in the same unit to obtain the perimeter. Oleh itu / Therefore: 9 m.,,
bab10,Bab 10: Perimeter dan Luas | Chapter 10: Perimeter and Area,10-1-perimeter,10.1 Perimeter | 10.1 Perimeter,objective,Cari perimeter segi tiga sama kaki dengan tapak 6 cm dan dua sisi lain 5 cm. / Find perimeter of isosceles triangle with base 6 cm and two equal sides 5 cm.,,,,,,Jawapan / Answer: 16 cm. Cara / Method: Tambah semua panjang sisi dengan unit yang sama untuk mendapatkan perimeter. / Add all side lengths in the same unit to obtain the perimeter. Oleh itu / Therefore: 16 cm.,,
bab10,Bab 10: Perimeter dan Luas | Chapter 10: Perimeter and Area,10-1-perimeter,10.1 Perimeter | 10.1 Perimeter,objective,Hitung perimeter segi empat tepat 12 cm × 5 cm. / Calculate perimeter of rectangle 12 cm × 5 cm.,,,,,,Jawapan / Answer: 34 cm. Cara / Method: Tambah semua panjang sisi dengan unit yang sama untuk mendapatkan perimeter. / Add all side lengths in the same unit to obtain the perimeter. Oleh itu / Therefore: 34 cm.,,
bab10,Bab 10: Perimeter dan Luas | Chapter 10: Perimeter and Area,10-2-luas-bentuk,"10.2 Luas Segi Tiga, Segi Empat Selari, Lelayang dan Trapezium | 10.2 Area of Triangles, Parallelograms, Kites and Trapeziums",summary,Luas mengukur saiz permukaan menggunakan formula khusus mengikut bentuk.,Area measures surface size using formulas specific to each shape.,,,,,,,
bab10,Bab 10: Perimeter dan Luas | Chapter 10: Perimeter and Area,10-2-luas-bentuk,"10.2 Luas Segi Tiga, Segi Empat Selari, Lelayang dan Trapezium | 10.2 Area of Triangles, Parallelograms, Kites and Trapeziums",fact,Luas segi tiga = 1/2 × tapak × tinggi.,Area of triangle = 1/2 × base × height.,,,,,,,
bab10,Bab 10: Perimeter dan Luas | Chapter 10: Perimeter and Area,10-2-luas-bentuk,"10.2 Luas Segi Tiga, Segi Empat Selari, Lelayang dan Trapezium | 10.2 Area of Triangles, Parallelograms, Kites and Trapeziums",fact,Luas trapezium = 1/2 × (jumlah sisi selari) × tinggi.,Area of trapezium = 1/2 × (sum of parallel sides) × height.,,,,,,,
bab10,Bab 10: Perimeter dan Luas | Chapter 10: Perimeter and Area,10-2-luas-bentuk,"10.2 Luas Segi Tiga, Segi Empat Selari, Lelayang dan Trapezium | 10.2 Area of Triangles, Parallelograms, Kites and Trapeziums",person,Pereka Formula Heron untuk luas segi tiga.,Creator of Heron's Formula for triangle area.,,,,,,Hero dari Alexandria,Ahli Matematik / Mathematician
bab10,Bab 10: Perimeter dan Luas | Chapter 10: Perimeter and Area,10-2-luas-bentuk,"10.2 Luas Segi Tiga, Segi Empat Selari, Lelayang dan Trapezium | 10.2 Area of Triangles, Parallelograms, Kites and Trapeziums",multiple_choice,Hitung luas segi tiga dengan tapak 6 cm dan tinggi 4 cm. / Calculate the area of a triangle with base 6 cm and height 4 cm.,,12 cm²,24 cm²,10 cm²,8 cm²,"Jawapan / Answer: 12 cm². Cara / Method: Pilih formula luas bentuk, gantikan ukuran yang diberi dan tulis jawapan dalam unit kuasa dua. / Choose the shape’s area formula, substitute the given measurements and write the answer in square units. Oleh itu / Therefore: 12 cm².",,
bab10,Bab 10: Perimeter dan Luas | Chapter 10: Perimeter and Area,10-2-luas-bentuk,"10.2 Luas Segi Tiga, Segi Empat Selari, Lelayang dan Trapezium | 10.2 Area of Triangles, Parallelograms, Kites and Trapeziums",multiple_choice,Cari luas segi empat selari dengan tapak 10 cm dan tinggi 5 cm. / Find the area of a parallelogram with base 10 cm and height 5 cm.,,50 cm²,25 cm²,30 cm²,15 cm²,"Jawapan / Answer: 50 cm². Cara / Method: Pilih formula luas bentuk, gantikan ukuran yang diberi dan tulis jawapan dalam unit kuasa dua. / Choose the shape’s area formula, substitute the given measurements and write the answer in square units. Oleh itu / Therefore: 50 cm².",,
bab10,Bab 10: Perimeter dan Luas | Chapter 10: Perimeter and Area,10-2-luas-bentuk,"10.2 Luas Segi Tiga, Segi Empat Selari, Lelayang dan Trapezium | 10.2 Area of Triangles, Parallelograms, Kites and Trapeziums",multiple_choice,"Hitung luas trapezium dengan sisi selari 6 cm dan 10 cm serta tinggi 4 cm. / Calculate area of trapezium with parallel sides 6 cm, 10 cm and height 4 cm.",,32 cm²,64 cm²,16 cm²,40 cm²,"Jawapan / Answer: 32 cm². Cara / Method: Pilih formula luas bentuk, gantikan ukuran yang diberi dan tulis jawapan dalam unit kuasa dua. / Choose the shape’s area formula, substitute the given measurements and write the answer in square units. Oleh itu / Therefore: 32 cm².",,
bab10,Bab 10: Perimeter dan Luas | Chapter 10: Perimeter and Area,10-2-luas-bentuk,"10.2 Luas Segi Tiga, Segi Empat Selari, Lelayang dan Trapezium | 10.2 Area of Triangles, Parallelograms, Kites and Trapeziums",multiple_choice,Cari luas lelayang dengan panjang perpenjuru 8 cm dan 6 cm. / Find area of a kite with diagonal lengths 8 cm and 6 cm.,,24 cm²,48 cm²,14 cm²,28 cm²,"Jawapan / Answer: 24 cm². Cara / Method: Pilih formula luas bentuk, gantikan ukuran yang diberi dan tulis jawapan dalam unit kuasa dua. / Choose the shape’s area formula, substitute the given measurements and write the answer in square units. Oleh itu / Therefore: 24 cm².",,
bab10,Bab 10: Perimeter dan Luas | Chapter 10: Perimeter and Area,10-2-luas-bentuk,"10.2 Luas Segi Tiga, Segi Empat Selari, Lelayang dan Trapezium | 10.2 Area of Triangles, Parallelograms, Kites and Trapeziums",multiple_choice,Luas segi empat sama ialah 49 cm². Cari panjang sisinya. / The area of a square is 49 cm². Find its side length.,,7 cm,14 cm,9.8 cm,24.5 cm,"Jawapan / Answer: 7 cm. Cara / Method: Pilih formula luas bentuk, gantikan ukuran yang diberi dan tulis jawapan dalam unit kuasa dua. / Choose the shape’s area formula, substitute the given measurements and write the answer in square units. Oleh itu / Therefore: 7 cm.",,
bab10,Bab 10: Perimeter dan Luas | Chapter 10: Perimeter and Area,10-2-luas-bentuk,"10.2 Luas Segi Tiga, Segi Empat Selari, Lelayang dan Trapezium | 10.2 Area of Triangles, Parallelograms, Kites and Trapeziums",objective,Hitung luas segi tiga bersudut tegak dengan tapak 8 cm dan tinggi 15 cm. / Calculate area of right triangle with base 8 cm and height 15 cm.,,,,,,"Jawapan / Answer: 60 cm². Cara / Method: Pilih formula luas bentuk, gantikan ukuran yang diberi dan tulis jawapan dalam unit kuasa dua. / Choose the shape’s area formula, substitute the given measurements and write the answer in square units. Oleh itu / Therefore: 60 cm².",,
bab10,Bab 10: Perimeter dan Luas | Chapter 10: Perimeter and Area,10-2-luas-bentuk,"10.2 Luas Segi Tiga, Segi Empat Selari, Lelayang dan Trapezium | 10.2 Area of Triangles, Parallelograms, Kites and Trapeziums",objective,"Cari luas trapezium jika dua sisi selari ialah 4 cm dan 8 cm, dan tinggi 5 cm. / Find area of trapezium with parallel sides 4 cm and 8 cm, height 5 cm.",,,,,,"Jawapan / Answer: 30 cm². Cara / Method: Pilih formula luas bentuk, gantikan ukuran yang diberi dan tulis jawapan dalam unit kuasa dua. / Choose the shape’s area formula, substitute the given measurements and write the answer in square units. Oleh itu / Therefore: 30 cm².",,
bab10,Bab 10: Perimeter dan Luas | Chapter 10: Perimeter and Area,10-3-perkaitan-perimeter-dan-luas,10.3 Perkaitan antara Perimeter dan Luas | 10.3 Relationship between Perimeter and Area,summary,"Membandingkan bentuk dengan perimeter sama tetapi luas berbeza, dan sebaliknya.","Comparing shapes with equal perimeters but different areas, and vice versa.",,,,,,,
bab10,Bab 10: Perimeter dan Luas | Chapter 10: Perimeter and Area,10-3-perkaitan-perimeter-dan-luas,10.3 Perkaitan antara Perimeter dan Luas | 10.3 Relationship between Perimeter and Area,fact,"Bagi perimeter tetap, segi empat sama merangkumi luas paling besar.","For a fixed perimeter, a square encloses the maximum area.",,,,,,,
bab10,Bab 10: Perimeter dan Luas | Chapter 10: Perimeter and Area,10-3-perkaitan-perimeter-dan-luas,10.3 Perkaitan antara Perimeter dan Luas | 10.3 Relationship between Perimeter and Area,fact,"Bagi luas tetap, segi empat sama mempunyai perimeter paling kecil.","For a fixed area, a square has the minimum perimeter.",,,,,,,
bab10,Bab 10: Perimeter dan Luas | Chapter 10: Perimeter and Area,10-3-perkaitan-perimeter-dan-luas,10.3 Perkaitan antara Perimeter dan Luas | 10.3 Relationship between Perimeter and Area,person,Mengkaji masalah isoperimetrik dalam geometri.,Studied isoperimetric problems in geometry.,,,,,,Zenodorus,Ahli Matematik / Mathematician
bab10,Bab 10: Perimeter dan Luas | Chapter 10: Perimeter and Area,10-3-perkaitan-perimeter-dan-luas,10.3 Perkaitan antara Perimeter dan Luas | 10.3 Relationship between Perimeter and Area,multiple_choice,"Antara bentuk berikut dengan perimeter 16 cm, yang manakah mempunyai luas terbesar? / Among shapes with perimeter 16 cm, which has the largest area?",,Segi empat sama 4cm x 4cm,Segi empat tepat 6cm x 2cm,Segi empat tepat 7cm x 1cm,Segi empat tepat 5cm x 3cm,Jawapan / Answer: Segi empat sama 4cm x 4cm. Cara / Method: Kira perimeter dengan jumlah sisi dan luas dengan formula bentuk; bezakan unit panjang dengan unit kuasa dua. / Calculate perimeter by adding sides and area by formula; distinguish length units from square units. Oleh itu / Therefore: Segi empat sama 4cm x 4cm.,,
bab10,Bab 10: Perimeter dan Luas | Chapter 10: Perimeter and Area,10-3-perkaitan-perimeter-dan-luas,10.3 Perkaitan antara Perimeter dan Luas | 10.3 Relationship between Perimeter and Area,multiple_choice,Berapakah luas maksimum bagi segi empat tepat dengan perimeter 20 cm? / What is the maximum area for a rectangle with a perimeter of 20 cm?,,25 cm²,20 cm²,16 cm²,24 cm²,Jawapan / Answer: 25 cm². Cara / Method: Kira perimeter dengan jumlah sisi dan luas dengan formula bentuk; bezakan unit panjang dengan unit kuasa dua. / Calculate perimeter by adding sides and area by formula; distinguish length units from square units. Oleh itu / Therefore: 25 cm².,,
bab10,Bab 10: Perimeter dan Luas | Chapter 10: Perimeter and Area,10-3-perkaitan-perimeter-dan-luas,10.3 Perkaitan antara Perimeter dan Luas | 10.3 Relationship between Perimeter and Area,multiple_choice,"Bagi luas yang tetap 36 cm², bentuk segi empat tepat manakah mempunyai perimeter terkecil? / For fixed area 36 cm², which rectangle has minimum perimeter?",,Segi empat sama 6cm x 6cm,Segi empat tepat 9cm x 4cm,Segi empat tepat 12cm x 3cm,Segi empat tepat 18cm x 2cm,Jawapan / Answer: Segi empat sama 6cm x 6cm. Cara / Method: Kira perimeter dengan jumlah sisi dan luas dengan formula bentuk; bezakan unit panjang dengan unit kuasa dua. / Calculate perimeter by adding sides and area by formula; distinguish length units from square units. Oleh itu / Therefore: Segi empat sama 6cm x 6cm.,,
bab10,Bab 10: Perimeter dan Luas | Chapter 10: Perimeter and Area,10-3-perkaitan-perimeter-dan-luas,10.3 Perkaitan antara Perimeter dan Luas | 10.3 Relationship between Perimeter and Area,multiple_choice,Segi empat tepat A (8cm × 2cm) dan B (5cm × 5cm) mempunyai perimeter sama. Yang mana lebih luas? / Rectangles A (8cm × 2cm) and B (5cm × 5cm) have equal perimeters. Which has larger area?,,B,A,Kedua-duanya sama / Both equal,Tidak dapat ditentukan / Cannot be determined,Jawapan / Answer: B. Cara / Method: Kira perimeter dengan jumlah sisi dan luas dengan formula bentuk; bezakan unit panjang dengan unit kuasa dua. / Calculate perimeter by adding sides and area by formula; distinguish length units from square units. Oleh itu / Therefore: B.,,
bab10,Bab 10: Perimeter dan Luas | Chapter 10: Perimeter and Area,10-3-perkaitan-perimeter-dan-luas,10.3 Perkaitan antara Perimeter dan Luas | 10.3 Relationship between Perimeter and Area,multiple_choice,"Antara segi empat tepat bersisi berikut dengan perimeter 24 cm, pilih yang paling kecil luasnya. / Among rectangles with perimeter 24 cm, choose the smallest area.",,11cm x 1cm,10cm x 2cm,9cm x 3cm,8cm x 4cm,Jawapan / Answer: 11cm x 1cm. Cara / Method: Kira perimeter dengan jumlah sisi dan luas dengan formula bentuk; bezakan unit panjang dengan unit kuasa dua. / Calculate perimeter by adding sides and area by formula; distinguish length units from square units. Oleh itu / Therefore: 11cm x 1cm.,,
bab10,Bab 10: Perimeter dan Luas | Chapter 10: Perimeter and Area,10-3-perkaitan-perimeter-dan-luas,10.3 Perkaitan antara Perimeter dan Luas | 10.3 Relationship between Perimeter and Area,objective,Cari luas maksimum segi empat tepat yang mempunyai perimeter 32 cm. / Find maximum area of a rectangle with perimeter 32 cm.,,,,,,Jawapan / Answer: 64 cm². Cara / Method: Kira perimeter dengan jumlah sisi dan luas dengan formula bentuk; bezakan unit panjang dengan unit kuasa dua. / Calculate perimeter by adding sides and area by formula; distinguish length units from square units. Oleh itu / Therefore: 64 cm².,,
bab10,Bab 10: Perimeter dan Luas | Chapter 10: Perimeter and Area,10-3-perkaitan-perimeter-dan-luas,10.3 Perkaitan antara Perimeter dan Luas | 10.3 Relationship between Perimeter and Area,objective,Cari perimeter terkecil segi empat tepat yang mempunyai luas 100 cm². / Find minimum perimeter of a rectangle with area 100 cm².,,,,,,Jawapan / Answer: 40 cm. Cara / Method: Kira perimeter dengan jumlah sisi dan luas dengan formula bentuk; bezakan unit panjang dengan unit kuasa dua. / Calculate perimeter by adding sides and area by formula; distinguish length units from square units. Oleh itu / Therefore: 40 cm.,,
bab11,Bab 11: Pengenalan Set | Chapter 11: Introduction to Sets,11-1-set,11.1 Set | 11.1 Sets,summary,Set ialah koleksi objek dengan ciri-ciri sepunya yang ditakrifkan secara jelas.,A set is a collection of objects sharing clearly defined common traits.,,,,,,,
bab11,Bab 11: Pengenalan Set | Chapter 11: Introduction to Sets,11-1-set,11.1 Set | 11.1 Sets,fact,Unsur dalam set ditulis dalam tatatanda tatatanda kurungan pemfaktoran { }.,Elements in a set are written inside curly brackets { }.,,,,,,,
bab11,Bab 11: Pengenalan Set | Chapter 11: Introduction to Sets,11-1-set,11.1 Set | 11.1 Sets,fact,Set kosong (∅ atau {}) tidak mengandungi sebarang unsur.,An empty set (∅ or {}) contains no elements.,,,,,,,
bab11,Bab 11: Pengenalan Set | Chapter 11: Introduction to Sets,11-1-set,11.1 Set | 11.1 Sets,person,Membangunkan Teori Set moden.,Developed modern Set Theory.,,,,,,Georg Cantor,Ahli Matematik / Mathematician
bab11,Bab 11: Pengenalan Set | Chapter 11: Introduction to Sets,11-1-set,11.1 Set | 11.1 Sets,multiple_choice,"Antara berikut, yang manakah simbol bagi set kosong? / Which of the following is the symbol for an empty set?",,∅,∈,⊂,ξ,Jawapan / Answer: ∅. Cara / Method: Gunakan notasi set dengan tepat dan semak sama ada setiap unsur memenuhi syarat set. / Use set notation accurately and check whether each element satisfies the set condition. Oleh itu / Therefore: ∅.,,
bab11,Bab 11: Pengenalan Set | Chapter 11: Introduction to Sets,11-1-set,11.1 Set | 11.1 Sets,multiple_choice,"Jika A = {faktor bagi 6}, senaraikan unsur set A. / If A = {factors of 6}, list elements of set A.",,"{1, 2, 3, 6}","{2, 3}","{1, 6}","{0, 1, 2, 3, 6}","Jawapan / Answer: {1, 2, 3, 6}. Cara / Method: Gunakan notasi set dengan tepat dan semak sama ada setiap unsur memenuhi syarat set. / Use set notation accurately and check whether each element satisfies the set condition. Oleh itu / Therefore: {1, 2, 3, 6}.",,
bab11,Bab 11: Pengenalan Set | Chapter 11: Introduction to Sets,11-1-set,11.1 Set | 11.1 Sets,multiple_choice,"Apakah bilangan unsur n(A) bagi A = {m, a, t, e, m, a, t, i, k}? / What is number of elements n(A) for A = {m, a, t, e, m, a, t, i, k}?",,6,9,5,8,Jawapan / Answer: 6. Cara / Method: Gunakan notasi set dengan tepat dan semak sama ada setiap unsur memenuhi syarat set. / Use set notation accurately and check whether each element satisfies the set condition. Oleh itu / Therefore: 6.,,
bab11,Bab 11: Pengenalan Set | Chapter 11: Introduction to Sets,11-1-set,11.1 Set | 11.1 Sets,multiple_choice,"Antara berikut, yang manakah set kosong? / Which of the following is an empty set?",,{bulan dengan 32 hari / months with 32 days},{nombor perdana genap / even prime numbers},{0},{faktor bagi 1 / factors of 1},Jawapan / Answer: {bulan dengan 32 hari / months with 32 days}. Cara / Method: Gunakan notasi set dengan tepat dan semak sama ada setiap unsur memenuhi syarat set. / Use set notation accurately and check whether each element satisfies the set condition. Oleh itu / Therefore: {bulan dengan 32 hari / months with 32 days}.,,
bab11,Bab 11: Pengenalan Set | Chapter 11: Introduction to Sets,11-1-set,11.1 Set | 11.1 Sets,multiple_choice,Simbol '∈' bermaksud: / The symbol '∈' means:,,Unsur bagi / Element of,Subset bagi / Subset of,Set semesta / Universal set,Pelengkap / Complement,Jawapan / Answer: Unsur bagi / Element of. Cara / Method: Gunakan notasi set dengan tepat dan semak sama ada setiap unsur memenuhi syarat set. / Use set notation accurately and check whether each element satisfies the set condition. Oleh itu / Therefore: Unsur bagi / Element of.,,
bab11,Bab 11: Pengenalan Set | Chapter 11: Introduction to Sets,11-1-set,11.1 Set | 11.1 Sets,objective,"Jika P = {nombor ganjil antara 1 dan 10}, tuliskan n(P). / If P = {odd numbers between 1 and 10}, write n(P).",,,,,,Jawapan / Answer: 4. Cara / Method: Gunakan notasi set dengan tepat dan semak sama ada setiap unsur memenuhi syarat set. / Use set notation accurately and check whether each element satisfies the set condition. Oleh itu / Therefore: 4.,,
bab11,Bab 11: Pengenalan Set | Chapter 11: Introduction to Sets,11-1-set,11.1 Set | 11.1 Sets,objective,Nyatakan sama ada 7 ∈ {nombor perdana}. (Ya/Tidak) / State whether 7 ∈ {prime numbers}. (Yes/No),,,,,,Jawapan / Answer: Ya / Yes. Cara / Method: Gunakan notasi set dengan tepat dan semak sama ada setiap unsur memenuhi syarat set. / Use set notation accurately and check whether each element satisfies the set condition. Oleh itu / Therefore: Ya / Yes.,,
bab11,Bab 11: Pengenalan Set | Chapter 11: Introduction to Sets,11-2-venn-diagrams,"11.2 Gambar Rajah Venn, Set Semesta, Pelengkap bagi suatu Set dan Subset | 11.2 Venn Diagrams, Universal Sets, Complement of a Set and Subsets",summary,"Gambar rajah Venn memvisualisasikan hubungan set, set semesta (ξ), pelengkap, dan subset.","Venn diagrams visualize relations between sets, universal set (ξ), complement, and subsets.",,,,,,,
bab11,Bab 11: Pengenalan Set | Chapter 11: Introduction to Sets,11-2-venn-diagrams,"11.2 Gambar Rajah Venn, Set Semesta, Pelengkap bagi suatu Set dan Subset | 11.2 Venn Diagrams, Universal Sets, Complement of a Set and Subsets",fact,Pelengkap A (A') mengandungi unsur dalam ξ yang BUKAN dalam A.,The complement A (A') contains elements in ξ that are NOT in A.,,,,,,,
bab11,Bab 11: Pengenalan Set | Chapter 11: Introduction to Sets,11-2-venn-diagrams,"11.2 Gambar Rajah Venn, Set Semesta, Pelengkap bagi suatu Set dan Subset | 11.2 Venn Diagrams, Universal Sets, Complement of a Set and Subsets",fact,Set A ⊂ B jika setiap unsur A berada dalam B.,Set A ⊂ B if every element of A is in B.,,,,,,,
bab11,Bab 11: Pengenalan Set | Chapter 11: Introduction to Sets,11-2-venn-diagrams,"11.2 Gambar Rajah Venn, Set Semesta, Pelengkap bagi suatu Set dan Subset | 11.2 Venn Diagrams, Universal Sets, Complement of a Set and Subsets",person,Memperkenalkan Gambar Rajah Venn dalam logik set.,Introduced Venn Diagrams in set logic.,,,,,,John Venn,Ahli Logik & Matematik / Logician & Mathematician
bab11,Bab 11: Pengenalan Set | Chapter 11: Introduction to Sets,11-2-venn-diagrams,"11.2 Gambar Rajah Venn, Set Semesta, Pelengkap bagi suatu Set dan Subset | 11.2 Venn Diagrams, Universal Sets, Complement of a Set and Subsets",multiple_choice,"Jika ξ = {1, 2, 3, 4, 5} dan A = {2, 4}, apakah A'? / If ξ = {1, 2, 3, 4, 5} and A = {2, 4}, what is A'?",,"{1, 3, 5}","{2, 4}","{1, 2, 3, 4, 5}",{},"Jawapan / Answer: {1, 3, 5}. Cara / Method: Tentukan set semesta dahulu, kemudian letakkan unsur pada rantau persilangan, set sahaja atau pelengkap yang betul. / Identify the universal set first, then place elements in the correct intersection, set-only or complement region. Oleh itu / Therefore: {1, 3, 5}.",,
bab11,Bab 11: Pengenalan Set | Chapter 11: Introduction to Sets,11-2-venn-diagrams,"11.2 Gambar Rajah Venn, Set Semesta, Pelengkap bagi suatu Set dan Subset | 11.2 Venn Diagrams, Universal Sets, Complement of a Set and Subsets",multiple_choice,Berapakah bilangan subset bagi set dengan 3 unsur? / How many subsets does a set with 3 elements have?,,8,6,3,4,"Jawapan / Answer: 8. Cara / Method: Tentukan set semesta dahulu, kemudian letakkan unsur pada rantau persilangan, set sahaja atau pelengkap yang betul. / Identify the universal set first, then place elements in the correct intersection, set-only or complement region. Oleh itu / Therefore: 8.",,
bab11,Bab 11: Pengenalan Set | Chapter 11: Introduction to Sets,11-2-venn-diagrams,"11.2 Gambar Rajah Venn, Set Semesta, Pelengkap bagi suatu Set dan Subset | 11.2 Venn Diagrams, Universal Sets, Complement of a Set and Subsets",multiple_choice,"Jika A = {1, 2} dan B = {1, 2, 3, 4}, manakah simbol hubungan yang betul? / If A = {1, 2} and B = {1, 2, 3, 4}, which relation symbol is correct?",,A ⊂ B,B ⊂ A,A = B,A ∈ B,"Jawapan / Answer: A ⊂ B. Cara / Method: Tentukan set semesta dahulu, kemudian letakkan unsur pada rantau persilangan, set sahaja atau pelengkap yang betul. / Identify the universal set first, then place elements in the correct intersection, set-only or complement region. Oleh itu / Therefore: A ⊂ B.",,
bab11,Bab 11: Pengenalan Set | Chapter 11: Introduction to Sets,11-2-venn-diagrams,"11.2 Gambar Rajah Venn, Set Semesta, Pelengkap bagi suatu Set dan Subset | 11.2 Venn Diagrams, Universal Sets, Complement of a Set and Subsets",multiple_choice,Simbol set semesta diwakilkan oleh: / The universal set symbol is represented by:,,ξ,∅,⊂,∈,"Jawapan / Answer: ξ. Cara / Method: Tentukan set semesta dahulu, kemudian letakkan unsur pada rantau persilangan, set sahaja atau pelengkap yang betul. / Identify the universal set first, then place elements in the correct intersection, set-only or complement region. Oleh itu / Therefore: ξ.",,
bab11,Bab 11: Pengenalan Set | Chapter 11: Introduction to Sets,11-2-venn-diagrams,"11.2 Gambar Rajah Venn, Set Semesta, Pelengkap bagi suatu Set dan Subset | 11.2 Venn Diagrams, Universal Sets, Complement of a Set and Subsets",multiple_choice,"Jika n(ξ) = 20 dan n(A) = 7, cari n(A'). / If n(ξ) = 20 and n(A) = 7, find n(A').",,13,27,7,14,"Jawapan / Answer: 13. Cara / Method: Tentukan set semesta dahulu, kemudian letakkan unsur pada rantau persilangan, set sahaja atau pelengkap yang betul. / Identify the universal set first, then place elements in the correct intersection, set-only or complement region. Oleh itu / Therefore: 13.",,
bab11,Bab 11: Pengenalan Set | Chapter 11: Introduction to Sets,11-2-venn-diagrams,"11.2 Gambar Rajah Venn, Set Semesta, Pelengkap bagi suatu Set dan Subset | 11.2 Venn Diagrams, Universal Sets, Complement of a Set and Subsets",objective,"Diberi ξ = {x : 1 ≤ x ≤ 10, x ialah integer} dan K = {2, 3, 5, 7}. Nyatakan n(K'). / Given ξ = {x : 1 ≤ x ≤ 10, x is integer} and K = {2, 3, 5, 7}. State n(K').",,,,,,"Jawapan / Answer: 6. Cara / Method: Tentukan set semesta dahulu, kemudian letakkan unsur pada rantau persilangan, set sahaja atau pelengkap yang betul. / Identify the universal set first, then place elements in the correct intersection, set-only or complement region. Oleh itu / Therefore: 6.",,
bab11,Bab 11: Pengenalan Set | Chapter 11: Introduction to Sets,11-2-venn-diagrams,"11.2 Gambar Rajah Venn, Set Semesta, Pelengkap bagi suatu Set dan Subset | 11.2 Venn Diagrams, Universal Sets, Complement of a Set and Subsets",objective,"Cari bilangan subset bagi set P = {a, b}. / Find the number of subsets for set P = {a, b}.",,,,,,"Jawapan / Answer: 4. Cara / Method: Tentukan set semesta dahulu, kemudian letakkan unsur pada rantau persilangan, set sahaja atau pelengkap yang betul. / Identify the universal set first, then place elements in the correct intersection, set-only or complement region. Oleh itu / Therefore: 4.",,
bab12,Bab 12: Pengendalian Data | Chapter 12: Data Handling,12-1-pengendalian-data,"12.1 Proses Pengumpulan, Pengorganisasian dan Perwakilan Data, serta Pentafsiran Perwakilan Data | 12.1 Data Collection, Organization, Representation and Interpretation Process",summary,"Pengendalian data mengumpul, mengorganisasi, mewakilkan (graf/carta), dan mentafsir data.","Data handling involves collecting, organizing, representing (graphs/charts), and interpreting data.",,,,,,,
bab12,Bab 12: Pengendalian Data | Chapter 12: Data Handling,12-1-pengendalian-data,"12.1 Proses Pengumpulan, Pengorganisasian dan Perwakilan Data, serta Pentafsiran Perwakilan Data | 12.1 Data Collection, Organization, Representation and Interpretation Process",fact,Data kualitatif menerangkan kategori; data kuantitatif melibatkan angka.,Qualitative data describes categories; quantitative data involves numbers.,,,,,,,
bab12,Bab 12: Pengendalian Data | Chapter 12: Data Handling,12-1-pengendalian-data,"12.1 Proses Pengumpulan, Pengorganisasian dan Perwakilan Data, serta Pentafsiran Perwakilan Data | 12.1 Data Collection, Organization, Representation and Interpretation Process",fact,Carta pai mengwakilkan data sebagai sektor bulatan daripada 360°.,Pie charts represent data as circular sectors out of 360°.,,,,,,,
bab12,Bab 12: Pengendalian Data | Chapter 12: Data Handling,12-1-pengendalian-data,"12.1 Proses Pengumpulan, Pengorganisasian dan Perwakilan Data, serta Pentafsiran Perwakilan Data | 12.1 Data Collection, Organization, Representation and Interpretation Process",person,Pelopor carta palang dan carta pai grafik moden.,Pioneer of modern graphical bar and pie charts.,,,,,,William Playfair,Ahli Jurutera & Ekonomi / Engineer & Economist
bab12,Bab 12: Pengendalian Data | Chapter 12: Data Handling,12-1-pengendalian-data,"12.1 Proses Pengumpulan, Pengorganisasian dan Perwakilan Data, serta Pentafsiran Perwakilan Data | 12.1 Data Collection, Organization, Representation and Interpretation Process",multiple_choice,Apakah jenis perwakilan data yang sesuai menunjukkan bahagian peratusan daripada keseluruhan? / Which data representation is suitable for showing percentage proportions of a whole?,,Carta Pai / Pie Chart,Plot Titik / Dot Plot,Graf Garis / Line Graph,Jadual Kekerapan / Frequency Table,"Jawapan / Answer: Carta Pai / Pie Chart. Cara / Method: Baca tajuk, label dan skala, kemudian gunakan data yang ditunjukkan untuk membuat pengiraan atau tafsiran. / Read the title, labels and scale, then use the displayed data for the calculation or interpretation. Oleh itu / Therefore: Carta Pai / Pie Chart.",,
bab12,Bab 12: Pengendalian Data | Chapter 12: Data Handling,12-1-pengendalian-data,"12.1 Proses Pengumpulan, Pengorganisasian dan Perwakilan Data, serta Pentafsiran Perwakilan Data | 12.1 Data Collection, Organization, Representation and Interpretation Process",multiple_choice,Hitung sudut sektor bagi 25% dalam carta pai. / Calculate sector angle for 25% in a pie chart.,,90°,180°,45°,60°,"Jawapan / Answer: 90°. Cara / Method: Baca tajuk, label dan skala, kemudian gunakan data yang ditunjukkan untuk membuat pengiraan atau tafsiran. / Read the title, labels and scale, then use the displayed data for the calculation or interpretation. Oleh itu / Therefore: 90°.",,
bab12,Bab 12: Pengendalian Data | Chapter 12: Data Handling,12-1-pengendalian-data,"12.1 Proses Pengumpulan, Pengorganisasian dan Perwakilan Data, serta Pentafsiran Perwakilan Data | 12.1 Data Collection, Organization, Representation and Interpretation Process",multiple_choice,"Antara berikut, yang manakah contoh data kuantitatif? / Which of the following is an example of quantitative data?",,Tinggi murid / Student height,Warna kegemaran / Favorite color,Jenama kereta / Car brand,Bangsa / Ethnicity,"Jawapan / Answer: Tinggi murid / Student height. Cara / Method: Baca tajuk, label dan skala, kemudian gunakan data yang ditunjukkan untuk membuat pengiraan atau tafsiran. / Read the title, labels and scale, then use the displayed data for the calculation or interpretation. Oleh itu / Therefore: Tinggi murid / Student height.",,
bab12,Bab 12: Pengendalian Data | Chapter 12: Data Handling,12-1-pengendalian-data,"12.1 Proses Pengumpulan, Pengorganisasian dan Perwakilan Data, serta Pentafsiran Perwakilan Data | 12.1 Data Collection, Organization, Representation and Interpretation Process",multiple_choice,Perwakilan data yang sesuai menunjukkan perubahan data mengikut masa ialah: / Suitable data representation showing changes over time is:,,Graf Garis / Line Graph,Carta Pai / Pie Chart,Plot Batang dan Daun / Stem-and-Leaf Plot,Carta Palang / Bar Chart,"Jawapan / Answer: Graf Garis / Line Graph. Cara / Method: Baca tajuk, label dan skala, kemudian gunakan data yang ditunjukkan untuk membuat pengiraan atau tafsiran. / Read the title, labels and scale, then use the displayed data for the calculation or interpretation. Oleh itu / Therefore: Graf Garis / Line Graph.",,
bab12,Bab 12: Pengendalian Data | Chapter 12: Data Handling,12-1-pengendalian-data,"12.1 Proses Pengumpulan, Pengorganisasian dan Perwakilan Data, serta Pentafsiran Perwakilan Data | 12.1 Data Collection, Organization, Representation and Interpretation Process",multiple_choice,"Jika sudut sektor epal dalam carta pai ialah 108°, berapakah peratusannya? / If apple sector angle in pie chart is 108°, what is its percentage?",,30%,25%,35%,40%,"Jawapan / Answer: 30%. Cara / Method: Baca tajuk, label dan skala, kemudian gunakan data yang ditunjukkan untuk membuat pengiraan atau tafsiran. / Read the title, labels and scale, then use the displayed data for the calculation or interpretation. Oleh itu / Therefore: 30%.",,
bab12,Bab 12: Pengendalian Data | Chapter 12: Data Handling,12-1-pengendalian-data,"12.1 Proses Pengumpulan, Pengorganisasian dan Perwakilan Data, serta Pentafsiran Perwakilan Data | 12.1 Data Collection, Organization, Representation and Interpretation Process",objective,Hitung sudut sektor bagi 40% dalam carta pai. / Calculate sector angle for 40% in a pie chart.,,,,,,"Jawapan / Answer: 144°. Cara / Method: Baca tajuk, label dan skala, kemudian gunakan data yang ditunjukkan untuk membuat pengiraan atau tafsiran. / Read the title, labels and scale, then use the displayed data for the calculation or interpretation. Oleh itu / Therefore: 144°.",,
bab12,Bab 12: Pengendalian Data | Chapter 12: Data Handling,12-1-pengendalian-data,"12.1 Proses Pengumpulan, Pengorganisasian dan Perwakilan Data, serta Pentafsiran Perwakilan Data | 12.1 Data Collection, Organization, Representation and Interpretation Process",objective,Nyatakan peratusan yang diwakilkan oleh sudut sektor 180° dalam carta pai. / State the percentage represented by a 180° sector angle in a pie chart.,,,,,,"Jawapan / Answer: 50%. Cara / Method: Baca tajuk, label dan skala, kemudian gunakan data yang ditunjukkan untuk membuat pengiraan atau tafsiran. / Read the title, labels and scale, then use the displayed data for the calculation or interpretation. Oleh itu / Therefore: 50%.",,
bab13,Bab 13: Teorem Pythagoras | Chapter 13: Pythagoras' Theorem,13-1-teorem-pythagoras,13.1 Teorem Pythagoras | 13.1 Pythagoras' Theorem,summary,"Dalam segi tiga bersudut tegak, kuasa dua hipotenus sama dengan hasil tambah kuasa dua dua sisi lain (c² = a² + b²).","In a right-angled triangle, the square of hypotenuse equals sum of squares of other sides (c² = a² + b²).",,,,,,,
bab13,Bab 13: Teorem Pythagoras | Chapter 13: Pythagoras' Theorem,13-1-teorem-pythagoras,13.1 Teorem Pythagoras | 13.1 Pythagoras' Theorem,fact,Hipotenus ialah sisi terpanjang bertentangan sudut 90°.,Hypotenuse is the longest side opposite the 90° angle.,,,,,,,
bab13,Bab 13: Teorem Pythagoras | Chapter 13: Pythagoras' Theorem,13-1-teorem-pythagoras,13.1 Teorem Pythagoras | 13.1 Pythagoras' Theorem,fact,"Tigaan Pythagoras popular termasuk (3, 4, 5) dan (5, 12, 13).","Common Pythagorean triples include (3, 4, 5) and (5, 12, 13).",,,,,,,
bab13,Bab 13: Teorem Pythagoras | Chapter 13: Pythagoras' Theorem,13-1-teorem-pythagoras,13.1 Teorem Pythagoras | 13.1 Pythagoras' Theorem,person,Merumuskan teorem hubungan sisi segi tiga bersudut tegak.,Formulated the side relation theorem of right-angled triangles.,,,,,,Pythagoras,Ahli Matematik / Mathematician
bab13,Bab 13: Teorem Pythagoras | Chapter 13: Pythagoras' Theorem,13-1-teorem-pythagoras,13.1 Teorem Pythagoras | 13.1 Pythagoras' Theorem,multiple_choice,"Berdasarkan segi tiga bersudut tegak dengan sisi 3 cm dan 4 cm, berapakah panjang hipotenus? / In a right-angled triangle with sides 3 cm and 4 cm, what is hypotenuse length?",,5 cm,7 cm,6 cm,25 cm,"Jawapan / Answer: 5 cm. Cara / Method: Bagi segi tiga bersudut tegak, gunakan a² + b² = c² dengan c sebagai hipotenus, kemudian cari nilai yang tidak diketahui. / For a right-angled triangle, use a² + b² = c² with c as the hypotenuse, then find the unknown. Oleh itu / Therefore: 5 cm.",,
bab13,Bab 13: Teorem Pythagoras | Chapter 13: Pythagoras' Theorem,13-1-teorem-pythagoras,13.1 Teorem Pythagoras | 13.1 Pythagoras' Theorem,multiple_choice,Hitung c jika a = 6 dan b = 8 dalam c² = a² + b². / Calculate c if a = 6 and b = 8 in c² = a² + b².,,10,14,12,100,"Jawapan / Answer: 10. Cara / Method: Bagi segi tiga bersudut tegak, gunakan a² + b² = c² dengan c sebagai hipotenus, kemudian cari nilai yang tidak diketahui. / For a right-angled triangle, use a² + b² = c² with c as the hypotenuse, then find the unknown. Oleh itu / Therefore: 10.",,
bab13,Bab 13: Teorem Pythagoras | Chapter 13: Pythagoras' Theorem,13-1-teorem-pythagoras,13.1 Teorem Pythagoras | 13.1 Pythagoras' Theorem,multiple_choice,"Antara berikut, yang manakah tigaan Pythagoras? / Which of the following is a Pythagorean triple?",,"(5, 12, 13)","(2, 3, 4)","(4, 5, 6)","(6, 7, 8)","Jawapan / Answer: (5, 12, 13). Cara / Method: Bagi segi tiga bersudut tegak, gunakan a² + b² = c² dengan c sebagai hipotenus, kemudian cari nilai yang tidak diketahui. / For a right-angled triangle, use a² + b² = c² with c as the hypotenuse, then find the unknown. Oleh itu / Therefore: (5, 12, 13).",,
bab13,Bab 13: Teorem Pythagoras | Chapter 13: Pythagoras' Theorem,13-1-teorem-pythagoras,13.1 Teorem Pythagoras | 13.1 Pythagoras' Theorem,multiple_choice,"Jika hipotenus ialah 15 cm dan satu sisi ialah 9 cm, cari panjang sisi satu lagi. / If hypotenuse is 15 cm and one side is 9 cm, find the other side.",,12 cm,10 cm,6 cm,14 cm,"Jawapan / Answer: 12 cm. Cara / Method: Bagi segi tiga bersudut tegak, gunakan a² + b² = c² dengan c sebagai hipotenus, kemudian cari nilai yang tidak diketahui. / For a right-angled triangle, use a² + b² = c² with c as the hypotenuse, then find the unknown. Oleh itu / Therefore: 12 cm.",,
bab13,Bab 13: Teorem Pythagoras | Chapter 13: Pythagoras' Theorem,13-1-teorem-pythagoras,13.1 Teorem Pythagoras | 13.1 Pythagoras' Theorem,multiple_choice,Cari panjang hipotenus bagi segi tiga bersudut tegak bersisi 8 cm dan 15 cm. / Find hypotenuse length for right triangle with sides 8 cm and 15 cm.,,17 cm,23 cm,13 cm,19 cm,"Jawapan / Answer: 17 cm. Cara / Method: Bagi segi tiga bersudut tegak, gunakan a² + b² = c² dengan c sebagai hipotenus, kemudian cari nilai yang tidak diketahui. / For a right-angled triangle, use a² + b² = c² with c as the hypotenuse, then find the unknown. Oleh itu / Therefore: 17 cm.",,
bab13,Bab 13: Teorem Pythagoras | Chapter 13: Pythagoras' Theorem,13-1-teorem-pythagoras,13.1 Teorem Pythagoras | 13.1 Pythagoras' Theorem,objective,Hitung panjang hipotenus bagi segi tiga bersudut tegak dengan sisi tegak 9 cm dan 12 cm. / Calculate hypotenuse length of right triangle with sides 9 cm and 12 cm.,,,,,,"Jawapan / Answer: 15 cm. Cara / Method: Bagi segi tiga bersudut tegak, gunakan a² + b² = c² dengan c sebagai hipotenus, kemudian cari nilai yang tidak diketahui. / For a right-angled triangle, use a² + b² = c² with c as the hypotenuse, then find the unknown. Oleh itu / Therefore: 15 cm.",,
bab13,Bab 13: Teorem Pythagoras | Chapter 13: Pythagoras' Theorem,13-1-teorem-pythagoras,13.1 Teorem Pythagoras | 13.1 Pythagoras' Theorem,objective,"Jika c = 26 cm dan a = 10 cm, cari b dalam c² = a² + b². / If c = 26 cm and a = 10 cm, find b in c² = a² + b².",,,,,,"Jawapan / Answer: 24 cm. Cara / Method: Bagi segi tiga bersudut tegak, gunakan a² + b² = c² dengan c sebagai hipotenus, kemudian cari nilai yang tidak diketahui. / For a right-angled triangle, use a² + b² = c² with c as the hypotenuse, then find the unknown. Oleh itu / Therefore: 24 cm.",,
bab13,Bab 13: Teorem Pythagoras | Chapter 13: Pythagoras' Theorem,13-2-akas-teorem-pythagoras,13.2 Akas Teorem Pythagoras | 13.2 Converse of Pythagoras' Theorem,summary,"Akas Teorem Pythagoras menentukan sama ada segi tiga bersudut tegak, tirus, atau cakah.","Converse of Pythagoras' Theorem determines whether a triangle is right-angled, acute, or obtuse.",,,,,,,
bab13,Bab 13: Teorem Pythagoras | Chapter 13: Pythagoras' Theorem,13-2-akas-teorem-pythagoras,13.2 Akas Teorem Pythagoras | 13.2 Converse of Pythagoras' Theorem,fact,"Jika c² = a² + b², maka sudut bertentangan sisi c ialah 90°.","If c² = a² + b², then the angle opposite side c is 90°.",,,,,,,
bab13,Bab 13: Teorem Pythagoras | Chapter 13: Pythagoras' Theorem,13-2-akas-teorem-pythagoras,13.2 Akas Teorem Pythagoras | 13.2 Converse of Pythagoras' Theorem,fact,"Jika c² > a² + b², segi tiga itu ialah segi tiga cakah.","If c² > a² + b², the triangle is an obtuse-angled triangle.",,,,,,,
bab13,Bab 13: Teorem Pythagoras | Chapter 13: Pythagoras' Theorem,13-2-akas-teorem-pythagoras,13.2 Akas Teorem Pythagoras | 13.2 Converse of Pythagoras' Theorem,person,Membuktikan akas Teorem Pythagoras dalam Elemen Euclid.,Proved the converse of Pythagoras' Theorem in Euclid's Elements.,,,,,,Euclid,Ahli Matematik / Mathematician
bab13,Bab 13: Teorem Pythagoras | Chapter 13: Pythagoras' Theorem,13-2-akas-teorem-pythagoras,13.2 Akas Teorem Pythagoras | 13.2 Converse of Pythagoras' Theorem,multiple_choice,"Jika sisi segi tiga ialah 5 cm, 12 cm, dan 13 cm, apakah jenis segi tiga tersebut? / If triangle sides are 5 cm, 12 cm, 13 cm, what type of triangle is it?",,Segi tiga bersudut tegak / Right-angled triangle,Segi tiga cakah / Obtuse triangle,Segi tiga sama sisi / Equilateral triangle,Segi tiga tirus / Acute triangle,"Jawapan / Answer: Segi tiga bersudut tegak / Right-angled triangle. Cara / Method: Semak sama ada kuasa dua dua sisi pendek berjumlah kuasa dua sisi terpanjang; jika ya, segi tiga itu bersudut tegak. / Check whether the squares of the two shorter sides add to the square of the longest side; if so, the triangle is right-angled. Oleh itu / Therefore: Segi tiga bersudut tegak / Right-angled triangle.",,
bab13,Bab 13: Teorem Pythagoras | Chapter 13: Pythagoras' Theorem,13-2-akas-teorem-pythagoras,13.2 Akas Teorem Pythagoras | 13.2 Converse of Pythagoras' Theorem,multiple_choice,"Adakah segi tiga dengan sisi 4 cm, 5 cm, dan 6 cm sebuah segi tiga bersudut tegak? / Is a triangle with sides 4 cm, 5 cm, 6 cm a right-angled triangle?",,Tidak / No,Ya / Yes,Mungkin / Maybe,Tidak dapat dipastikan / Cannot be determined,"Jawapan / Answer: Tidak / No. Cara / Method: Semak sama ada kuasa dua dua sisi pendek berjumlah kuasa dua sisi terpanjang; jika ya, segi tiga itu bersudut tegak. / Check whether the squares of the two shorter sides add to the square of the longest side; if so, the triangle is right-angled. Oleh itu / Therefore: Tidak / No.",,
bab13,Bab 13: Teorem Pythagoras | Chapter 13: Pythagoras' Theorem,13-2-akas-teorem-pythagoras,13.2 Akas Teorem Pythagoras | 13.2 Converse of Pythagoras' Theorem,multiple_choice,"Jika c² < a² + b², apakah jenis segi tiga tersebut? / If c² < a² + b², what type of triangle is it?",,Segi tiga bersudut tirus / Acute-angled triangle,Segi tiga bersudut tegak / Right-angled triangle,Segi tiga bersudut cakah / Obtuse-angled triangle,Segi tiga sama kaki / Isosceles triangle,"Jawapan / Answer: Segi tiga bersudut tirus / Acute-angled triangle. Cara / Method: Semak sama ada kuasa dua dua sisi pendek berjumlah kuasa dua sisi terpanjang; jika ya, segi tiga itu bersudut tegak. / Check whether the squares of the two shorter sides add to the square of the longest side; if so, the triangle is right-angled. Oleh itu / Therefore: Segi tiga bersudut tirus / Acute-angled triangle.",,
bab13,Bab 13: Teorem Pythagoras | Chapter 13: Pythagoras' Theorem,13-2-akas-teorem-pythagoras,13.2 Akas Teorem Pythagoras | 13.2 Converse of Pythagoras' Theorem,multiple_choice,"Jika c² > a² + b², apakah jenis segi tiga tersebut? / If c² > a² + b², what type of triangle is it?",,Segi tiga bersudut cakah / Obtuse-angled triangle,Segi tiga bersudut tegak / Right-angled triangle,Segi tiga bersudut tirus / Acute-angled triangle,Segi tiga sama sisi / Equilateral triangle,"Jawapan / Answer: Segi tiga bersudut cakah / Obtuse-angled triangle. Cara / Method: Semak sama ada kuasa dua dua sisi pendek berjumlah kuasa dua sisi terpanjang; jika ya, segi tiga itu bersudut tegak. / Check whether the squares of the two shorter sides add to the square of the longest side; if so, the triangle is right-angled. Oleh itu / Therefore: Segi tiga bersudut cakah / Obtuse-angled triangle.",,
bab13,Bab 13: Teorem Pythagoras | Chapter 13: Pythagoras' Theorem,13-2-akas-teorem-pythagoras,13.2 Akas Teorem Pythagoras | 13.2 Converse of Pythagoras' Theorem,multiple_choice,"Antara set panjang sisi berikut, yang manakah membentuk segi tiga bersudut tegak? / Which of the following side length sets forms a right-angled triangle?",,"7 cm, 24 cm, 25 cm","6 cm, 7 cm, 8 cm","5 cm, 6 cm, 7 cm","10 cm, 12 cm, 15 cm","Jawapan / Answer: 7 cm, 24 cm, 25 cm. Cara / Method: Semak sama ada kuasa dua dua sisi pendek berjumlah kuasa dua sisi terpanjang; jika ya, segi tiga itu bersudut tegak. / Check whether the squares of the two shorter sides add to the square of the longest side; if so, the triangle is right-angled. Oleh itu / Therefore: 7 cm, 24 cm, 25 cm.",,
bab13,Bab 13: Teorem Pythagoras | Chapter 13: Pythagoras' Theorem,13-2-akas-teorem-pythagoras,13.2 Akas Teorem Pythagoras | 13.2 Converse of Pythagoras' Theorem,objective,"Tentukan sama ada segi tiga dengan sisi 9 cm, 40 cm, dan 41 cm ialah segi tiga bersudut tegak. (Ya/Tidak) / Determine if a triangle with sides 9 cm, 40 cm, 41 cm is a right-angled triangle. (Yes/No)",,,,,,"Jawapan / Answer: Ya / Yes. Cara / Method: Semak sama ada kuasa dua dua sisi pendek berjumlah kuasa dua sisi terpanjang; jika ya, segi tiga itu bersudut tegak. / Check whether the squares of the two shorter sides add to the square of the longest side; if so, the triangle is right-angled. Oleh itu / Therefore: Ya / Yes.",,
bab13,Bab 13: Teorem Pythagoras | Chapter 13: Pythagoras' Theorem,13-2-akas-teorem-pythagoras,13.2 Akas Teorem Pythagoras | 13.2 Converse of Pythagoras' Theorem,objective,"Tentukan jenis segi tiga (Tegak / Cakah / Tirus) jika sisinya ialah 7 cm, 10 cm, dan 12 cm (12² = 144, 7²+10² = 149). / Determine triangle type (Right / Obtuse / Acute) if sides are 7 cm, 10 cm, 12 cm.",,,,,,"Jawapan / Answer: Tirus / Acute. Cara / Method: Semak sama ada kuasa dua dua sisi pendek berjumlah kuasa dua sisi terpanjang; jika ya, segi tiga itu bersudut tegak. / Check whether the squares of the two shorter sides add to the square of the longest side; if so, the triangle is right-angled. Oleh itu / Therefore: Tirus / Acute.",,
