chapter_id,chapter,topic_id,topic,type,text,text_en,choice_a,choice_b,choice_c,choice_d,answer,person_name,person_role
bab1,Bab 1: Mengenali Sejarah,1-1-pengertian-sejarah,1.1 Pengertian Sejarah,summary,Topik ini menerangkan pengertian sejarah sebagai kajian tentang masa lalu dan bagaimana peristiwa lama membentuk masyarakat hari ini.,This topic explains the meaning of history as the study of the past and how past events shape society today.,,,,,,,
bab1,Bab 1: Mengenali Sejarah,1-1-pengertian-sejarah,1.1 Pengertian Sejarah,fact,"Sejarah ialah kajian tentang peristiwa, manusia, dan keadaan pada masa lalu.","History is the study of events, people, and conditions in the past.",,,,,,,
bab1,Bab 1: Mengenali Sejarah,1-1-pengertian-sejarah,1.1 Pengertian Sejarah,fact,Sejarah membantu menjelaskan bagaimana masyarakat berubah dari masa ke masa.,History helps explain how societies change over time.,,,,,,,
bab1,Bab 1: Mengenali Sejarah,1-1-pengertian-sejarah,1.1 Pengertian Sejarah,fact,Pengertian sejarah boleh berbeza tetapi biasanya berkaitan dengan bukti dan interpretasi masa lalu.,The meaning of history can vary but usually relates to evidence and interpretation of the past.,,,,,,,
bab1,Bab 1: Mengenali Sejarah,1-1-pengertian-sejarah,1.1 Pengertian Sejarah,fact,Sejarah melibatkan kajian masa silam untuk memahami masa kini dan masa depan.,History involves studying the past to understand the present and the future.,,,,,,,
bab1,Bab 1: Mengenali Sejarah,1-1-pengertian-sejarah,1.1 Pengertian Sejarah,fact,"Kajian sejarah memerlukan sumber seperti dokumen, artifak, dan cerita lisan.","Historical study requires sources such as documents, artifacts, and oral stories.",,,,,,,
bab1,Bab 1: Mengenali Sejarah,1-1-pengertian-sejarah,1.1 Pengertian Sejarah,fact,"Perkataan sejarah berasal daripada perkataan Arab 'syajaratun' yang bermaksud pokok, melambangkan salasilah dan asal usul.","The word 'sejarah' comes from the Arabic 'syajaratun', meaning tree, symbolising genealogy and origins.",,,,,,,
bab1,Bab 1: Mengenali Sejarah,1-1-pengertian-sejarah,1.1 Pengertian Sejarah,fact,"Dalam bahasa Yunani, 'historia' bermaksud penyelidikan atau pencarian maklumat tentang sesuatu peristiwa.","In Greek, 'historia' means inquiry or the search for information about an event.",,,,,,,
bab1,Bab 1: Mengenali Sejarah,1-1-pengertian-sejarah,1.1 Pengertian Sejarah,person,Beliau mentakrifkan sejarah sebagai catatan atau rekod tentang sesuatu peristiwa yang berlaku pada masa lalu dan melibatkan manusia serta masyarakatnya. Takrifan beliau banyak dirujuk dalam penulisan sejarah tempatan.,He defined history as a record of past events involving human beings and their societies. His definition is widely cited in Malaysian historical writing.,,,,,,Muhd. Yusof Ibrahim,Sejarawan Malaysia
bab1,Bab 1: Mengenali Sejarah,1-1-pengertian-sejarah,1.1 Pengertian Sejarah,multiple_choice,Perkataan 'sejarah' berasal daripada perkataan Arab yang membawa maksud apa? / The word 'sejarah' comes from an Arabic word meaning what?,,Pokok / Tree,Sungai / River,Batu / Stone,Bintang / Star,Pokok / Tree,,
bab1,Bab 1: Mengenali Sejarah,1-1-pengertian-sejarah,1.1 Pengertian Sejarah,multiple_choice,Apakah maksud sejarah? / What is the meaning of history?,,Kajian tentang peristiwa masa lalu yang berasaskan bukti / The study of past events based on evidence,Ramalan tentang peristiwa masa hadapan / Predictions about future events,Kajian tentang bentuk muka bumi / The study of landforms,Cerita rekaan tentang manusia purba / Fictional stories about early humans,Kajian tentang peristiwa masa lalu yang berasaskan bukti / The study of past events based on evidence,,
bab1,Bab 1: Mengenali Sejarah,1-1-pengertian-sejarah,1.1 Pengertian Sejarah,multiple_choice,Perkataan 'historia' dalam bahasa Yunani membawa maksud / The Greek word 'historia' means,,Penyelidikan atau pencarian maklumat / Inquiry or the search for information,Tulisan indah / Beautiful writing,Peperangan besar / A great war,Perjalanan jauh / A long journey,Penyelidikan atau pencarian maklumat / Inquiry or the search for information,,
bab1,Bab 1: Mengenali Sejarah,1-1-pengertian-sejarah,1.1 Pengertian Sejarah,multiple_choice,Mengapakah sejarah penting kepada sesebuah negara? / Why is history important to a nation?,,Untuk memupuk semangat patriotik dan jati diri bangsa / To nurture patriotism and national identity,Untuk meningkatkan hasil pertanian / To increase agricultural yields,Untuk menentukan cuaca setiap hari / To determine the daily weather,Untuk mengira jumlah penduduk semasa / To count the current population,Untuk memupuk semangat patriotik dan jati diri bangsa / To nurture patriotism and national identity,,
bab1,Bab 1: Mengenali Sejarah,1-1-pengertian-sejarah,1.1 Pengertian Sejarah,multiple_choice,"Antara berikut, yang manakah BUKAN ciri sesuatu yang boleh dianggap sejarah? / Which of the following is NOT a feature of something that can be regarded as history?",,Peristiwa itu direka tanpa sebarang bukti / The event is invented without any evidence,Peristiwa itu benar-benar berlaku / The event actually happened,Peristiwa itu penting dan memberi kesan / The event is significant and has an impact,Peristiwa itu boleh dibuktikan dengan sumber / The event can be proven with sources,Peristiwa itu direka tanpa sebarang bukti / The event is invented without any evidence,,
bab1,Bab 1: Mengenali Sejarah,1-1-pengertian-sejarah,1.1 Pengertian Sejarah,objective,Jelaskan satu sebab mengapa sejarah penting bagi generasi muda. / Explain one reason why history is important for young people.,,,,,,Sejarah membantu generasi muda belajar daripada kesilapan lalu dan membuat keputusan yang lebih baik untuk masa depan. / History helps young people learn from past mistakes and make better decisions for the future.,,
bab1,Bab 1: Mengenali Sejarah,1-1-pengertian-sejarah,1.1 Pengertian Sejarah,objective,Nyatakan asal usul perkataan 'sejarah' dan maksudnya. / State the origin of the word 'sejarah' and its meaning.,,,,,,"Perkataan sejarah berasal daripada perkataan Arab 'syajaratun' yang bermaksud pokok, melambangkan salasilah keturunan yang berkembang seperti dahan pokok. / The word comes from the Arabic 'syajaratun', meaning tree, symbolising a family lineage that branches out like a tree.",,
bab1,Bab 1: Mengenali Sejarah,1-1-pengertian-sejarah,1.1 Pengertian Sejarah,objective,Berikan dua ciri sesuatu peristiwa yang boleh diterima sebagai sejarah. / Give two features of an event that can be accepted as history.,,,,,,"Peristiwa itu benar-benar berlaku dan boleh dibuktikan dengan sumber, serta penting kerana memberi kesan kepada masyarakat. / The event genuinely occurred and can be proven with sources, and it is significant because it affects society.",,
bab1,Bab 1: Mengenali Sejarah,1-2-pengertian-sejarah-sejarawan,1.2 Pengertian Sejarah Mengikut Pandangan Sejarawan,summary,"Topik ini menerangkan bahawa sejarawan memberikan definisi sejarah berdasarkan penemuan bukti, tafsiran, dan perspektif masa lalu.","This topic explains that historians define history based on evidence, interpretation, and past perspectives.",,,,,,,
bab1,Bab 1: Mengenali Sejarah,1-2-pengertian-sejarah-sejarawan,1.2 Pengertian Sejarah Mengikut Pandangan Sejarawan,fact,"Sejarawan mengkaji dokumen, catatan, dan bukti lain untuk membina pemahaman tentang masa lalu.","Historians study documents, records, and other evidence to build an understanding of the past.",,,,,,,
bab1,Bab 1: Mengenali Sejarah,1-2-pengertian-sejarah-sejarawan,1.2 Pengertian Sejarah Mengikut Pandangan Sejarawan,fact,"Sejarawan sering menemui dokumen lama, catatan rasmi dan artifak yang membuka maklumat baharu tentang kehidupan masyarakat dahulu.","Historians often discover old documents, official records, and artifacts that reveal new information about past societies.",,,,,,,
bab1,Bab 1: Mengenali Sejarah,1-2-pengertian-sejarah-sejarawan,1.2 Pengertian Sejarah Mengikut Pandangan Sejarawan,fact,"Penemuan catatan sejarah seperti surat, prasasti atau laporan rasmi membantu ahli sejarah membina semula peristiwa dengan lebih tepat.","Findings such as letters, inscriptions, or official reports help historians reconstruct events more accurately.",,,,,,,
bab1,Bab 1: Mengenali Sejarah,1-2-pengertian-sejarah-sejarawan,1.2 Pengertian Sejarah Mengikut Pandangan Sejarawan,fact,Pendekatan sejarawan membantu menjelaskan bagaimana peristiwa dan manusia dikaji secara sistematik.,A historian's approach helps explain how events and people are studied systematically.,,,,,,,
bab1,Bab 1: Mengenali Sejarah,1-2-pengertian-sejarah-sejarawan,1.2 Pengertian Sejarah Mengikut Pandangan Sejarawan,fact,"Sejarah bukan sekadar cerita, tetapi satu proses analisis bukti untuk membuat kesimpulan.","History is not just stories, but a process of analyzing evidence to draw conclusions.",,,,,,,
bab1,Bab 1: Mengenali Sejarah,1-2-pengertian-sejarah-sejarawan,1.2 Pengertian Sejarah Mengikut Pandangan Sejarawan,fact,Ahli sejarah menggunakan sumber primer dan sekunder untuk memahami konteks peristiwa.,Historians use primary and secondary sources to understand the context of events.,,,,,,,
bab1,Bab 1: Mengenali Sejarah,1-2-pengertian-sejarah-sejarawan,1.2 Pengertian Sejarah Mengikut Pandangan Sejarawan,fact,"Herodotus menulis 'The Histories' berdasarkan pemerhatian dan temu bual, menjadikannya karya sejarah bertulis yang awal.","Herodotus wrote 'The Histories' based on observation and interviews, making it one of the earliest works of written history.",,,,,,,
bab1,Bab 1: Mengenali Sejarah,1-2-pengertian-sejarah-sejarawan,1.2 Pengertian Sejarah Mengikut Pandangan Sejarawan,fact,Sejarawan yang berbeza memberikan definisi yang berbeza kerana latar belakang budaya dan zaman mereka berbeza.,Different historians give different definitions because their cultural backgrounds and eras differ.,,,,,,,
bab1,Bab 1: Mengenali Sejarah,1-2-pengertian-sejarah-sejarawan,1.2 Pengertian Sejarah Mengikut Pandangan Sejarawan,person,"Melalui karyanya Muqaddimah, beliau memperkenalkan konsep 'ilm al-umran' iaitu kajian tentang pola kebangkitan dan kejatuhan masyarakat. Beliau menekankan sejarah bukan sekadar cerita, tetapi analisis sebab dan akibat.","Through his work Muqaddimah he introduced 'ilm al-umran', the study of patterns in the rise and fall of societies. He stressed that history is not merely storytelling but an analysis of cause and effect.",,,,,,Ibn Khaldun,Sejarawan dan ahli falsafah Islam
bab1,Bab 1: Mengenali Sejarah,1-2-pengertian-sejarah-sejarawan,1.2 Pengertian Sejarah Mengikut Pandangan Sejarawan,multiple_choice,Karya terkenal Ibn Khaldun ialah / Ibn Khaldun's famous work is,,Muqaddimah,The Histories,Politeia / The Republic,Shi Ji,Muqaddimah,,
bab1,Bab 1: Mengenali Sejarah,1-2-pengertian-sejarah-sejarawan,1.2 Pengertian Sejarah Mengikut Pandangan Sejarawan,multiple_choice,Herodotus dikenali sebagai / Herodotus is known as,,Bapa Sejarah Barat / The Father of Western History,Bapa Perubatan / The Father of Medicine,Bapa Algebra / The Father of Algebra,Bapa Falsafah Timur / The Father of Eastern Philosophy,Bapa Sejarah Barat / The Father of Western History,,
bab1,Bab 1: Mengenali Sejarah,1-2-pengertian-sejarah-sejarawan,1.2 Pengertian Sejarah Mengikut Pandangan Sejarawan,multiple_choice,Konsep 'ilm al-umran' yang diperkenalkan oleh Ibn Khaldun merujuk kepada / The concept 'ilm al-umran' introduced by Ibn Khaldun refers to,,Kajian tentang perkembangan dan kejatuhan masyarakat / The study of the development and decline of societies,Kajian tentang bintang dan planet / The study of stars and planets,Kajian tentang bahasa purba / The study of ancient languages,Kajian tentang tumbuhan ubatan / The study of medicinal plants,Kajian tentang perkembangan dan kejatuhan masyarakat / The study of the development and decline of societies,,
bab1,Bab 1: Mengenali Sejarah,1-2-pengertian-sejarah-sejarawan,1.2 Pengertian Sejarah Mengikut Pandangan Sejarawan,multiple_choice,Mengapakah definisi sejarah berbeza antara sejarawan? / Why do definitions of history differ between historians?,,"Kerana latar belakang, zaman dan tafsiran mereka berbeza / Because their backgrounds, eras and interpretations differ",Kerana mereka tidak membaca sumber / Because they do not read sources,Kerana sejarah tidak mempunyai bukti / Because history has no evidence,Kerana definisi sejarah ditetapkan oleh kerajaan / Because definitions of history are set by governments,"Kerana latar belakang, zaman dan tafsiran mereka berbeza / Because their backgrounds, eras and interpretations differ",,
bab1,Bab 1: Mengenali Sejarah,1-2-pengertian-sejarah-sejarawan,1.2 Pengertian Sejarah Mengikut Pandangan Sejarawan,multiple_choice,"Antara berikut, yang manakah persamaan pandangan kebanyakan sejarawan tentang sejarah? / Which of the following is common to most historians' views of history?",,Sejarah mesti berasaskan bukti yang boleh disemak / History must be based on verifiable evidence,Sejarah mesti ditulis dalam satu bahasa sahaja / History must be written in one language only,Sejarah hanya merekod kehidupan raja / History records only the lives of kings,Sejarah tidak memerlukan tafsiran / History requires no interpretation,Sejarah mesti berasaskan bukti yang boleh disemak / History must be based on verifiable evidence,,
bab1,Bab 1: Mengenali Sejarah,1-2-pengertian-sejarah-sejarawan,1.2 Pengertian Sejarah Mengikut Pandangan Sejarawan,objective,Berikan satu contoh bukti yang boleh mengubah tafsiran sejarah. / Give one example of evidence that can change historical interpretation.,,,,,,Penemuan dokumen baharu atau artifak arkeologi boleh mengubah cara sejarawan mentafsir peristiwa lalu. / The discovery of a new document or archaeological artifact can change how historians interpret past events.,,
bab1,Bab 1: Mengenali Sejarah,1-2-pengertian-sejarah-sejarawan,1.2 Pengertian Sejarah Mengikut Pandangan Sejarawan,objective,Nyatakan sumbangan Ibn Khaldun terhadap penulisan sejarah. / State Ibn Khaldun's contribution to historical writing.,,,,,,"Beliau memperkenalkan pendekatan analisis melalui konsep 'ilm al-umran' yang mengkaji sebab kebangkitan dan kejatuhan sesebuah masyarakat. / He introduced an analytical approach through 'ilm al-umran', which examines the causes of the rise and fall of societies.",,
bab1,Bab 1: Mengenali Sejarah,1-2-pengertian-sejarah-sejarawan,1.2 Pengertian Sejarah Mengikut Pandangan Sejarawan,objective,Bandingkan pandangan Herodotus dan Ibn Khaldun tentang sejarah. / Compare the views of Herodotus and Ibn Khaldun on history.,,,,,,"Herodotus menumpukan pengumpulan cerita dan laporan saksi tentang peristiwa, manakala Ibn Khaldun menekankan analisis pola dan sebab perubahan masyarakat. / Herodotus focused on collecting accounts and witness reports of events, while Ibn Khaldun emphasised analysing patterns and causes of social change.",,
bab1,Bab 1: Mengenali Sejarah,1-3-masa-silam-ruang,1.3 Masa Silam dan Ruang dalam Sejarah,summary,"Topik ini menerangkan konsep masa dan ruang dalam sejarah, iaitu bagaimana peristiwa berlaku dalam konteks waktu dan tempat tertentu.","This topic explains the concepts of time and space in history, meaning how events occur within a specific time and place.",,,,,,,
bab1,Bab 1: Mengenali Sejarah,1-3-masa-silam-ruang,1.3 Masa Silam dan Ruang dalam Sejarah,fact,Masa merujuk kepada jangka waktu di mana peristiwa berlaku.,Time refers to the period during which events happen.,,,,,,,
bab1,Bab 1: Mengenali Sejarah,1-3-masa-silam-ruang,1.3 Masa Silam dan Ruang dalam Sejarah,fact,Ruang merujuk kepada lokasi atau tempat di mana peristiwa berlaku.,Space refers to the location or place where events occur.,,,,,,,
bab1,Bab 1: Mengenali Sejarah,1-3-masa-silam-ruang,1.3 Masa Silam dan Ruang dalam Sejarah,fact,Analisis sejarah memerlukan pemahaman tentang hubungan antara masa dan ruang.,Historical analysis requires understanding the relationship between time and space.,,,,,,,
bab1,Bab 1: Mengenali Sejarah,1-3-masa-silam-ruang,1.3 Masa Silam dan Ruang dalam Sejarah,fact,Sejarah boleh menunjukkan perubahan dalam masyarakat pada waktu dan tempat tertentu.,History can show changes in society at particular times and places.,,,,,,,
bab1,Bab 1: Mengenali Sejarah,1-3-masa-silam-ruang,1.3 Masa Silam dan Ruang dalam Sejarah,fact,Peristiwa sejarah mesti ditempatkan dalam konteks masa dan ruang yang betul.,Historical events must be placed in the correct time and space context.,,,,,,,
bab1,Bab 1: Mengenali Sejarah,1-3-masa-silam-ruang,1.3 Masa Silam dan Ruang dalam Sejarah,fact,"Konsep masa dalam sejarah dibahagikan kepada masa lalu, masa kini dan masa hadapan yang saling berkaitan.","The concept of time in history is divided into past, present and future, which are interconnected.",,,,,,,
bab1,Bab 1: Mengenali Sejarah,1-3-masa-silam-ruang,1.3 Masa Silam dan Ruang dalam Sejarah,fact,Ruang dalam sejarah membolehkan kita memahami mengapa sesuatu peristiwa berlaku di sesuatu tempat tertentu.,Space in history allows us to understand why an event took place in a particular location.,,,,,,,
bab1,Bab 1: Mengenali Sejarah,1-3-masa-silam-ruang,1.3 Masa Silam dan Ruang dalam Sejarah,person,Beliau berpendapat sejarah ialah dialog berterusan antara sejarawan masa kini dengan fakta masa lalu. Pandangan ini menekankan bahawa masa lalu sentiasa ditafsir semula mengikut persoalan zaman sekarang.,He argued that history is a continuous dialogue between the historian of today and the facts of the past. This view stresses that the past is constantly reinterpreted according to present-day questions.,,,,,,E. H. Carr,Sejarawan British
bab1,Bab 1: Mengenali Sejarah,1-3-masa-silam-ruang,1.3 Masa Silam dan Ruang dalam Sejarah,multiple_choice,Apakah maksud 'ruang' dalam kajian sejarah? / What does 'space' mean in historical study?,,Lokasi atau tempat sesuatu peristiwa berlaku / The location or place where an event occurred,Jarak antara dua bintang / The distance between two stars,Jumlah masa yang diambil untuk satu peristiwa / The amount of time an event takes,Bilangan orang yang terlibat / The number of people involved,Lokasi atau tempat sesuatu peristiwa berlaku / The location or place where an event occurred,,
bab1,Bab 1: Mengenali Sejarah,1-3-masa-silam-ruang,1.3 Masa Silam dan Ruang dalam Sejarah,multiple_choice,Garis masa digunakan dalam sejarah untuk / A timeline is used in history to,,Menyusun peristiwa mengikut urutan kronologi / Arrange events in chronological order,Menentukan kebenaran sesuatu sumber / Determine the truth of a source,Mengukur luas sesebuah kawasan / Measure the size of an area,Menyenaraikan nama sejarawan / List the names of historians,Menyusun peristiwa mengikut urutan kronologi / Arrange events in chronological order,,
bab1,Bab 1: Mengenali Sejarah,1-3-masa-silam-ruang,1.3 Masa Silam dan Ruang dalam Sejarah,multiple_choice,Mengapakah konsep masa penting dalam sejarah? / Why is the concept of time important in history?,,Kerana ia menunjukkan urutan dan hubungan sebab akibat antara peristiwa / Because it shows the sequence and cause-and-effect links between events,Kerana ia menentukan cuaca semasa peristiwa / Because it determines the weather during an event,Kerana ia menggantikan keperluan kepada sumber / Because it replaces the need for sources,Kerana ia menjadikan sejarah lebih pendek / Because it makes history shorter,Kerana ia menunjukkan urutan dan hubungan sebab akibat antara peristiwa / Because it shows the sequence and cause-and-effect links between events,,
bab1,Bab 1: Mengenali Sejarah,1-3-masa-silam-ruang,1.3 Masa Silam dan Ruang dalam Sejarah,multiple_choice,Istilah 'Masihi' dan 'Sebelum Masihi' digunakan untuk / The terms 'AD' and 'BC' are used to,,Menandakan pembahagian tahun dalam kalendar sejarah / Mark the division of years in the historical calendar,Menamakan dua jenis sumber sejarah / Name two types of historical source,Membezakan sejarah dan mitos / Distinguish history from myth,Menandakan dua benua yang berbeza / Mark two different continents,Menandakan pembahagian tahun dalam kalendar sejarah / Mark the division of years in the historical calendar,,
bab1,Bab 1: Mengenali Sejarah,1-3-masa-silam-ruang,1.3 Masa Silam dan Ruang dalam Sejarah,multiple_choice,Kajian tentang ruang membantu sejarawan memahami / The study of space helps historians understand,,Pengaruh kedudukan geografi terhadap sesuatu peristiwa / The influence of geographical position on an event,Umur sebenar seorang tokoh / The exact age of a figure,Bahasa yang digunakan dalam dokumen / The language used in documents,Jumlah buku yang ditulis tentang peristiwa itu / The number of books written about the event,Pengaruh kedudukan geografi terhadap sesuatu peristiwa / The influence of geographical position on an event,,
bab1,Bab 1: Mengenali Sejarah,1-3-masa-silam-ruang,1.3 Masa Silam dan Ruang dalam Sejarah,objective,Nyatakan maksud ruang dalam sejarah dalam satu ayat. / State the meaning of space in history in one sentence.,,,,,,Ruang dalam sejarah merujuk kepada lokasi atau tempat sesuatu peristiwa berlaku. / Space in history refers to the location or place where an event occurs.,,
bab1,Bab 1: Mengenali Sejarah,1-3-masa-silam-ruang,1.3 Masa Silam dan Ruang dalam Sejarah,objective,Mengapakah garis masa penting dalam pembelajaran sejarah? / Why is a timeline important in learning history?,,,,,,Garis masa menyusun peristiwa mengikut urutan supaya pelajar dapat melihat hubungan sebab dan akibat antara peristiwa. / A timeline arranges events in order so that learners can see the cause-and-effect relationships between them.,,
bab1,Bab 1: Mengenali Sejarah,1-3-masa-silam-ruang,1.3 Masa Silam dan Ruang dalam Sejarah,objective,"Jelaskan hubungan antara masa lalu, masa kini dan masa hadapan. / Explain the relationship between past, present and future.",,,,,,"Peristiwa masa lalu mempengaruhi keadaan masa kini, dan pengajaran daripada kedua-duanya membantu manusia merancang masa hadapan. / Past events shape present conditions, and lessons from both help people plan for the future.",,
bab1,Bab 1: Mengenali Sejarah,1-4-sumber-sejarah,1.4 Sumber Sejarah,summary,"Topik ini membincangkan jenis sumber sejarah seperti sumber bertulis, lisan, dan artifak yang membantu kita memahami masa lalu.","This topic discusses types of historical sources such as written, oral, and artifact sources that help us understand the past.",,,,,,,
bab1,Bab 1: Mengenali Sejarah,1-4-sumber-sejarah,1.4 Sumber Sejarah,fact,Sumber sejarah adalah bahan yang memberi maklumat tentang masa lalu.,Historical sources are materials that provide information about the past.,,,,,,,
bab1,Bab 1: Mengenali Sejarah,1-4-sumber-sejarah,1.4 Sumber Sejarah,fact,"Sumber primer ialah bahan asal yang dibuat semasa peristiwa berlaku, seperti dokumen rasmi, surat, atau artifak.","Primary sources are original materials created during the event, such as official documents, letters, or artifacts.",,,,,,,
bab1,Bab 1: Mengenali Sejarah,1-4-sumber-sejarah,1.4 Sumber Sejarah,fact,"Sumber sekunder ialah kajian atau ulasan tentang masa lalu yang ditulis kemudian, seperti buku sejarah dan artikel.","Secondary sources are studies or reviews of the past written later, such as history books or articles.",,,,,,,
bab1,Bab 1: Mengenali Sejarah,1-4-sumber-sejarah,1.4 Sumber Sejarah,fact,"Sumber bertulis, lisan, dan artifak boleh menjadi primer atau sekunder bergantung pada bagaimana ia digunakan.","Written, oral, and artifact sources can be primary or secondary depending on how they are used.",,,,,,,
bab1,Bab 1: Mengenali Sejarah,1-4-sumber-sejarah,1.4 Sumber Sejarah,fact,Ahli sejarah mengutamakan sumber primer untuk bukti langsung dan menggunakan sumber sekunder untuk konteks dan tafsiran.,Historians prioritize primary sources for direct evidence and use secondary sources for context and interpretation.,,,,,,,
bab1,Bab 1: Mengenali Sejarah,1-4-sumber-sejarah,1.4 Sumber Sejarah,fact,"Sumber primer ialah sumber asli yang dihasilkan pada zaman peristiwa itu berlaku, seperti batu bersurat dan surat rasmi.","Primary sources are original materials produced at the time of the event, such as inscribed stones and official letters.",,,,,,,
bab1,Bab 1: Mengenali Sejarah,1-4-sumber-sejarah,1.4 Sumber Sejarah,fact,"Sumber sekunder ialah sumber yang dihasilkan kemudian berdasarkan sumber primer, seperti buku teks dan artikel jurnal.","Secondary sources are produced later based on primary sources, such as textbooks and journal articles.",,,,,,,
bab1,Bab 1: Mengenali Sejarah,1-4-sumber-sejarah,1.4 Sumber Sejarah,person,"Beliau mengembara ke banyak wilayah untuk mengumpul cerita, laporan saksi dan pemerhatian sendiri sebelum menulis tentang Perang Parsi. Kaedah mengumpul sumber inilah yang menjadikan beliau digelar Bapa Sejarah.","He travelled to many regions to collect accounts, witness reports and his own observations before writing about the Persian Wars. This method of gathering sources earned him the title Father of History.",,,,,,Herodotus,Sejarawan Yunani
bab1,Bab 1: Mengenali Sejarah,1-4-sumber-sejarah,1.4 Sumber Sejarah,multiple_choice,"Antara berikut, yang manakah contoh sumber primer? / Which of the following is an example of a primary source?",,Batu bersurat / An inscribed stone,Buku teks sekolah / A school textbook,Ensiklopedia / An encyclopaedia,Artikel akhbar tahun 2020 tentang zaman purba / A 2020 newspaper article about ancient times,Batu bersurat / An inscribed stone,,
bab1,Bab 1: Mengenali Sejarah,1-4-sumber-sejarah,1.4 Sumber Sejarah,multiple_choice,Sumber sekunder ialah sumber yang / A secondary source is one that,,Dihasilkan kemudian berdasarkan sumber asal / Is produced later based on original sources,Ditulis oleh saksi peristiwa itu sendiri / Is written by a witness to the event,Tidak boleh digunakan dalam kajian sejarah / Cannot be used in historical study,Sentiasa lebih tepat daripada sumber primer / Is always more accurate than a primary source,Dihasilkan kemudian berdasarkan sumber asal / Is produced later based on original sources,,
bab1,Bab 1: Mengenali Sejarah,1-4-sumber-sejarah,1.4 Sumber Sejarah,multiple_choice,Sumber lisan merujuk kepada / Oral sources refer to,,Cerita dan pengalaman yang disampaikan melalui percakapan / Stories and experiences conveyed through speech,Rekod yang diukir pada batu / Records carved on stone,Gambar foto lama / Old photographs,Peta lukisan tangan / Hand-drawn maps,Cerita dan pengalaman yang disampaikan melalui percakapan / Stories and experiences conveyed through speech,,
bab1,Bab 1: Mengenali Sejarah,1-4-sumber-sejarah,1.4 Sumber Sejarah,multiple_choice,Mengapakah sejarawan perlu menyemak kesahihan sumber? / Why must historians verify the authenticity of sources?,,Kerana sumber boleh berat sebelah atau palsu / Because sources can be biased or forged,Kerana semua sumber adalah sama nilainya / Because all sources are of equal value,Kerana sumber primer tidak perlu dianalisis / Because primary sources need no analysis,Kerana sumber lisan sentiasa benar / Because oral sources are always true,Kerana sumber boleh berat sebelah atau palsu / Because sources can be biased or forged,,
bab1,Bab 1: Mengenali Sejarah,1-4-sumber-sejarah,1.4 Sumber Sejarah,multiple_choice,Artifak seperti alat batu dan tembikar tergolong dalam sumber / Artifacts such as stone tools and pottery are classified as,,Sumber primer berbentuk bahan / Material primary sources,Sumber sekunder bertulis / Written secondary sources,Sumber lisan / Oral sources,Sumber rekaan / Fabricated sources,Sumber primer berbentuk bahan / Material primary sources,,
bab1,Bab 1: Mengenali Sejarah,1-4-sumber-sejarah,1.4 Sumber Sejarah,objective,Apakah perbezaan utama antara sumber bertulis dan sumber lisan? / What is the main difference between written sources and oral sources?,,,,,,"Sumber bertulis direkodkan dalam bentuk dokumen, manakala sumber lisan disampaikan melalui cerita atau ucapan. / Written sources are recorded in documents, while oral sources are conveyed through stories or speech.",,
bab1,Bab 1: Mengenali Sejarah,1-4-sumber-sejarah,1.4 Sumber Sejarah,objective,Berikan dua contoh sumber primer dan dua contoh sumber sekunder. / Give two examples of primary sources and two of secondary sources.,,,,,,Sumber primer: batu bersurat dan artifak seperti alat batu. Sumber sekunder: buku teks dan artikel jurnal sejarah. / Primary: inscribed stones and artifacts such as stone tools. Secondary: textbooks and historical journal articles.,,
bab1,Bab 1: Mengenali Sejarah,1-4-sumber-sejarah,1.4 Sumber Sejarah,objective,Mengapakah sumber perlu dinilai sebelum digunakan? / Why must sources be evaluated before use?,,,,,,"Sumber mungkin berat sebelah, tidak lengkap atau palsu, jadi penilaian memastikan fakta yang digunakan sahih. / Sources may be biased, incomplete or forged, so evaluation ensures the facts used are authentic.",,
bab1,Bab 1: Mengenali Sejarah,1-5-penyelidikan-dalam-sejarah,1.5 Penyelidikan dalam Sejarah,summary,"Topik ini menjelaskan kaedah penyelidikan sejarah seperti kaedah bertulis, kaedah lisan, dan kaedah arkeologi untuk mengumpulkan maklumat tentang masa lalu.","This topic explains historical research methods like written, oral, and archaeological methods for gathering information about the past.",,,,,,,
bab1,Bab 1: Mengenali Sejarah,1-5-penyelidikan-dalam-sejarah,1.5 Penyelidikan dalam Sejarah,fact,Penyelidikan sejarah menggunakan dokumen bertulis untuk mencari bukti masa lalu.,Historical research uses written documents to find evidence of the past.,,,,,,,
bab1,Bab 1: Mengenali Sejarah,1-5-penyelidikan-dalam-sejarah,1.5 Penyelidikan dalam Sejarah,fact,Kaedah lisan melibatkan wawancara dan cerita tradisi.,Oral methods involve interviews and traditional stories.,,,,,,,
bab1,Bab 1: Mengenali Sejarah,1-5-penyelidikan-dalam-sejarah,1.5 Penyelidikan dalam Sejarah,fact,Kaedah arkeologi menganalisis artifak dan struktur yang ditemui.,Archaeological methods analyze artifacts and structures that are found.,,,,,,,
bab1,Bab 1: Mengenali Sejarah,1-5-penyelidikan-dalam-sejarah,1.5 Penyelidikan dalam Sejarah,fact,Gabungan beberapa kaedah membantu menghasilkan kajian sejarah yang lebih lengkap.,Combining several methods helps produce more complete historical research.,,,,,,,
bab1,Bab 1: Mengenali Sejarah,1-5-penyelidikan-dalam-sejarah,1.5 Penyelidikan dalam Sejarah,fact,Penyelidikan sejarah memerlukan ketelitian dalam menilai kesahihan sumber.,Historical research requires care in assessing the validity of sources.,,,,,,,
bab1,Bab 1: Mengenali Sejarah,1-5-penyelidikan-dalam-sejarah,1.5 Penyelidikan dalam Sejarah,fact,"Kaedah penyelidikan sejarah merangkumi pengumpulan data, penilaian sumber, tafsiran dan penulisan laporan.","Historical research methods include collecting data, evaluating sources, interpreting them and writing a report.",,,,,,,
bab1,Bab 1: Mengenali Sejarah,1-5-penyelidikan-dalam-sejarah,1.5 Penyelidikan dalam Sejarah,fact,Kaedah lisan melalui temu bual sering digunakan untuk merekod pengalaman yang tidak terdapat dalam dokumen.,The oral method through interviews is often used to record experiences not found in documents.,,,,,,,
bab1,Bab 1: Mengenali Sejarah,1-5-penyelidikan-dalam-sejarah,1.5 Penyelidikan dalam Sejarah,person,Beliau menulis sejarah Perang Peloponnesus dengan menyemak silang laporan saksi dan menolak cerita dewa-dewi sebagai sebab peristiwa. Kaedah kritis beliau menjadi asas penyelidikan sejarah yang objektif.,He wrote the history of the Peloponnesian War by cross-checking witness accounts and rejecting tales of the gods as causes of events. His critical method became a foundation for objective historical research.,,,,,,Thucydides,Sejarawan Yunani
bab1,Bab 1: Mengenali Sejarah,1-5-penyelidikan-dalam-sejarah,1.5 Penyelidikan dalam Sejarah,multiple_choice,Langkah pertama dalam penyelidikan sejarah ialah / The first step in historical research is,,Menentukan tajuk dan persoalan kajian / Determining the topic and research questions,Menulis laporan akhir / Writing the final report,Mencetak hasil kajian / Printing the findings,Membentangkan kajian di sekolah / Presenting the study at school,Menentukan tajuk dan persoalan kajian / Determining the topic and research questions,,
bab1,Bab 1: Mengenali Sejarah,1-5-penyelidikan-dalam-sejarah,1.5 Penyelidikan dalam Sejarah,multiple_choice,Kaedah temu bual paling sesuai digunakan untuk mendapatkan / The interview method is most suitable for obtaining,,Maklumat lisan daripada saksi atau orang yang terlibat / Oral information from witnesses or those involved,Data cuaca purba / Ancient weather data,Umur mutlak sesuatu artifak / The absolute age of an artifact,Salinan dokumen rasmi / Copies of official documents,Maklumat lisan daripada saksi atau orang yang terlibat / Oral information from witnesses or those involved,,
bab1,Bab 1: Mengenali Sejarah,1-5-penyelidikan-dalam-sejarah,1.5 Penyelidikan dalam Sejarah,multiple_choice,Kajian lapangan dalam sejarah bermaksud / Fieldwork in history means,,Melawat tapak atau lokasi sejarah untuk mengumpul maklumat / Visiting a historical site to gather information,Membaca buku di perpustakaan sahaja / Reading books in the library only,Menulis semula buku teks / Rewriting a textbook,Menghafal fakta penting / Memorising important facts,Melawat tapak atau lokasi sejarah untuk mengumpul maklumat / Visiting a historical site to gather information,,
bab1,Bab 1: Mengenali Sejarah,1-5-penyelidikan-dalam-sejarah,1.5 Penyelidikan dalam Sejarah,multiple_choice,Mengapakah rujukan perlu dinyatakan dalam laporan kajian sejarah? / Why must references be stated in a historical research report?,,Untuk menunjukkan sumber fakta dan mengelakkan plagiarisme / To show the source of facts and avoid plagiarism,Untuk memanjangkan laporan / To lengthen the report,Untuk menyembunyikan sumber asal / To hide the original sources,Untuk menggantikan kesimpulan / To replace the conclusion,Untuk menunjukkan sumber fakta dan mengelakkan plagiarisme / To show the source of facts and avoid plagiarism,,
bab1,Bab 1: Mengenali Sejarah,1-5-penyelidikan-dalam-sejarah,1.5 Penyelidikan dalam Sejarah,multiple_choice,"Antara berikut, yang manakah menunjukkan sikap objektif seorang penyelidik sejarah? / Which of the following shows the objective attitude of a historical researcher?",,Menyemak fakta daripada beberapa sumber sebelum membuat kesimpulan / Checking facts from several sources before concluding,Memilih hanya bukti yang menyokong pendapat sendiri / Choosing only evidence that supports one's own opinion,Menolak semua sumber lisan / Rejecting all oral sources,Menyalin bulat-bulat pendapat orang lain / Copying others' opinions wholesale,Menyemak fakta daripada beberapa sumber sebelum membuat kesimpulan / Checking facts from several sources before concluding,,
bab1,Bab 1: Mengenali Sejarah,1-5-penyelidikan-dalam-sejarah,1.5 Penyelidikan dalam Sejarah,objective,Senaraikan tiga langkah dalam kaedah penyelidikan sejarah. / List three steps in the historical research method.,,,,,,"Menentukan tajuk dan persoalan kajian, mengumpul serta menilai sumber, dan mentafsir data sebelum menulis laporan. / Determining the topic and research questions, collecting and evaluating sources, and interpreting the data before writing the report.",,
bab1,Bab 1: Mengenali Sejarah,1-5-penyelidikan-dalam-sejarah,1.5 Penyelidikan dalam Sejarah,objective,Jelaskan kepentingan kajian lapangan dalam penyelidikan sejarah. / Explain the importance of fieldwork in historical research.,,,,,,Kajian lapangan membolehkan penyelidik memerhati tapak dan artifak secara langsung serta mendapatkan maklumat yang tiada dalam dokumen. / Fieldwork lets researchers observe sites and artifacts directly and obtain information not available in documents.,,
bab1,Bab 1: Mengenali Sejarah,1-5-penyelidikan-dalam-sejarah,1.5 Penyelidikan dalam Sejarah,objective,Mengapakah seorang penyelidik sejarah perlu bersikap objektif? / Why must a historical researcher be objective?,,,,,,"Sikap objektif memastikan tafsiran dibuat berdasarkan bukti dan bukan perasaan atau kepentingan peribadi, supaya hasil kajian boleh dipercayai. / Objectivity ensures interpretation is based on evidence rather than feelings or personal interest, so the findings can be trusted.",,
bab2,Bab 2: Zaman Air Batu,2-1-dunia-kita,2.1 Dunia Kita,summary,"Topik ini menerangkan bentuk fizikal Bumi, kawasan daratan, lautan, dan bagaimana alam sekitar membentuk kehidupan manusia.","This topic explains the physical form of Earth, land areas, seas, and how the environment shapes human life.",,,,,,,
bab2,Bab 2: Zaman Air Batu,2-1-dunia-kita,2.1 Dunia Kita,fact,"Bumi terdiri daripada kawasan daratan, lautan, gunung, dan kawasan sejuk.","Earth consists of land, oceans, mountains, and cold regions.",,,,,,,
bab2,Bab 2: Zaman Air Batu,2-1-dunia-kita,2.1 Dunia Kita,fact,"Pembentukan fizikal Bumi mempengaruhi taburan haiwan, tumbuhan, dan manusia.","Earth's physical formation affects the distribution of animals, plants, and humans.",,,,,,,
bab2,Bab 2: Zaman Air Batu,2-1-dunia-kita,2.1 Dunia Kita,fact,Lautan dan daratan menjadi penanda arah pergerakan manusia dan perdagangan.,Oceans and land became routes for movement and trade.,,,,,,,
bab2,Bab 2: Zaman Air Batu,2-1-dunia-kita,2.1 Dunia Kita,fact,Perubahan bentuk muka bumi menghasilkan perbezaan iklim dan sumber makanan.,Changes in the landscape created differences in climate and food sources.,,,,,,,
bab2,Bab 2: Zaman Air Batu,2-1-dunia-kita,2.1 Dunia Kita,fact,Pengetahuan tentang dunia membantu kita memahami perubahan alam sekitar.,Knowledge about the world helps us understand environmental change.,,,,,,,
bab2,Bab 2: Zaman Air Batu,2-1-dunia-kita,2.1 Dunia Kita,fact,Bumi terbentuk kira-kira 4.6 bilion tahun dahulu dan permukaannya berubah secara berterusan.,The Earth formed about 4.6 billion years ago and its surface changes continuously.,,,,,,,
bab2,Bab 2: Zaman Air Batu,2-1-dunia-kita,2.1 Dunia Kita,fact,"Pergerakan plat tektonik menyebabkan pembentukan benua, banjaran gunung dan lautan.","The movement of tectonic plates causes the formation of continents, mountain ranges and oceans.",,,,,,,
bab2,Bab 2: Zaman Air Batu,2-1-dunia-kita,2.1 Dunia Kita,person,Beliau memperkenalkan teori pergerakan benua pada tahun 1912 dan mencadangkan bahawa semua benua pernah bercantum sebagai Pangaea. Teori ini membantu menjelaskan bentuk dunia yang kita lihat hari ini.,"He introduced the theory of continental drift in 1912, proposing that all continents were once joined as Pangaea. The theory helps explain the shape of the world we see today.",,,,,,Alfred Wegener,Ahli sains iklim dan geofizik Jerman
bab2,Bab 2: Zaman Air Batu,2-1-dunia-kita,2.1 Dunia Kita,multiple_choice,Teori pergerakan benua menyatakan bahawa benua pada asalnya / The theory of continental drift states that the continents were originally,,Bercantum sebagai satu daratan besar / Joined as one large landmass,Terpisah seperti keadaan sekarang / Separated as they are today,Berada di bawah laut sepenuhnya / Entirely under the sea,Terbentuk daripada hujan meteor / Formed from meteor showers,Bercantum sebagai satu daratan besar / Joined as one large landmass,,
bab2,Bab 2: Zaman Air Batu,2-1-dunia-kita,2.1 Dunia Kita,multiple_choice,Nama daratan besar yang dicadangkan oleh Alfred Wegener ialah / The name of the supercontinent proposed by Alfred Wegener is,,Pangaea,Sundaland,Gondwana Baru / New Gondwana,Laurasia Kecil / Little Laurasia,Pangaea,,
bab2,Bab 2: Zaman Air Batu,2-1-dunia-kita,2.1 Dunia Kita,multiple_choice,Perubahan permukaan bumi berlaku terutamanya disebabkan oleh / Changes to the Earth's surface occur mainly because of,,Pergerakan plat tektonik dan proses hakisan / Tectonic plate movement and erosion,Perubahan warna langit / Changes in the colour of the sky,Pergerakan bintang / The movement of stars,Pertambahan penduduk dunia / Growth of the world population,Pergerakan plat tektonik dan proses hakisan / Tectonic plate movement and erosion,,
bab2,Bab 2: Zaman Air Batu,2-1-dunia-kita,2.1 Dunia Kita,multiple_choice,Bumi dianggarkan terbentuk kira-kira / The Earth is estimated to have formed about,,4.6 bilion tahun dahulu / 4.6 billion years ago,10 juta tahun dahulu / 10 million years ago,100 ribu tahun dahulu / 100 thousand years ago,5 ribu tahun dahulu / 5 thousand years ago,4.6 bilion tahun dahulu / 4.6 billion years ago,,
bab2,Bab 2: Zaman Air Batu,2-1-dunia-kita,2.1 Dunia Kita,multiple_choice,Mengapakah pelajar sejarah perlu memahami pembentukan bumi? / Why should history students understand the formation of the Earth?,,Kerana bentuk muka bumi mempengaruhi tempat manusia awal tinggal / Because landforms influenced where early humans lived,Kerana ia menentukan bahasa yang digunakan manusia / Because it determines the language humans use,Kerana ia menggantikan kajian sumber sejarah / Because it replaces the study of historical sources,Kerana ia menerangkan asal usul tulisan / Because it explains the origin of writing,Kerana bentuk muka bumi mempengaruhi tempat manusia awal tinggal / Because landforms influenced where early humans lived,,
bab2,Bab 2: Zaman Air Batu,2-1-dunia-kita,2.1 Dunia Kita,objective,Jelaskan secara ringkas teori pergerakan benua. / Briefly explain the theory of continental drift.,,,,,,Teori ini menyatakan bahawa benua pada asalnya bercantum sebagai satu daratan besar bernama Pangaea sebelum bergerak perlahan-lahan ke kedudukan sekarang. / The theory states that the continents were once joined as a single landmass called Pangaea before slowly drifting to their present positions.,,
bab2,Bab 2: Zaman Air Batu,2-1-dunia-kita,2.1 Dunia Kita,objective,Nyatakan dua proses yang mengubah permukaan bumi. / State two processes that change the Earth's surface.,,,,,,"Pergerakan plat tektonik yang membentuk gunung dan lautan, serta hakisan oleh air dan angin. / Tectonic plate movement that forms mountains and oceans, and erosion by water and wind.",,
bab2,Bab 2: Zaman Air Batu,2-1-dunia-kita,2.1 Dunia Kita,objective,Mengapakah kedudukan geografi penting dalam kajian sejarah awal manusia? / Why is geographical position important in the study of early human history?,,,,,,"Kedudukan geografi menentukan sumber makanan, iklim dan laluan pergerakan manusia awal, lalu mempengaruhi cara hidup mereka. / Geographical position determines food sources, climate and migration routes, and thus shapes how early humans lived.",,
bab2,Bab 2: Zaman Air Batu,2-2-zaman-air-batu,2.2 Zaman Air Batu,summary,"Topik ini menerangkan konsep zaman air batu, iaitu tempoh ketika suhu Bumi menjadi lebih sejuk dan kawasan besar dilitupi ais.","This topic explains the concept of the Ice Age, a period when Earth's temperature became colder and large areas were covered by ice.",,,,,,,
bab2,Bab 2: Zaman Air Batu,2-2-zaman-air-batu,2.2 Zaman Air Batu,fact,Zaman air batu ialah tempoh cuaca sejuk yang meliputi kawasan besar di Bumi.,The Ice Age was a period of cold weather that covered large areas of Earth.,,,,,,,
bab2,Bab 2: Zaman Air Batu,2-2-zaman-air-batu,2.2 Zaman Air Batu,fact,"Semasa zaman air batu, banyak kawasan yang kini panas menjadi sejuk dan dilitupi ais.","During the Ice Age, many areas that are now warm became cold and covered with ice.",,,,,,,
bab2,Bab 2: Zaman Air Batu,2-2-zaman-air-batu,2.2 Zaman Air Batu,fact,Kitaran perubahan suhu menyebabkan zon ais berkembang dan surut secara berulang.,Cycles of temperature change caused ice zones to expand and shrink repeatedly.,,,,,,,
bab2,Bab 2: Zaman Air Batu,2-2-zaman-air-batu,2.2 Zaman Air Batu,fact,"Perubahan suhu ini memberi kesan besar kepada tumbuhan, haiwan, dan manusia.","These temperature changes had major effects on plants, animals, and humans.",,,,,,,
bab2,Bab 2: Zaman Air Batu,2-2-zaman-air-batu,2.2 Zaman Air Batu,fact,"Zaman air batu membentuk landskap, sungai, dan bentuk muka bumi yang kita lihat hari ini.","The Ice Age shaped landscapes, rivers, and landforms that we see today.",,,,,,,
bab2,Bab 2: Zaman Air Batu,2-2-zaman-air-batu,2.2 Zaman Air Batu,fact,Zaman Air Batu ialah tempoh apabila suhu bumi menurun dan sebahagian besar permukaan bumi diliputi glasier.,The Ice Age was a period when the Earth's temperature fell and much of its surface was covered by glaciers.,,,,,,,
bab2,Bab 2: Zaman Air Batu,2-2-zaman-air-batu,2.2 Zaman Air Batu,fact,Paras air laut menurun semasa Zaman Air Batu kerana banyak air tersimpan dalam bentuk ais.,Sea levels fell during the Ice Age because much water was locked up as ice.,,,,,,,
bab2,Bab 2: Zaman Air Batu,2-2-zaman-air-batu,2.2 Zaman Air Batu,person,Beliau memperkenalkan teori Zaman Air Batu pada tahun 1837 selepas mengkaji kesan glasier di Pergunungan Alps. Kajian beliau membuktikan bahawa ais pernah meliputi kawasan yang jauh lebih luas daripada hari ini.,He introduced the theory of the Ice Age in 1837 after studying glacial traces in the Alps. His research proved that ice once covered a far wider area than today.,,,,,,Louis Agassiz,Ahli sains Switzerland
bab2,Bab 2: Zaman Air Batu,2-2-zaman-air-batu,2.2 Zaman Air Batu,multiple_choice,Apakah yang dimaksudkan dengan Zaman Air Batu? / What is meant by the Ice Age?,,Tempoh suhu bumi menurun dan glasier meluas / A period when Earth's temperature fell and glaciers expanded,Tempoh gunung berapi meletus di seluruh dunia / A period of worldwide volcanic eruptions,Tempoh air laut naik menenggelami benua / A period when seas rose and submerged continents,Tempoh hutan hujan meliputi seluruh bumi / A period when rainforest covered the whole Earth,Tempoh suhu bumi menurun dan glasier meluas / A period when Earth's temperature fell and glaciers expanded,,
bab2,Bab 2: Zaman Air Batu,2-2-zaman-air-batu,2.2 Zaman Air Batu,multiple_choice,"Semasa Zaman Air Batu, paras air laut / During the Ice Age, sea levels",,Menurun kerana air tersimpan sebagai ais / Fell because water was stored as ice,Naik kerana glasier mencair / Rose because glaciers melted,Kekal sama seperti hari ini / Remained the same as today,Naik dan turun setiap hari / Rose and fell every day,Menurun kerana air tersimpan sebagai ais / Fell because water was stored as ice,,
bab2,Bab 2: Zaman Air Batu,2-2-zaman-air-batu,2.2 Zaman Air Batu,multiple_choice,Siapakah yang memperkenalkan teori Zaman Air Batu? / Who introduced the theory of the Ice Age?,,Louis Agassiz,Alfred Wegener,Charles Darwin,Eugene Dubois,Louis Agassiz,,
bab2,Bab 2: Zaman Air Batu,2-2-zaman-air-batu,2.2 Zaman Air Batu,multiple_choice,Kesan Zaman Air Batu terhadap manusia awal ialah / An effect of the Ice Age on early humans was,,Mereka berpindah mencari kawasan yang lebih panas dan sumber makanan / They migrated in search of warmer areas and food sources,Mereka membina bandar besar / They built large cities,Mereka mula bercucuk tanam secara besar-besaran / They began large-scale farming,Mereka berhenti menggunakan alat batu / They stopped using stone tools,Mereka berpindah mencari kawasan yang lebih panas dan sumber makanan / They migrated in search of warmer areas and food sources,,
bab2,Bab 2: Zaman Air Batu,2-2-zaman-air-batu,2.2 Zaman Air Batu,multiple_choice,Bukti kewujudan Zaman Air Batu boleh dikesan melalui / Evidence of the Ice Age can be traced through,,Kesan hakisan glasier dan lapisan batuan / Glacial erosion marks and rock layers,Catatan bertulis manusia purba / Written records of early humans,Peta moden / Modern maps,Cerita rakyat sahaja / Folk tales alone,Kesan hakisan glasier dan lapisan batuan / Glacial erosion marks and rock layers,,
bab2,Bab 2: Zaman Air Batu,2-2-zaman-air-batu,2.2 Zaman Air Batu,objective,Nyatakan maksud Zaman Air Batu. / State the meaning of the Ice Age.,,,,,,Zaman Air Batu ialah tempoh apabila suhu bumi menurun sehingga sebahagian besar permukaan bumi diliputi glasier dan litupan ais. / The Ice Age was a period when the Earth's temperature dropped so that much of its surface was covered by glaciers and ice sheets.,,
bab2,Bab 2: Zaman Air Batu,2-2-zaman-air-batu,2.2 Zaman Air Batu,objective,Jelaskan mengapa paras air laut menurun semasa Zaman Air Batu. / Explain why sea levels fell during the Ice Age.,,,,,,"Sejumlah besar air tersimpan dalam bentuk ais dan glasier di daratan, menyebabkan kurang air kembali ke laut. / A large amount of water was locked up as ice and glaciers on land, so less water returned to the sea.",,
bab2,Bab 2: Zaman Air Batu,2-2-zaman-air-batu,2.2 Zaman Air Batu,objective,Berikan satu bukti yang menunjukkan Zaman Air Batu pernah berlaku. / Give one piece of evidence showing the Ice Age occurred.,,,,,,Kesan hakisan glasier pada batuan dan lembah berbentuk U di kawasan pergunungan menunjukkan pergerakan ais pada masa lalu. / Glacial erosion marks on rocks and U-shaped valleys in mountain areas show past ice movement.,,
bab2,Bab 2: Zaman Air Batu,2-3-garis-masa-zaman-air-batu,2.3 Garis Masa Zaman Air Batu,summary,Topik ini menerangkan garis masa zaman air batu dan perubahan suhu yang berlaku secara berperingkat.,This topic explains the timeline of the Ice Age and the gradual changes in temperature that took place.,,,,,,,
bab2,Bab 2: Zaman Air Batu,2-3-garis-masa-zaman-air-batu,2.3 Garis Masa Zaman Air Batu,fact,Garis masa menunjukkan perubahan suhu dari masa ke masa.,The timeline shows changes in temperature over time.,,,,,,,
bab2,Bab 2: Zaman Air Batu,2-3-garis-masa-zaman-air-batu,2.3 Garis Masa Zaman Air Batu,fact,"Pada tahap tertentu, suhu menurun lalu ais berkembang di kawasan tertentu.","At certain points, temperatures dropped and ice expanded in some regions.",,,,,,,
bab2,Bab 2: Zaman Air Batu,2-3-garis-masa-zaman-air-batu,2.3 Garis Masa Zaman Air Batu,fact,"Pada tahap lain, suhu meningkat lalu ais mula surut.","At other points, temperatures rose and ice began to retreat.",,,,,,,
bab2,Bab 2: Zaman Air Batu,2-3-garis-masa-zaman-air-batu,2.3 Garis Masa Zaman Air Batu,fact,Perubahan ini berlaku berulang dan mengambil masa yang sangat lama.,These changes occurred repeatedly over a very long period.,,,,,,,
bab2,Bab 2: Zaman Air Batu,2-3-garis-masa-zaman-air-batu,2.3 Garis Masa Zaman Air Batu,fact,Garis masa membantu kita memahami urutan perubahan geografi dan iklim.,The timeline helps us understand the sequence of geographic and climatic changes.,,,,,,,
bab2,Bab 2: Zaman Air Batu,2-3-garis-masa-zaman-air-batu,2.3 Garis Masa Zaman Air Batu,fact,Zaman Air Batu terbahagi kepada beberapa fasa sejuk (glasier) dan fasa panas (interglasier) secara berulang.,The Ice Age is divided into repeated cold phases (glacials) and warm phases (interglacials).,,,,,,,
bab2,Bab 2: Zaman Air Batu,2-3-garis-masa-zaman-air-batu,2.3 Garis Masa Zaman Air Batu,fact,Zaman Air Batu Akhir berakhir kira-kira 10 000 tahun dahulu apabila suhu bumi meningkat.,"The Last Ice Age ended about 10,000 years ago when the Earth's temperature rose.",,,,,,,
bab2,Bab 2: Zaman Air Batu,2-3-garis-masa-zaman-air-batu,2.3 Garis Masa Zaman Air Batu,person,Beliau menjelaskan bahawa perubahan orbit dan kecondongan paksi bumi menyebabkan kitaran sejuk dan panas yang berulang. Teori kitaran ini membantu ahli sains menyusun garis masa Zaman Air Batu.,He explained that changes in the Earth's orbit and axial tilt cause repeating cold and warm cycles. This cycle theory helps scientists construct the timeline of the Ice Age.,,,,,,Milutin Milankovic,Ahli matematik dan astronomi Serbia
bab2,Bab 2: Zaman Air Batu,2-3-garis-masa-zaman-air-batu,2.3 Garis Masa Zaman Air Batu,multiple_choice,Fasa panas antara dua fasa glasier dikenali sebagai / The warm phase between two glacial phases is known as,,Interglasier / Interglacial,Pleistosen / Pleistocene,Holosen / Holocene,Paleolitik / Palaeolithic,Interglasier / Interglacial,,
bab2,Bab 2: Zaman Air Batu,2-3-garis-masa-zaman-air-batu,2.3 Garis Masa Zaman Air Batu,multiple_choice,Zaman Air Batu Akhir berakhir kira-kira / The Last Ice Age ended about,,"10 000 tahun dahulu / 10,000 years ago",1 juta tahun dahulu / 1 million years ago,500 tahun dahulu / 500 years ago,100 juta tahun dahulu / 100 million years ago,"10 000 tahun dahulu / 10,000 years ago",,
bab2,Bab 2: Zaman Air Batu,2-3-garis-masa-zaman-air-batu,2.3 Garis Masa Zaman Air Batu,multiple_choice,"Menurut Milankovic, kitaran sejuk dan panas bumi disebabkan oleh / According to Milankovic, Earth's cold and warm cycles are caused by",,Perubahan orbit dan kecondongan paksi bumi / Changes in Earth's orbit and axial tilt,Pergerakan benua yang pantas / Rapid continental movement,Letusan gunung berapi setiap tahun / Annual volcanic eruptions,Perubahan warna matahari / Changes in the colour of the Sun,Perubahan orbit dan kecondongan paksi bumi / Changes in Earth's orbit and axial tilt,,
bab2,Bab 2: Zaman Air Batu,2-3-garis-masa-zaman-air-batu,2.3 Garis Masa Zaman Air Batu,multiple_choice,Garis masa Zaman Air Batu penting kerana ia / A timeline of the Ice Age is important because it,,Menunjukkan urutan perubahan iklim dan kesannya terhadap manusia / Shows the sequence of climate change and its effects on humans,Menentukan nama-nama manusia purba / Determines the names of early humans,Menunjukkan lokasi bandar purba / Shows the location of ancient cities,Mengukur ketinggian gunung / Measures the height of mountains,Menunjukkan urutan perubahan iklim dan kesannya terhadap manusia / Shows the sequence of climate change and its effects on humans,,
bab2,Bab 2: Zaman Air Batu,2-3-garis-masa-zaman-air-batu,2.3 Garis Masa Zaman Air Batu,multiple_choice,Zaman selepas berakhirnya Zaman Air Batu Akhir dikenali sebagai / The era after the Last Ice Age ended is known as,,Holosen / Holocene,Pleistosen / Pleistocene,Mesozoik / Mesozoic,Jurasik / Jurassic,Holosen / Holocene,,
bab2,Bab 2: Zaman Air Batu,2-3-garis-masa-zaman-air-batu,2.3 Garis Masa Zaman Air Batu,objective,Apakah perbezaan antara fasa glasier dan fasa interglasier? / What is the difference between a glacial and an interglacial phase?,,,,,,"Fasa glasier ialah tempoh suhu rendah dengan litupan ais yang luas, manakala fasa interglasier ialah tempoh suhu lebih panas apabila ais berundur. / A glacial phase is a cold period with extensive ice cover, while an interglacial is a warmer period when ice retreats.",,
bab2,Bab 2: Zaman Air Batu,2-3-garis-masa-zaman-air-batu,2.3 Garis Masa Zaman Air Batu,objective,Nyatakan bila Zaman Air Batu Akhir berakhir dan apa yang berlaku selepasnya. / State when the Last Ice Age ended and what followed.,,,,,,"Ia berakhir kira-kira 10 000 tahun dahulu apabila suhu meningkat, ais mencair dan paras laut naik membentuk pantai seperti hari ini. / It ended about 10,000 years ago when temperatures rose, ice melted and sea levels rose to form today's coastlines.",,
bab2,Bab 2: Zaman Air Batu,2-3-garis-masa-zaman-air-batu,2.3 Garis Masa Zaman Air Batu,objective,Mengapakah ahli sains menggunakan garis masa untuk mengkaji Zaman Air Batu? / Why do scientists use a timeline to study the Ice Age?,,,,,,Garis masa menyusun fasa sejuk dan panas mengikut urutan supaya hubungan antara perubahan iklim dan perubahan kehidupan manusia dapat dilihat dengan jelas. / A timeline arranges cold and warm phases in order so the link between climate change and changes in human life is clear.,,
bab2,Bab 2: Zaman Air Batu,2-4-ciri-ciri-zaman-air-batu-akhir,2.4 Ciri-ciri Zaman Air Batu Akhir,summary,"Topik ini membincangkan ciri-ciri utama zaman air batu akhir, termasuk kawasan ais, tumbuhan sejuk, dan perubahan cuaca yang ketara.","This topic discusses the main features of the late Ice Age, including ice-covered areas, cold plants, and significant weather changes.",,,,,,,
bab2,Bab 2: Zaman Air Batu,2-4-ciri-ciri-zaman-air-batu-akhir,2.4 Ciri-ciri Zaman Air Batu Akhir,fact,Zaman air batu akhir ditandai dengan kawasan ais yang luas dan suhu yang sangat sejuk.,The late Ice Age was marked by vast ice-covered regions and very cold temperatures.,,,,,,,
bab2,Bab 2: Zaman Air Batu,2-4-ciri-ciri-zaman-air-batu-akhir,2.4 Ciri-ciri Zaman Air Batu Akhir,fact,Tumbuhan yang tahan sejuk lebih dominan di kawasan tertentu.,Cold-tolerant plants became more dominant in some areas.,,,,,,,
bab2,Bab 2: Zaman Air Batu,2-4-ciri-ciri-zaman-air-batu-akhir,2.4 Ciri-ciri Zaman Air Batu Akhir,fact,Haiwan seperti mamalia besar dapat bertahan di kawasan sejuk.,Animals such as large mammals could survive in cold regions.,,,,,,,
bab2,Bab 2: Zaman Air Batu,2-4-ciri-ciri-zaman-air-batu-akhir,2.4 Ciri-ciri Zaman Air Batu Akhir,fact,Bentuk muka bumi berubah akibat hakisan dan pemendapan ais.,The landscape changed due to erosion and deposition by ice.,,,,,,,
bab2,Bab 2: Zaman Air Batu,2-4-ciri-ciri-zaman-air-batu-akhir,2.4 Ciri-ciri Zaman Air Batu Akhir,fact,Kawasan yang kini subur mungkin berubah menjadi tundra atau padang sejuk.,Areas that are now fertile may have become tundra or cold grasslands.,,,,,,,
bab2,Bab 2: Zaman Air Batu,2-4-ciri-ciri-zaman-air-batu-akhir,2.4 Ciri-ciri Zaman Air Batu Akhir,fact,"Semasa Zaman Air Batu Akhir, manusia hidup secara nomad dan bergantung kepada memburu serta memungut hasil hutan.","During the Last Ice Age, humans lived nomadically and relied on hunting and gathering forest produce.",,,,,,,
bab2,Bab 2: Zaman Air Batu,2-4-ciri-ciri-zaman-air-batu-akhir,2.4 Ciri-ciri Zaman Air Batu Akhir,fact,Haiwan besar seperti mammoth dan badak berbulu hidup di kawasan sejuk pada zaman ini.,Large animals such as mammoths and woolly rhinoceroses lived in cold regions during this period.,,,,,,,
bab2,Bab 2: Zaman Air Batu,2-4-ciri-ciri-zaman-air-batu-akhir,2.4 Ciri-ciri Zaman Air Batu Akhir,person,"Beliau mencipta kaedah pentarikhan radiokarbon pada tahun 1949 yang membolehkan usia tulang, arang dan artifak zaman ini ditentukan. Kaedah ini menjadikan kajian Zaman Air Batu Akhir jauh lebih tepat.","He developed radiocarbon dating in 1949, allowing the age of bones, charcoal and artifacts from this period to be determined. The method made the study of the Last Ice Age far more accurate.",,,,,,Willard Libby,Ahli kimia Amerika Syarikat
bab2,Bab 2: Zaman Air Batu,2-4-ciri-ciri-zaman-air-batu-akhir,2.4 Ciri-ciri Zaman Air Batu Akhir,multiple_choice,Cara hidup manusia semasa Zaman Air Batu Akhir ialah / The way of life of humans during the Last Ice Age was,,"Nomad, memburu dan memungut hasil hutan / Nomadic, hunting and gathering",Menetap dan bertani secara besar-besaran / Settled and farming on a large scale,Berdagang menggunakan mata wang / Trading using currency,Tinggal dalam bandar berkubu / Living in fortified cities,"Nomad, memburu dan memungut hasil hutan / Nomadic, hunting and gathering",,
bab2,Bab 2: Zaman Air Batu,2-4-ciri-ciri-zaman-air-batu-akhir,2.4 Ciri-ciri Zaman Air Batu Akhir,multiple_choice,Haiwan yang biasa dikaitkan dengan Zaman Air Batu Akhir ialah / An animal commonly associated with the Last Ice Age is,,Mammoth,Dinosaur,Unta Arab / Arabian camel,Harimau Malaya / Malayan tiger,Mammoth,,
bab2,Bab 2: Zaman Air Batu,2-4-ciri-ciri-zaman-air-batu-akhir,2.4 Ciri-ciri Zaman Air Batu Akhir,multiple_choice,Kaedah pentarikhan radiokarbon digunakan untuk / Radiocarbon dating is used to,,Menentukan usia bahan organik seperti tulang dan arang / Determine the age of organic material such as bone and charcoal,Menentukan suhu udara semasa / Determine current air temperature,Mengukur ketebalan glasier hari ini / Measure the thickness of today's glaciers,Menterjemah tulisan purba / Translate ancient writing,Menentukan usia bahan organik seperti tulang dan arang / Determine the age of organic material such as bone and charcoal,,
bab2,Bab 2: Zaman Air Batu,2-4-ciri-ciri-zaman-air-batu-akhir,2.4 Ciri-ciri Zaman Air Batu Akhir,multiple_choice,Tempat perlindungan utama manusia pada Zaman Air Batu Akhir ialah / The main shelter of humans in the Last Ice Age was,,Gua dan pelindung batu / Caves and rock shelters,Rumah batu bata / Brick houses,Rumah panjang kayu / Wooden longhouses,Khemah kain / Cloth tents,Gua dan pelindung batu / Caves and rock shelters,,
bab2,Bab 2: Zaman Air Batu,2-4-ciri-ciri-zaman-air-batu-akhir,2.4 Ciri-ciri Zaman Air Batu Akhir,multiple_choice,Api penting kepada manusia Zaman Air Batu Akhir kerana / Fire was important to Last Ice Age humans because,,"Ia memberi kehangatan, memasak makanan dan menghalau binatang buas / It gave warmth, cooked food and drove away wild animals",Ia digunakan untuk membuat logam / It was used to make metal,Ia digunakan untuk membakar tembikar perdagangan / It was used to fire trade pottery,Ia menerangi bandar pada waktu malam / It lit up cities at night,"Ia memberi kehangatan, memasak makanan dan menghalau binatang buas / It gave warmth, cooked food and drove away wild animals",,
bab2,Bab 2: Zaman Air Batu,2-4-ciri-ciri-zaman-air-batu-akhir,2.4 Ciri-ciri Zaman Air Batu Akhir,objective,Nyatakan dua ciri kehidupan manusia semasa Zaman Air Batu Akhir. / State two features of human life during the Last Ice Age.,,,,,,"Mereka hidup secara nomad berpindah randah mencari makanan, dan berlindung di dalam gua sambil menggunakan api serta alat batu. / They lived nomadically, moving in search of food, and sheltered in caves while using fire and stone tools.",,
bab2,Bab 2: Zaman Air Batu,2-4-ciri-ciri-zaman-air-batu-akhir,2.4 Ciri-ciri Zaman Air Batu Akhir,objective,Mengapakah manusia zaman ini bergantung kepada gua? / Why did humans of this period depend on caves?,,,,,,"Gua memberi perlindungan daripada cuaca sejuk, hujan dan serangan binatang buas tanpa perlu membina tempat tinggal. / Caves provided shelter from cold weather, rain and wild animals without the need to build dwellings.",,
bab2,Bab 2: Zaman Air Batu,2-4-ciri-ciri-zaman-air-batu-akhir,2.4 Ciri-ciri Zaman Air Batu Akhir,objective,Jelaskan kegunaan kaedah pentarikhan radiokarbon dalam kajian zaman ini. / Explain the use of radiocarbon dating in studying this period.,,,,,,"Kaedah ini menentukan usia bahan organik seperti tulang dan arang, membolehkan penemuan disusun mengikut garis masa yang tepat. / The method determines the age of organic material such as bone and charcoal, allowing finds to be placed accurately on a timeline.",,
bab2,Bab 2: Zaman Air Batu,2-5-perubahan-zaman-air-batu-akhir,2.5 Perubahan Zaman Air Batu Akhir,summary,Topik ini menerangkan perubahan bentuk muka bumi dan paras laut akibat penyejukan dan pencairan ais.,This topic explains changes in landforms and sea level caused by cooling and melting ice.,,,,,,,
bab2,Bab 2: Zaman Air Batu,2-5-perubahan-zaman-air-batu-akhir,2.5 Perubahan Zaman Air Batu Akhir,fact,Perubahan iklim menyebabkan paras laut berubah dari masa ke masa.,Climate change caused sea levels to change over time.,,,,,,,
bab2,Bab 2: Zaman Air Batu,2-5-perubahan-zaman-air-batu-akhir,2.5 Perubahan Zaman Air Batu Akhir,fact,Penyejukan menyebabkan laut berkurang dan kawasan daratan terdedah.,Cooling caused the sea to shrink and exposed more land.,,,,,,,
bab2,Bab 2: Zaman Air Batu,2-5-perubahan-zaman-air-batu-akhir,2.5 Perubahan Zaman Air Batu Akhir,fact,Pencairan ais pula meningkatkan paras laut dan mengubah pantai.,Melting ice raised sea levels and changed coastlines.,,,,,,,
bab2,Bab 2: Zaman Air Batu,2-5-perubahan-zaman-air-batu-akhir,2.5 Perubahan Zaman Air Batu Akhir,fact,Perubahan ini mempengaruhi habitat manusia dan haiwan.,These changes affected the habitats of humans and animals.,,,,,,,
bab2,Bab 2: Zaman Air Batu,2-5-perubahan-zaman-air-batu-akhir,2.5 Perubahan Zaman Air Batu Akhir,fact,Landskap yang berubah membentuk laluan baru untuk pergerakan manusia.,The changing landscape created new routes for human movement.,,,,,,,
bab2,Bab 2: Zaman Air Batu,2-5-perubahan-zaman-air-batu-akhir,2.5 Perubahan Zaman Air Batu Akhir,fact,"Peningkatan suhu menyebabkan glasier mencair, paras laut naik dan kawasan pantai baharu terbentuk.","Rising temperatures caused glaciers to melt, sea levels to rise and new coastlines to form.",,,,,,,
bab2,Bab 2: Zaman Air Batu,2-5-perubahan-zaman-air-batu-akhir,2.5 Perubahan Zaman Air Batu Akhir,fact,"Perubahan iklim menyebabkan tumbuhan dan haiwan baharu muncul, lalu mengubah sumber makanan manusia.","Climate change brought new plants and animals, which changed human food sources.",,,,,,,
bab2,Bab 2: Zaman Air Batu,2-5-perubahan-zaman-air-batu-akhir,2.5 Perubahan Zaman Air Batu Akhir,person,Beliau memperkenalkan istilah Pleistosen dan Holosen untuk membahagikan zaman geologi berdasarkan perubahan hidupan. Idea beliau bahawa proses alam berlaku secara perlahan dan berterusan membantu menjelaskan perubahan selepas Zaman Air Batu.,He introduced the terms Pleistocene and Holocene to divide geological time based on changes in living things. His idea that natural processes act slowly and continuously helps explain post-Ice Age change.,,,,,,Charles Lyell,Ahli geologi British
bab2,Bab 2: Zaman Air Batu,2-5-perubahan-zaman-air-batu-akhir,2.5 Perubahan Zaman Air Batu Akhir,multiple_choice,Kesan utama peningkatan suhu selepas Zaman Air Batu Akhir ialah / The main effect of rising temperatures after the Last Ice Age was,,Glasier mencair dan paras laut naik / Glaciers melted and sea levels rose,Glasier bertambah tebal / Glaciers became thicker,Bumi menjadi lebih sejuk / The Earth became colder,Daratan bercantum semula / Landmasses joined again,Glasier mencair dan paras laut naik / Glaciers melted and sea levels rose,,
bab2,Bab 2: Zaman Air Batu,2-5-perubahan-zaman-air-batu-akhir,2.5 Perubahan Zaman Air Batu Akhir,multiple_choice,Perubahan iklim selepas Zaman Air Batu menyebabkan manusia mula / Climate change after the Ice Age led humans to begin,,Menetap dan bercucuk tanam / Settling and farming,Berpindah ke kawasan berais / Moving to icy regions,Meninggalkan penggunaan api / Abandoning the use of fire,Menghentikan aktiviti memburu terus / Stopping hunting entirely,Menetap dan bercucuk tanam / Settling and farming,,
bab2,Bab 2: Zaman Air Batu,2-5-perubahan-zaman-air-batu-akhir,2.5 Perubahan Zaman Air Batu Akhir,multiple_choice,Istilah Holosen merujuk kepada / The term Holocene refers to,,Zaman selepas berakhirnya Zaman Air Batu hingga kini / The era after the Ice Age up to the present,Zaman puncak litupan ais / The peak of ice cover,Zaman sebelum kemunculan manusia / The era before humans appeared,Zaman dinosaur / The age of dinosaurs,Zaman selepas berakhirnya Zaman Air Batu hingga kini / The era after the Ice Age up to the present,,
bab2,Bab 2: Zaman Air Batu,2-5-perubahan-zaman-air-batu-akhir,2.5 Perubahan Zaman Air Batu Akhir,multiple_choice,Kepupusan haiwan besar seperti mammoth berkait rapat dengan / The extinction of large animals such as mammoths is closely linked to,,Perubahan iklim dan pemburuan manusia / Climate change and human hunting,Letusan gunung berapi di Asia Tenggara / Volcanic eruptions in Southeast Asia,Pembinaan bandar awal / The building of early cities,Penggunaan logam / The use of metals,Perubahan iklim dan pemburuan manusia / Climate change and human hunting,,
bab2,Bab 2: Zaman Air Batu,2-5-perubahan-zaman-air-batu-akhir,2.5 Perubahan Zaman Air Batu Akhir,multiple_choice,Kenaikan paras laut selepas Zaman Air Batu Akhir menyebabkan / The rise in sea level after the Last Ice Age caused,,"Sebahagian daratan rendah tenggelam dan membentuk pulau / Low-lying land to be submerged, forming islands",Gunung menjadi lebih tinggi / Mountains to become higher,Sungai mengering sepenuhnya / Rivers to dry up completely,Hutan hilang sepenuhnya / Forests to disappear entirely,"Sebahagian daratan rendah tenggelam dan membentuk pulau / Low-lying land to be submerged, forming islands",,
bab2,Bab 2: Zaman Air Batu,2-5-perubahan-zaman-air-batu-akhir,2.5 Perubahan Zaman Air Batu Akhir,objective,Jelaskan dua perubahan alam sekitar selepas Zaman Air Batu Akhir. / Explain two environmental changes after the Last Ice Age.,,,,,,"Glasier mencair sehingga paras laut naik dan menenggelami daratan rendah, serta iklim menjadi lebih panas sehingga tumbuhan dan haiwan baharu muncul. / Glaciers melted so sea levels rose and submerged low-lying land, and the climate warmed so new plants and animals appeared.",,
bab2,Bab 2: Zaman Air Batu,2-5-perubahan-zaman-air-batu-akhir,2.5 Perubahan Zaman Air Batu Akhir,objective,Bagaimanakah perubahan iklim mempengaruhi cara hidup manusia? / How did climate change affect the human way of life?,,,,,,"Iklim yang lebih panas membolehkan tumbuhan ditanam, lalu manusia mula menetap, bercucuk tanam dan menternak haiwan. / A warmer climate allowed crops to grow, so humans began to settle, farm and domesticate animals.",,
bab2,Bab 2: Zaman Air Batu,2-5-perubahan-zaman-air-batu-akhir,2.5 Perubahan Zaman Air Batu Akhir,objective,Mengapakah haiwan besar seperti mammoth pupus? / Why did large animals such as the mammoth become extinct?,,,,,,Habitat sejuk mereka mengecil akibat pemanasan iklim dan mereka turut diburu secara meluas oleh manusia. / Their cold habitat shrank as the climate warmed and they were also widely hunted by humans.,,
bab2,Bab 2: Zaman Air Batu,2-6-kesan-perubahan-zaman-air-batu-di-asia-tenggara,2.6 Kesan Perubahan Zaman Air Batu di Asia Tenggara,summary,"Topik ini menerangkan kesan perubahan zaman air batu terhadap Asia Tenggara, termasuk kawasan daratan yang terdedah dan perubahan ekosistem.","This topic explains the effects of Ice Age changes in Southeast Asia, including exposed land areas and ecosystem changes.",,,,,,,
bab2,Bab 2: Zaman Air Batu,2-6-kesan-perubahan-zaman-air-batu-di-asia-tenggara,2.6 Kesan Perubahan Zaman Air Batu di Asia Tenggara,fact,Perubahan zaman air batu mempengaruhi Asia Tenggara melalui perubahan paras laut dan bentuk muka bumi.,Ice Age changes affected Southeast Asia through changes in sea level and landforms.,,,,,,,
bab2,Bab 2: Zaman Air Batu,2-6-kesan-perubahan-zaman-air-batu-di-asia-tenggara,2.6 Kesan Perubahan Zaman Air Batu di Asia Tenggara,fact,Kawasan daratan yang terdedah membolehkan pergerakan haiwan dan manusia ke kawasan yang berbeza.,Exposed land areas allowed animals and humans to move to different places.,,,,,,,
bab2,Bab 2: Zaman Air Batu,2-6-kesan-perubahan-zaman-air-batu-di-asia-tenggara,2.6 Kesan Perubahan Zaman Air Batu di Asia Tenggara,fact,Ekosistem berubah apabila kawasan sejuk menggantikan kawasan tropika tertentu.,Ecosystems changed when cold regions replaced some tropical areas.,,,,,,,
bab2,Bab 2: Zaman Air Batu,2-6-kesan-perubahan-zaman-air-batu-di-asia-tenggara,2.6 Kesan Perubahan Zaman Air Batu di Asia Tenggara,fact,"Perubahan ini mempengaruhi taburan tumbuhan, haiwan, dan masyarakat awal.","These changes affected the distribution of plants, animals, and early communities.",,,,,,,
bab2,Bab 2: Zaman Air Batu,2-6-kesan-perubahan-zaman-air-batu-di-asia-tenggara,2.6 Kesan Perubahan Zaman Air Batu di Asia Tenggara,fact,Kesan zaman air batu masih dapat dilihat dalam bentuk landskap dan taburan sumber.,The effects of the Ice Age can still be seen in the landscape and distribution of resources.,,,,,,,
bab2,Bab 2: Zaman Air Batu,2-6-kesan-perubahan-zaman-air-batu-di-asia-tenggara,2.6 Kesan Perubahan Zaman Air Batu di Asia Tenggara,fact,"Semasa paras laut rendah, Pentas Sunda menghubungkan Semenanjung Tanah Melayu dengan Sumatera, Jawa dan Borneo.","When sea levels were low, the Sunda Shelf connected the Malay Peninsula with Sumatra, Java and Borneo.",,,,,,,
bab2,Bab 2: Zaman Air Batu,2-6-kesan-perubahan-zaman-air-batu-di-asia-tenggara,2.6 Kesan Perubahan Zaman Air Batu di Asia Tenggara,fact,Kenaikan paras laut memisahkan daratan tersebut dan membentuk kepulauan Asia Tenggara seperti hari ini.,Rising sea levels separated these lands and formed the Southeast Asian archipelago as it is today.,,,,,,,
bab2,Bab 2: Zaman Air Batu,2-6-kesan-perubahan-zaman-air-batu-di-asia-tenggara,2.6 Kesan Perubahan Zaman Air Batu di Asia Tenggara,person,Beliau mengkaji prasejarah Asia Tenggara dan penghijrahan manusia awal di rantau Kepulauan Melayu. Kajian beliau menjelaskan bagaimana perubahan paras laut membentuk taburan penduduk di rantau ini.,He researched Southeast Asian prehistory and early human migration across the Malay Archipelago. His work explains how changing sea levels shaped the region's settlement patterns.,,,,,,Peter Bellwood,Ahli arkeologi Australia
bab2,Bab 2: Zaman Air Batu,2-6-kesan-perubahan-zaman-air-batu-di-asia-tenggara,2.6 Kesan Perubahan Zaman Air Batu di Asia Tenggara,multiple_choice,Pentas Sunda ialah / The Sunda Shelf is,,Daratan yang menghubungkan Semenanjung Tanah Melayu dengan pulau-pulau berdekatan / Land connecting the Malay Peninsula with nearby islands,Banjaran gunung di utara Thailand / A mountain range in northern Thailand,Sebuah tasik besar di Borneo / A large lake in Borneo,Lautan dalam di timur Filipina / A deep ocean east of the Philippines,Daratan yang menghubungkan Semenanjung Tanah Melayu dengan pulau-pulau berdekatan / Land connecting the Malay Peninsula with nearby islands,,
bab2,Bab 2: Zaman Air Batu,2-6-kesan-perubahan-zaman-air-batu-di-asia-tenggara,2.6 Kesan Perubahan Zaman Air Batu di Asia Tenggara,multiple_choice,Kepulauan Asia Tenggara terbentuk apabila / The Southeast Asian archipelago formed when,,Paras laut naik dan menenggelami daratan rendah / Sea levels rose and submerged low-lying land,Gunung berapi membina pulau baharu sahaja / Volcanoes alone built new islands,Manusia menggali terusan / Humans dug canals,Plat tektonik berhenti bergerak / Tectonic plates stopped moving,Paras laut naik dan menenggelami daratan rendah / Sea levels rose and submerged low-lying land,,
bab2,Bab 2: Zaman Air Batu,2-6-kesan-perubahan-zaman-air-batu-di-asia-tenggara,2.6 Kesan Perubahan Zaman Air Batu di Asia Tenggara,multiple_choice,Kesan kenaikan paras laut terhadap manusia awal di Asia Tenggara ialah / An effect of rising sea levels on early humans in Southeast Asia was,,Mereka terpisah ke pulau berbeza dan berkembang secara berasingan / They were separated onto different islands and developed separately,Mereka berhenti menggunakan alat batu / They stopped using stone tools,Mereka berpindah ke Eropah / They migrated to Europe,Mereka membina piramid / They built pyramids,Mereka terpisah ke pulau berbeza dan berkembang secara berasingan / They were separated onto different islands and developed separately,,
bab2,Bab 2: Zaman Air Batu,2-6-kesan-perubahan-zaman-air-batu-di-asia-tenggara,2.6 Kesan Perubahan Zaman Air Batu di Asia Tenggara,multiple_choice,"Iklim Asia Tenggara selepas Zaman Air Batu menjadi / After the Ice Age, the climate of Southeast Asia became",,Panas dan lembap dengan hutan hujan yang luas / Hot and humid with extensive rainforest,Sejuk dan kering seperti padang pasir / Cold and dry like a desert,Berais sepanjang tahun / Icy all year round,Bersalji pada musim sejuk / Snowy in winter,Panas dan lembap dengan hutan hujan yang luas / Hot and humid with extensive rainforest,,
bab2,Bab 2: Zaman Air Batu,2-6-kesan-perubahan-zaman-air-batu-di-asia-tenggara,2.6 Kesan Perubahan Zaman Air Batu di Asia Tenggara,multiple_choice,Bukti kewujudan manusia awal di Asia Tenggara banyak ditemui di / Evidence of early humans in Southeast Asia is largely found in,,Gua dan tapak arkeologi berhampiran sungai / Caves and archaeological sites near rivers,Dasar lautan dalam / The deep ocean floor,Puncak gunung berapi / Volcano summits,Bandar moden / Modern cities,Gua dan tapak arkeologi berhampiran sungai / Caves and archaeological sites near rivers,,
bab2,Bab 2: Zaman Air Batu,2-6-kesan-perubahan-zaman-air-batu-di-asia-tenggara,2.6 Kesan Perubahan Zaman Air Batu di Asia Tenggara,objective,Jelaskan bagaimana kepulauan Asia Tenggara terbentuk. / Explain how the Southeast Asian archipelago was formed.,,,,,,"Apabila ais mencair selepas Zaman Air Batu, paras laut naik dan menenggelami Pentas Sunda sehingga daratan yang bersambung terpisah menjadi pulau. / When ice melted after the Ice Age, sea levels rose and submerged the Sunda Shelf, splitting connected land into islands.",,
bab2,Bab 2: Zaman Air Batu,2-6-kesan-perubahan-zaman-air-batu-di-asia-tenggara,2.6 Kesan Perubahan Zaman Air Batu di Asia Tenggara,objective,Nyatakan satu kesan perubahan iklim terhadap kehidupan manusia awal di Asia Tenggara. / State one effect of climate change on early human life in Southeast Asia.,,,,,,"Iklim panas dan lembap menyuburkan hutan dan sungai, membolehkan manusia menetap serta bergantung kepada sumber hutan dan air. / A hot, humid climate enriched forests and rivers, allowing humans to settle and rely on forest and water resources.",,
bab2,Bab 2: Zaman Air Batu,2-6-kesan-perubahan-zaman-air-batu-di-asia-tenggara,2.6 Kesan Perubahan Zaman Air Batu di Asia Tenggara,objective,Mengapakah Pentas Sunda penting dalam kajian prasejarah rantau ini? / Why is the Sunda Shelf important in the prehistory of this region?,,,,,,"Pentas Sunda membolehkan manusia dan haiwan bergerak melalui daratan antara wilayah yang kini terpisah oleh laut, menjelaskan persamaan budaya dan hidupan di rantau ini. / The Sunda Shelf let humans and animals move overland between areas now separated by sea, explaining cultural and biological similarities across the region.",,
bab3,Bab 3: Zaman Prasejarah,3-1-maksud-zaman-prasejarah,3.1 Maksud Zaman Prasejarah,summary,"Topik ini menerangkan maksud zaman prasejarah, pembahagian zaman batu dan zaman logam, serta perkembangan teknologi dan kehidupan manusia awal.","This topic explains the meaning of the prehistoric age, the division between the Stone Age and Metal Age, and the development of technology and early human life.",,,,,,,
bab3,Bab 3: Zaman Prasejarah,3-1-maksud-zaman-prasejarah,3.1 Maksud Zaman Prasejarah,fact,Zaman prasejarah ialah zaman sebelum manusia mengenal tulisan.,The prehistoric age is the period before humans knew writing.,,,,,,,
bab3,Bab 3: Zaman Prasejarah,3-1-maksud-zaman-prasejarah,3.1 Maksud Zaman Prasejarah,fact,Zaman ini terbahagi kepada Zaman Batu dan Zaman Logam.,It is divided into the Stone Age and the Metal Age.,,,,,,,
bab3,Bab 3: Zaman Prasejarah,3-1-maksud-zaman-prasejarah,3.1 Maksud Zaman Prasejarah,fact,Zaman Paleolitik menekankan teknologi batu ringkas dan kehidupan nomad.,The Palaeolithic Age emphasized simple stone technology and nomadic life.,,,,,,,
bab3,Bab 3: Zaman Prasejarah,3-1-maksud-zaman-prasejarah,3.1 Maksud Zaman Prasejarah,fact,Zaman Mesolitik menonjolkan pemburuan binatang dan penangkapan ikan.,The Mesolithic Age highlighted animal hunting and fishing.,,,,,,,
bab3,Bab 3: Zaman Prasejarah,3-1-maksud-zaman-prasejarah,3.1 Maksud Zaman Prasejarah,fact,"Zaman Neolitik memperlihatkan petempatan menetap, pertanian, penternakan, dan tembikar.","The Neolithic Age saw settled settlements, farming, animal husbandry, and pottery.",,,,,,,
bab3,Bab 3: Zaman Prasejarah,3-1-maksud-zaman-prasejarah,3.1 Maksud Zaman Prasejarah,fact,"Zaman Logam melibatkan inovasi gangsa dan besi, pelayaran, dan perdagangan barter.","The Metal Age involved bronze and iron innovations, seafaring, and barter trade.",,,,,,,
bab3,Bab 3: Zaman Prasejarah,3-1-maksud-zaman-prasejarah,3.1 Maksud Zaman Prasejarah,fact,"Zaman Prasejarah ialah tempoh sebelum wujudnya sistem tulisan, jadi kajiannya bergantung kepada artifak dan tinggalan.","Prehistory is the period before writing existed, so its study depends on artifacts and remains.",,,,,,,
bab3,Bab 3: Zaman Prasejarah,3-1-maksud-zaman-prasejarah,3.1 Maksud Zaman Prasejarah,fact,"Zaman Prasejarah dibahagikan kepada Zaman Paleolitik, Mesolitik, Neolitik dan Zaman Logam.","Prehistory is divided into the Palaeolithic, Mesolithic, Neolithic and Metal Ages.",,,,,,,
bab3,Bab 3: Zaman Prasejarah,3-1-maksud-zaman-prasejarah,3.1 Maksud Zaman Prasejarah,person,"Beliau memperkenalkan sistem tiga zaman iaitu Zaman Batu, Zaman Gangsa dan Zaman Besi untuk mengelaskan tinggalan prasejarah. Sistem ini masih menjadi asas pembahagian zaman prasejarah hari ini.","He introduced the three-age system of Stone, Bronze and Iron Ages to classify prehistoric remains. This system is still the basis for dividing prehistory today.",,,,,,Christian Jurgensen Thomsen,Ahli arkeologi Denmark
bab3,Bab 3: Zaman Prasejarah,3-1-maksud-zaman-prasejarah,3.1 Maksud Zaman Prasejarah,multiple_choice,Zaman Prasejarah bermaksud tempoh / Prehistory means the period,,Sebelum manusia mencipta sistem tulisan / Before humans invented writing,Sebelum manusia menggunakan api / Before humans used fire,Selepas kemunculan tamadun awal / After the rise of early civilisations,Selepas Zaman Air Batu berakhir sahaja / Only after the Ice Age ended,Sebelum manusia mencipta sistem tulisan / Before humans invented writing,,
bab3,Bab 3: Zaman Prasejarah,3-1-maksud-zaman-prasejarah,3.1 Maksud Zaman Prasejarah,multiple_choice,Kajian Zaman Prasejarah bergantung terutamanya kepada / The study of prehistory depends mainly on,,"Artifak, fosil dan tinggalan arkeologi / Artifacts, fossils and archaeological remains",Buku catatan raja / Royal chronicles,Akhbar lama / Old newspapers,Peta bercetak / Printed maps,"Artifak, fosil dan tinggalan arkeologi / Artifacts, fossils and archaeological remains",,
bab3,Bab 3: Zaman Prasejarah,3-1-maksud-zaman-prasejarah,3.1 Maksud Zaman Prasejarah,multiple_choice,Susunan zaman prasejarah yang betul ialah / The correct order of prehistoric periods is,,"Paleolitik, Mesolitik, Neolitik, Zaman Logam / Palaeolithic, Mesolithic, Neolithic, Metal Age","Neolitik, Paleolitik, Mesolitik, Zaman Logam / Neolithic, Palaeolithic, Mesolithic, Metal Age","Zaman Logam, Neolitik, Paleolitik, Mesolitik / Metal Age, Neolithic, Palaeolithic, Mesolithic","Mesolitik, Zaman Logam, Paleolitik, Neolitik / Mesolithic, Metal Age, Palaeolithic, Neolithic","Paleolitik, Mesolitik, Neolitik, Zaman Logam / Palaeolithic, Mesolithic, Neolithic, Metal Age",,
bab3,Bab 3: Zaman Prasejarah,3-1-maksud-zaman-prasejarah,3.1 Maksud Zaman Prasejarah,multiple_choice,Sistem tiga zaman diperkenalkan oleh / The three-age system was introduced by,,Christian Jurgensen Thomsen,Louis Agassiz,Herodotus,Gordon Childe,Christian Jurgensen Thomsen,,
bab3,Bab 3: Zaman Prasejarah,3-1-maksud-zaman-prasejarah,3.1 Maksud Zaman Prasejarah,multiple_choice,Mengapakah zaman ini dinamakan 'prasejarah'? / Why is this period called 'prehistory'?,,Kerana tiada rekod bertulis ditinggalkan oleh manusia zaman itu / Because no written records were left by the people of that time,Kerana tiada manusia hidup pada zaman itu / Because no humans lived then,Kerana zaman itu tidak penting / Because the period is unimportant,Kerana zaman itu berlaku selepas tamadun awal / Because it happened after early civilisations,Kerana tiada rekod bertulis ditinggalkan oleh manusia zaman itu / Because no written records were left by the people of that time,,
bab3,Bab 3: Zaman Prasejarah,3-1-maksud-zaman-prasejarah,3.1 Maksud Zaman Prasejarah,objective,Apakah maksud Zaman Prasejarah? / What is the meaning of prehistory?,,,,,,"Zaman Prasejarah ialah tempoh kehidupan manusia sebelum wujudnya sistem tulisan, dan dikaji melalui tinggalan seperti artifak dan fosil. / Prehistory is the period of human life before writing existed, studied through remains such as artifacts and fossils.",,
bab3,Bab 3: Zaman Prasejarah,3-1-maksud-zaman-prasejarah,3.1 Maksud Zaman Prasejarah,objective,Senaraikan empat pembahagian Zaman Prasejarah. / List the four divisions of prehistory.,,,,,,"Zaman Paleolitik, Zaman Mesolitik, Zaman Neolitik dan Zaman Logam. / The Palaeolithic, Mesolithic, Neolithic and Metal Ages.",,
bab3,Bab 3: Zaman Prasejarah,3-1-maksud-zaman-prasejarah,3.1 Maksud Zaman Prasejarah,objective,Mengapakah arkeologi penting dalam kajian Zaman Prasejarah? / Why is archaeology important in studying prehistory?,,,,,,"Kerana tiada rekod bertulis, arkeologi menyediakan bukti berbentuk artifak, fosil dan tapak kediaman untuk memahami kehidupan zaman itu. / Because there are no written records, archaeology supplies evidence in the form of artifacts, fossils and settlement sites to understand life then.",,
bab3,Bab 3: Zaman Prasejarah,3-2-lokasi-zaman-prasejarah-di-dunia-dan-asia-tenggara,3.2 Lokasi Zaman Prasejarah di Dunia dan Asia Tenggara,summary,"Topik ini menerangkan lokasi tapak prasejarah di dunia dan Asia Tenggara, termasuk bukti penemuan artifak dan ekofak.","This topic explains the locations of prehistoric sites in the world and Southeast Asia, including evidence of artifacts and ecofacts.",,,,,,,
bab3,Bab 3: Zaman Prasejarah,3-2-lokasi-zaman-prasejarah-di-dunia-dan-asia-tenggara,3.2 Lokasi Zaman Prasejarah di Dunia dan Asia Tenggara,fact,Tapak prasejarah dikesan melalui penemuan artifak dan ekofak di kawasan terbuka atau gua.,Prehistoric sites are identified through artifacts and ecofacts found in open areas or caves.,,,,,,,
bab3,Bab 3: Zaman Prasejarah,3-2-lokasi-zaman-prasejarah-di-dunia-dan-asia-tenggara,3.2 Lokasi Zaman Prasejarah di Dunia dan Asia Tenggara,fact,"Contoh tapak dunia termasuk Altamira, Chauvet Cave, Catal Huyuk, Stonehenge, Bhimbetka, Zhoukoudian, Shahr-i-Sokhta, dan Gobekli Tepe.","Examples of world sites include Altamira, Chauvet Cave, Catal Huyuk, Stonehenge, Bhimbetka, Zhoukoudian, Shahr-i-Sokhta, and Gobekli Tepe.",,,,,,,
bab3,Bab 3: Zaman Prasejarah,3-2-lokasi-zaman-prasejarah-di-dunia-dan-asia-tenggara,3.2 Lokasi Zaman Prasejarah di Dunia dan Asia Tenggara,fact,"Contoh tapak di Asia Tenggara termasuk Lenggong, Ban Chiang, Liang Bua Cave, Padah-lin Cave, Sa Hyun, dan Tabon Cave.","Examples in Southeast Asia include Lenggong, Ban Chiang, Liang Bua Cave, Padah-lin Cave, Sa Hyun, and Tabon Cave.",,,,,,,
bab3,Bab 3: Zaman Prasejarah,3-2-lokasi-zaman-prasejarah-di-dunia-dan-asia-tenggara,3.2 Lokasi Zaman Prasejarah di Dunia dan Asia Tenggara,fact,"Penemuan tapak prasejarah membantu ahli arkeologi memahami petempatan, penguburan, dan peralatan masyarakat awal.","Discoveries of prehistoric sites help archaeologists understand settlements, burials, and the tools of early societies.",,,,,,,
bab3,Bab 3: Zaman Prasejarah,3-2-lokasi-zaman-prasejarah-di-dunia-dan-asia-tenggara,3.2 Lokasi Zaman Prasejarah di Dunia dan Asia Tenggara,fact,Tapak-tapak ini menjadi bukti penting tentang kehidupan manusia sebelum kemunculan tulisan.,These sites are important evidence of human life before the advent of writing.,,,,,,,
bab3,Bab 3: Zaman Prasejarah,3-2-lokasi-zaman-prasejarah-di-dunia-dan-asia-tenggara,3.2 Lokasi Zaman Prasejarah di Dunia dan Asia Tenggara,fact,Tapak prasejarah terkenal di dunia termasuk Olduvai Gorge di Afrika dan Lascaux di Perancis.,Famous prehistoric sites in the world include Olduvai Gorge in Africa and Lascaux in France.,,,,,,,
bab3,Bab 3: Zaman Prasejarah,3-2-lokasi-zaman-prasejarah-di-dunia-dan-asia-tenggara,3.2 Lokasi Zaman Prasejarah di Dunia dan Asia Tenggara,fact,"Di Asia Tenggara, tapak penting termasuk Gua Niah di Sarawak dan Trinil di Jawa, Indonesia.","In Southeast Asia, important sites include Niah Cave in Sarawak and Trinil in Java, Indonesia.",,,,,,,
bab3,Bab 3: Zaman Prasejarah,3-2-lokasi-zaman-prasejarah-di-dunia-dan-asia-tenggara,3.2 Lokasi Zaman Prasejarah di Dunia dan Asia Tenggara,person,"Beliau menemui fosil Manusia Jawa (Homo erectus) di Trinil, Jawa pada tahun 1891. Penemuan ini membuktikan manusia awal pernah mendiami Asia Tenggara sejak ratusan ribu tahun dahulu.","He discovered the Java Man (Homo erectus) fossil at Trinil, Java in 1891. The find proved early humans inhabited Southeast Asia hundreds of thousands of years ago.",,,,,,Eugene Dubois,Doktor dan ahli paleoantropologi Belanda
bab3,Bab 3: Zaman Prasejarah,3-2-lokasi-zaman-prasejarah-di-dunia-dan-asia-tenggara,3.2 Lokasi Zaman Prasejarah di Dunia dan Asia Tenggara,multiple_choice,Fosil Manusia Jawa ditemui di / The Java Man fossil was found at,,"Trinil, Jawa","Gua Niah, Sarawak","Lembah Lenggong, Perak","Olduvai Gorge, Tanzania","Trinil, Jawa",,
bab3,Bab 3: Zaman Prasejarah,3-2-lokasi-zaman-prasejarah-di-dunia-dan-asia-tenggara,3.2 Lokasi Zaman Prasejarah di Dunia dan Asia Tenggara,multiple_choice,Gua Niah terletak di negeri / Niah Cave is located in the state of,,Sarawak,Sabah,Perak,Kelantan,Sarawak,,
bab3,Bab 3: Zaman Prasejarah,3-2-lokasi-zaman-prasejarah-di-dunia-dan-asia-tenggara,3.2 Lokasi Zaman Prasejarah di Dunia dan Asia Tenggara,multiple_choice,Lukisan gua terkenal di Lascaux terletak di negara / The famous cave paintings at Lascaux are in,,Perancis / France,Sepanyol / Spain,Itali / Italy,Jerman / Germany,Perancis / France,,
bab3,Bab 3: Zaman Prasejarah,3-2-lokasi-zaman-prasejarah-di-dunia-dan-asia-tenggara,3.2 Lokasi Zaman Prasejarah di Dunia dan Asia Tenggara,multiple_choice,Mengapakah manusia prasejarah memilih kawasan berhampiran sungai dan gua? / Why did prehistoric humans choose areas near rivers and caves?,,"Kerana terdapat sumber air, makanan dan tempat perlindungan / Because there was water, food and shelter",Kerana kawasan itu mudah dipertahankan daripada tentera / Because such areas were easy to defend from armies,Kerana tanah di situ sesuai untuk membina bandar / Because the land was suitable for building cities,Kerana kawasan itu mempunyai bijih logam / Because those areas had metal ore,"Kerana terdapat sumber air, makanan dan tempat perlindungan / Because there was water, food and shelter",,
bab3,Bab 3: Zaman Prasejarah,3-2-lokasi-zaman-prasejarah-di-dunia-dan-asia-tenggara,3.2 Lokasi Zaman Prasejarah di Dunia dan Asia Tenggara,multiple_choice,"Penemuan di Olduvai Gorge, Afrika penting kerana / Finds at Olduvai Gorge, Africa are important because",,Ia mengandungi tinggalan manusia awal dan alat batu tertua / They contain early human remains and some of the oldest stone tools,Ia mengandungi tulisan purba / They contain ancient writing,Ia merupakan bandar terawal dunia / It was the world's earliest city,Ia menyimpan kuburan diraja / It holds royal tombs,Ia mengandungi tinggalan manusia awal dan alat batu tertua / They contain early human remains and some of the oldest stone tools,,
bab3,Bab 3: Zaman Prasejarah,3-2-lokasi-zaman-prasejarah-di-dunia-dan-asia-tenggara,3.2 Lokasi Zaman Prasejarah di Dunia dan Asia Tenggara,objective,Namakan dua tapak prasejarah di Asia Tenggara. / Name two prehistoric sites in Southeast Asia.,,,,,,"Gua Niah di Sarawak, Malaysia dan Trinil di Jawa, Indonesia. / Niah Cave in Sarawak, Malaysia and Trinil in Java, Indonesia.",,
bab3,Bab 3: Zaman Prasejarah,3-2-lokasi-zaman-prasejarah-di-dunia-dan-asia-tenggara,3.2 Lokasi Zaman Prasejarah di Dunia dan Asia Tenggara,objective,Mengapakah gua sering dipilih sebagai tapak kediaman prasejarah? / Why were caves often chosen as prehistoric dwelling sites?,,,,,,"Gua memberi perlindungan daripada cuaca dan binatang buas, dan biasanya terletak berhampiran sumber air serta makanan. / Caves offered protection from weather and wild animals and were usually near sources of water and food.",,
bab3,Bab 3: Zaman Prasejarah,3-2-lokasi-zaman-prasejarah-di-dunia-dan-asia-tenggara,3.2 Lokasi Zaman Prasejarah di Dunia dan Asia Tenggara,objective,Nyatakan kepentingan penemuan Eugene Dubois di Trinil. / State the significance of Eugene Dubois's discovery at Trinil.,,,,,,Penemuan fosil Homo erectus itu membuktikan manusia awal pernah mendiami Asia Tenggara dan menyokong kajian evolusi manusia. / The Homo erectus fossil proved early humans lived in Southeast Asia and supported research into human evolution.,,
bab3,Bab 3: Zaman Prasejarah,3-3-ciri-ciri-kehidupan-manusia-zaman-prasejarah,3.3 Ciri-ciri Kehidupan Manusia Zaman Prasejarah,summary,"Topik ini menerangkan ciri kehidupan manusia prasejarah dari segi kediaman, ekonomi, kepercayaan, dan kesenian.","This topic explains the characteristics of prehistoric human life in terms of dwellings, economy, beliefs, and art.",,,,,,,
bab3,Bab 3: Zaman Prasejarah,3-3-ciri-ciri-kehidupan-manusia-zaman-prasejarah,3.3 Ciri-ciri Kehidupan Manusia Zaman Prasejarah,fact,Kediaman manusia berubah daripada gua dan ranting kepada rumah tetap batu atau kayu.,Human dwellings changed from caves and branches to permanent stone or wooden houses.,,,,,,,
bab3,Bab 3: Zaman Prasejarah,3-3-ciri-ciri-kehidupan-manusia-zaman-prasejarah,3.3 Ciri-ciri Kehidupan Manusia Zaman Prasejarah,fact,"Ekonomi berubah daripada sara diri dan nomad kepada pertanian, penternakan, dan sistem barter.","Economies shifted from subsistence and nomadic life to agriculture, animal husbandry, and barter systems.",,,,,,,
bab3,Bab 3: Zaman Prasejarah,3-3-ciri-ciri-kehidupan-manusia-zaman-prasejarah,3.3 Ciri-ciri Kehidupan Manusia Zaman Prasejarah,fact,"Kepercayaan berkembang daripada animisme kepada ritual, penyembahan alam, dan kepercayaan kepada kehidupan selepas mati.","Beliefs evolved from animism to rituals, nature worship, and belief in life after death.",,,,,,,
bab3,Bab 3: Zaman Prasejarah,3-3-ciri-ciri-kehidupan-manusia-zaman-prasejarah,3.3 Ciri-ciri Kehidupan Manusia Zaman Prasejarah,fact,Seni pula berkembang daripada lukisan gua realistik kepada corak simbolik dan geometri pada tembikar serta gendang gangsa.,Art evolved from realistic cave paintings to symbolic and geometric designs on pottery and bronze drums.,,,,,,,
bab3,Bab 3: Zaman Prasejarah,3-3-ciri-ciri-kehidupan-manusia-zaman-prasejarah,3.3 Ciri-ciri Kehidupan Manusia Zaman Prasejarah,fact,Organisasi sosial mula menjadi lebih teratur dengan pembahagian peranan dan kelas.,Social organization became more structured with role and class divisions.,,,,,,,
bab3,Bab 3: Zaman Prasejarah,3-3-ciri-ciri-kehidupan-manusia-zaman-prasejarah,3.3 Ciri-ciri Kehidupan Manusia Zaman Prasejarah,fact,"Zaman Paleolitik: manusia hidup nomad, memburu dan menggunakan alat batu kasar.","Palaeolithic: humans were nomadic, hunted, and used rough stone tools.",,,,,,,
bab3,Bab 3: Zaman Prasejarah,3-3-ciri-ciri-kehidupan-manusia-zaman-prasejarah,3.3 Ciri-ciri Kehidupan Manusia Zaman Prasejarah,fact,"Zaman Neolitik: manusia mula menetap, bercucuk tanam, menternak binatang dan menghasilkan tembikar.","Neolithic: humans began to settle, farm, domesticate animals and make pottery.",,,,,,,
bab3,Bab 3: Zaman Prasejarah,3-3-ciri-ciri-kehidupan-manusia-zaman-prasejarah,3.3 Ciri-ciri Kehidupan Manusia Zaman Prasejarah,person,"Beliau menjumpai tapak kaki Laetoli dan pelbagai alat batu di Afrika Timur yang menunjukkan cara hidup manusia awal. Kajian beliau memberi gambaran jelas tentang pemburuan, pergerakan dan penggunaan alat manusia prasejarah.","She discovered the Laetoli footprints and many stone tools in East Africa that reveal how early humans lived. Her work gives a clear picture of prehistoric hunting, movement and tool use.",,,,,,Mary Leakey,Ahli arkeologi British
bab3,Bab 3: Zaman Prasejarah,3-3-ciri-ciri-kehidupan-manusia-zaman-prasejarah,3.3 Ciri-ciri Kehidupan Manusia Zaman Prasejarah,multiple_choice,Ciri utama kehidupan Zaman Paleolitik ialah / The main feature of Palaeolithic life was,,Hidup nomad dan bergantung kepada memburu serta memungut / Nomadic life dependent on hunting and gathering,Menetap dan bercucuk tanam / Settled farming,Berdagang dengan wilayah jauh / Trading with distant regions,Menggunakan alat besi / Using iron tools,Hidup nomad dan bergantung kepada memburu serta memungut / Nomadic life dependent on hunting and gathering,,
bab3,Bab 3: Zaman Prasejarah,3-3-ciri-ciri-kehidupan-manusia-zaman-prasejarah,3.3 Ciri-ciri Kehidupan Manusia Zaman Prasejarah,multiple_choice,Perubahan terbesar pada Zaman Neolitik ialah / The biggest change in the Neolithic was,,Manusia mula menetap dan bercucuk tanam / Humans began to settle and farm,Manusia mula menggunakan api / Humans began to use fire,Manusia mula tinggal di gua / Humans began living in caves,Manusia mula berburu haiwan besar / Humans began hunting large animals,Manusia mula menetap dan bercucuk tanam / Humans began to settle and farm,,
bab3,Bab 3: Zaman Prasejarah,3-3-ciri-ciri-kehidupan-manusia-zaman-prasejarah,3.3 Ciri-ciri Kehidupan Manusia Zaman Prasejarah,multiple_choice,Tembikar mula dihasilkan secara meluas pada / Pottery began to be widely produced during the,,Zaman Neolitik / Neolithic,Zaman Paleolitik / Palaeolithic,Zaman Air Batu Awal / Early Ice Age,Zaman Logam sahaja / Metal Age only,Zaman Neolitik / Neolithic,,
bab3,Bab 3: Zaman Prasejarah,3-3-ciri-ciri-kehidupan-manusia-zaman-prasejarah,3.3 Ciri-ciri Kehidupan Manusia Zaman Prasejarah,multiple_choice,Alat batu pada Zaman Paleolitik berbeza daripada Zaman Neolitik kerana / Palaeolithic stone tools differ from Neolithic tools because,,Alat Paleolitik kasar manakala alat Neolitik dicanai licin / Palaeolithic tools were rough while Neolithic tools were polished,Alat Paleolitik diperbuat daripada logam / Palaeolithic tools were made of metal,Alat Neolitik lebih besar dan berat / Neolithic tools were larger and heavier,Alat Neolitik hanya digunakan untuk upacara / Neolithic tools were used only in ceremonies,Alat Paleolitik kasar manakala alat Neolitik dicanai licin / Palaeolithic tools were rough while Neolithic tools were polished,,
bab3,Bab 3: Zaman Prasejarah,3-3-ciri-ciri-kehidupan-manusia-zaman-prasejarah,3.3 Ciri-ciri Kehidupan Manusia Zaman Prasejarah,multiple_choice,Kepercayaan animisme pada zaman prasejarah dibuktikan melalui / Animist beliefs in prehistory are shown by,,Amalan pengebumian dengan barang kubur / Burial practices with grave goods,Catatan undang-undang bertulis / Written legal records,Pembinaan kuil batu besar di Asia Tenggara / Large stone temples in Southeast Asia,Penggunaan mata wang / The use of coins,Amalan pengebumian dengan barang kubur / Burial practices with grave goods,,
bab3,Bab 3: Zaman Prasejarah,3-3-ciri-ciri-kehidupan-manusia-zaman-prasejarah,3.3 Ciri-ciri Kehidupan Manusia Zaman Prasejarah,objective,Bandingkan cara hidup manusia Zaman Paleolitik dan Zaman Neolitik. / Compare the way of life in the Palaeolithic and Neolithic.,,,,,,"Manusia Paleolitik hidup nomad dengan memburu dan memungut makanan, manakala manusia Neolitik menetap, bercucuk tanam dan menternak binatang. / Palaeolithic people were nomadic hunter-gatherers, while Neolithic people settled, farmed and kept animals.",,
bab3,Bab 3: Zaman Prasejarah,3-3-ciri-ciri-kehidupan-manusia-zaman-prasejarah,3.3 Ciri-ciri Kehidupan Manusia Zaman Prasejarah,objective,Nyatakan dua bukti bahawa manusia prasejarah mempunyai kepercayaan. / State two pieces of evidence that prehistoric humans held beliefs.,,,,,,"Amalan mengebumikan mayat bersama barang kubur dan lukisan gua yang mungkin berkaitan upacara atau pemburuan. / Burials accompanied by grave goods, and cave paintings possibly linked to rituals or hunting.",,
bab3,Bab 3: Zaman Prasejarah,3-3-ciri-ciri-kehidupan-manusia-zaman-prasejarah,3.3 Ciri-ciri Kehidupan Manusia Zaman Prasejarah,objective,Jelaskan kepentingan penciptaan alat batu kepada manusia prasejarah. / Explain the importance of stone tools to prehistoric humans.,,,,,,"Alat batu membolehkan mereka memburu, memotong daging, menyiang kulit dan mempertahankan diri, lalu meningkatkan peluang hidup. / Stone tools let them hunt, cut meat, process hides and defend themselves, improving their chances of survival.",,
bab3,Bab 3: Zaman Prasejarah,3-4-kesinambungan-sumbangan-zaman-prasejarah,3.4 Kesinambungan Sumbangan Zaman Prasejarah,summary,Topik ini menerangkan bagaimana aktiviti prasejarah diteruskan dan dipertingkat dalam masyarakat moden hari ini.,This topic explains how prehistoric activities continued and improved in modern society today.,,,,,,,
bab3,Bab 3: Zaman Prasejarah,3-4-kesinambungan-sumbangan-zaman-prasejarah,3.4 Kesinambungan Sumbangan Zaman Prasejarah,fact,Aktiviti pertanian dan penternakan berkembang daripada sara diri kepada industri komersial besar-besaran.,Agriculture and livestock activities evolved from subsistence to large-scale commercial industries.,,,,,,,
bab3,Bab 3: Zaman Prasejarah,3-4-kesinambungan-sumbangan-zaman-prasejarah,3.4 Kesinambungan Sumbangan Zaman Prasejarah,fact,Aktiviti memburu binatang berubah daripada keperluan hidup kepada hobi berlesen.,Animal hunting changed from a survival necessity to a licensed hobby.,,,,,,,
bab3,Bab 3: Zaman Prasejarah,3-4-kesinambungan-sumbangan-zaman-prasejarah,3.4 Kesinambungan Sumbangan Zaman Prasejarah,fact,Peralatan dan tembikar berkembang daripada batu dan tulang kepada mesin moden dan industri penting.,Tools and pottery evolved from stone and bone to modern machinery and important industries.,,,,,,,
bab3,Bab 3: Zaman Prasejarah,3-4-kesinambungan-sumbangan-zaman-prasejarah,3.4 Kesinambungan Sumbangan Zaman Prasejarah,fact,Amalan menghormati orang mati dan seni bina megalitik terus memberi inspirasi kepada masyarakat moden.,Practices of honoring the dead and megalithic architecture continue to inspire modern societies.,,,,,,,
bab3,Bab 3: Zaman Prasejarah,3-4-kesinambungan-sumbangan-zaman-prasejarah,3.4 Kesinambungan Sumbangan Zaman Prasejarah,fact,Sumbangan prasejarah masih dapat dilihat dalam kehidupan seharian moden.,Prehistoric contributions are still visible in everyday modern life.,,,,,,,
bab3,Bab 3: Zaman Prasejarah,3-4-kesinambungan-sumbangan-zaman-prasejarah,3.4 Kesinambungan Sumbangan Zaman Prasejarah,fact,Pertanian yang bermula pada Zaman Neolitik menjadi asas kepada kehidupan menetap dan pembentukan tamadun.,Farming that began in the Neolithic became the basis for settled life and the formation of civilisations.,,,,,,,
bab3,Bab 3: Zaman Prasejarah,3-4-kesinambungan-sumbangan-zaman-prasejarah,3.4 Kesinambungan Sumbangan Zaman Prasejarah,fact,"Kemahiran membuat tembikar, menenun dan mencipta alat diwarisi dan diperhalusi oleh masyarakat kemudian.","Skills in pottery, weaving and toolmaking were inherited and refined by later societies.",,,,,,,
bab3,Bab 3: Zaman Prasejarah,3-4-kesinambungan-sumbangan-zaman-prasejarah,3.4 Kesinambungan Sumbangan Zaman Prasejarah,person,Beliau mengkaji tapak Jarmo di Iraq dan menunjukkan bagaimana manusia mula menjinakkan tumbuhan dan haiwan. Kajian beliau menjelaskan peralihan daripada memburu kepada pertanian yang menjadi asas tamadun.,He excavated Jarmo in Iraq and showed how humans first domesticated plants and animals. His work explains the shift from hunting to farming that laid the foundation of civilisation.,,,,,,Robert Braidwood,Ahli arkeologi Amerika Syarikat
bab3,Bab 3: Zaman Prasejarah,3-4-kesinambungan-sumbangan-zaman-prasejarah,3.4 Kesinambungan Sumbangan Zaman Prasejarah,multiple_choice,Sumbangan terbesar Zaman Neolitik kepada tamadun kemudian ialah / The greatest Neolithic contribution to later civilisation was,,Amalan pertanian dan kehidupan menetap / Farming and settled life,Penciptaan mata wang / The invention of currency,Pembinaan jalan raya berturap / The building of paved roads,Penciptaan sistem tulisan / The invention of writing,Amalan pertanian dan kehidupan menetap / Farming and settled life,,
bab3,Bab 3: Zaman Prasejarah,3-4-kesinambungan-sumbangan-zaman-prasejarah,3.4 Kesinambungan Sumbangan Zaman Prasejarah,multiple_choice,Penjinakan haiwan penting kerana ia menyediakan / Animal domestication was important because it provided,,"Sumber makanan, tenaga kerja dan bahan pakaian yang berterusan / A steady source of food, labour and clothing material",Bahan untuk membuat logam / Material for making metal,Hiburan kepada golongan bangsawan / Entertainment for nobles,Alat pengangkutan laut / Sea transport,"Sumber makanan, tenaga kerja dan bahan pakaian yang berterusan / A steady source of food, labour and clothing material",,
bab3,Bab 3: Zaman Prasejarah,3-4-kesinambungan-sumbangan-zaman-prasejarah,3.4 Kesinambungan Sumbangan Zaman Prasejarah,multiple_choice,Kemahiran prasejarah yang diwarisi sehingga kini termasuk / Prehistoric skills inherited to this day include,,Membuat tembikar dan menenun / Pottery making and weaving,Mencetak buku / Book printing,Membina kapal wap / Building steamships,Membuat kaca optik / Making optical glass,Membuat tembikar dan menenun / Pottery making and weaving,,
bab3,Bab 3: Zaman Prasejarah,3-4-kesinambungan-sumbangan-zaman-prasejarah,3.4 Kesinambungan Sumbangan Zaman Prasejarah,multiple_choice,Lebihan hasil pertanian membolehkan masyarakat awal / Surplus farm produce allowed early societies to,,Membentuk pembahagian kerja dan kumpulan pakar / Develop division of labour and specialist groups,Berhenti bekerja sepenuhnya / Stop working entirely,Meninggalkan kampung mereka / Abandon their villages,Menghentikan perdagangan / End all trade,Membentuk pembahagian kerja dan kumpulan pakar / Develop division of labour and specialist groups,,
bab3,Bab 3: Zaman Prasejarah,3-4-kesinambungan-sumbangan-zaman-prasejarah,3.4 Kesinambungan Sumbangan Zaman Prasejarah,multiple_choice,Kesinambungan zaman prasejarah bermaksud / Continuity from prehistory means,,Amalan dan kemahiran zaman itu diteruskan serta diperbaik oleh generasi kemudian / Practices and skills of that era were continued and improved by later generations,Zaman itu berulang semula hari ini / That era repeats itself today,Tiada perubahan berlaku sejak zaman itu / No change has occurred since then,Semua tinggalan zaman itu telah hilang / All remains of that era have vanished,Amalan dan kemahiran zaman itu diteruskan serta diperbaik oleh generasi kemudian / Practices and skills of that era were continued and improved by later generations,,
bab3,Bab 3: Zaman Prasejarah,3-4-kesinambungan-sumbangan-zaman-prasejarah,3.4 Kesinambungan Sumbangan Zaman Prasejarah,objective,Nyatakan dua sumbangan Zaman Neolitik kepada kehidupan hari ini. / State two Neolithic contributions to life today.,,,,,,"Amalan bercucuk tanam dan menternak haiwan yang menjadi asas pengeluaran makanan, serta kemahiran membuat tembikar dan menenun. / Farming and animal husbandry, which underpin food production, and skills in pottery and weaving.",,
bab3,Bab 3: Zaman Prasejarah,3-4-kesinambungan-sumbangan-zaman-prasejarah,3.4 Kesinambungan Sumbangan Zaman Prasejarah,objective,Bagaimanakah pertanian membawa kepada pembentukan tamadun? / How did farming lead to the formation of civilisations?,,,,,,"Pertanian menghasilkan lebihan makanan yang membolehkan penduduk menetap, bertambah ramai dan membentuk pembahagian kerja serta organisasi sosial. / Farming produced surplus food, allowing people to settle, grow in number and develop division of labour and social organisation.",,
bab3,Bab 3: Zaman Prasejarah,3-4-kesinambungan-sumbangan-zaman-prasejarah,3.4 Kesinambungan Sumbangan Zaman Prasejarah,objective,Jelaskan maksud kesinambungan dalam konteks Zaman Prasejarah. / Explain the meaning of continuity in the context of prehistory.,,,,,,"Kesinambungan bermaksud kemahiran, kepercayaan dan amalan zaman prasejarah tidak terhenti tetapi diwarisi dan diperhalusi oleh masyarakat kemudian. / Continuity means prehistoric skills, beliefs and practices did not stop but were inherited and refined by later societies.",,
bab3,Bab 3: Zaman Prasejarah,3-5-zaman-prasejarah-di-malaysia,3.5 Zaman Prasejarah di Malaysia,summary,"Topik ini menerangkan perkembangan zaman prasejarah di Malaysia dari Paleolitik hingga Logam, beserta bukti arkeologi yang ditemui.","This topic explains the development of the prehistoric age in Malaysia from the Palaeolithic to the Metal Age, along with archaeological evidence found.",,,,,,,
bab3,Bab 3: Zaman Prasejarah,3-5-zaman-prasejarah-di-malaysia,3.5 Zaman Prasejarah di Malaysia,fact,"Malaysia meliputi Zaman Paleolitik, Hoabinhian/Epi-Paleolitik, Neolitik, dan Logam.","Malaysia covered the Palaeolithic, Hoabinhian/Epi-Palaeolithic, Neolithic, and Metal Ages.",,,,,,,
bab3,Bab 3: Zaman Prasejarah,3-5-zaman-prasejarah-di-malaysia,3.5 Zaman Prasejarah di Malaysia,fact,"Bukti kewujudan prasejarah di Malaysia termasuk peralatan batu dan logam, tembikar, manik, lukisan gua, ukiran batu, dan budaya megalit.","Evidence of prehistoric life in Malaysia includes stone and metal tools, pottery, beads, cave paintings, stone carvings, and megalithic culture.",,,,,,,
bab3,Bab 3: Zaman Prasejarah,3-5-zaman-prasejarah-di-malaysia,3.5 Zaman Prasejarah di Malaysia,fact,"Contoh tapak penting termasuk Kota Tampan, Gua Niah, Tingkayu, Gua Cha, Jenderam Hilir, Gua Kecil, Lubang Angin, Lembah Bernam, dan Sungai Tembeling.","Important sites include Kota Tampan, Niah Cave, Tingkayu, Gua Cha, Jenderam Hilir, Gua Kecil, Lubang Angin, Bernam Valley, and Sungai Tembeling.",,,,,,,
bab3,Bab 3: Zaman Prasejarah,3-5-zaman-prasejarah-di-malaysia,3.5 Zaman Prasejarah di Malaysia,fact,"Kaedah pengebumian prasejarah di Malaysia termasuk pengebumian memanjang, melentur, keranda kayu, tempayan, dan kubur kepingan batu.","Burial methods included extended burial, flexed burial, wooden coffins, jar burial, and stone-slab graves.",,,,,,,
bab3,Bab 3: Zaman Prasejarah,3-5-zaman-prasejarah-di-malaysia,3.5 Zaman Prasejarah di Malaysia,fact,"Penemuan di Malaysia menunjukkan masyarakat prasejarah sudah mempunyai kemampuan ekonomi, sosial, dan kepercayaan yang kompleks.","Findings in Malaysia show prehistoric communities already had complex economic, social, and belief systems.",,,,,,,
bab3,Bab 3: Zaman Prasejarah,3-5-zaman-prasejarah-di-malaysia,3.5 Zaman Prasejarah di Malaysia,fact,Lembah Lenggong di Perak ialah tapak prasejarah penting dan diiktiraf sebagai Tapak Warisan Dunia UNESCO pada tahun 2012.,"The Lenggong Valley in Perak is an important prehistoric site, recognised as a UNESCO World Heritage Site in 2012.",,,,,,,
bab3,Bab 3: Zaman Prasejarah,3-5-zaman-prasejarah-di-malaysia,3.5 Zaman Prasejarah di Malaysia,fact,"Perak Man ialah rangka manusia prasejarah paling lengkap yang ditemui di Asia Tenggara, berusia kira-kira 11 000 tahun.","Perak Man is the most complete prehistoric human skeleton found in Southeast Asia, about 11,000 years old.",,,,,,,
bab3,Bab 3: Zaman Prasejarah,3-5-zaman-prasejarah-di-malaysia,3.5 Zaman Prasejarah di Malaysia,person,"Beliau mengetuai penemuan Perak Man di Gua Gunung Runtuh, Lenggong pada tahun 1991 dan menjalankan kajian meluas di Lembah Lenggong. Sumbangan beliau menjadikan Lenggong diiktiraf sebagai Tapak Warisan Dunia UNESCO.","She led the discovery of Perak Man at Gua Gunung Runtuh, Lenggong in 1991 and carried out extensive research in the Lenggong Valley. Her work led to Lenggong's recognition as a UNESCO World Heritage Site.",,,,,,Zuraina Majid,Ahli arkeologi Malaysia
bab3,Bab 3: Zaman Prasejarah,3-5-zaman-prasejarah-di-malaysia,3.5 Zaman Prasejarah di Malaysia,multiple_choice,Perak Man ditemui di / Perak Man was found at,,"Gua Gunung Runtuh, Lenggong","Gua Niah, Sarawak","Gua Cha, Kelantan","Bukit Tengkorak, Sabah","Gua Gunung Runtuh, Lenggong",,
bab3,Bab 3: Zaman Prasejarah,3-5-zaman-prasejarah-di-malaysia,3.5 Zaman Prasejarah di Malaysia,multiple_choice,Lembah Lenggong diiktiraf sebagai Tapak Warisan Dunia UNESCO pada tahun / The Lenggong Valley was recognised as a UNESCO World Heritage Site in,,2012,1991,2000,2020,2012,,
bab3,Bab 3: Zaman Prasejarah,3-5-zaman-prasejarah-di-malaysia,3.5 Zaman Prasejarah di Malaysia,multiple_choice,Tapak Bukit Tengkorak di Sabah terkenal sebagai / Bukit Tengkorak in Sabah is known as,,Pusat pembuatan tembikar prasejarah terbesar di Asia Tenggara / The largest prehistoric pottery-making centre in Southeast Asia,Tapak penemuan alat besi tertua / The oldest iron tool site,Kubur diraja Melayu awal / An early Malay royal tomb,Bandar pelabuhan purba / An ancient port city,Pusat pembuatan tembikar prasejarah terbesar di Asia Tenggara / The largest prehistoric pottery-making centre in Southeast Asia,,
bab3,Bab 3: Zaman Prasejarah,3-5-zaman-prasejarah-di-malaysia,3.5 Zaman Prasejarah di Malaysia,multiple_choice,"Penemuan di Gua Niah, Sarawak penting kerana / Finds at Niah Cave, Sarawak are important because",,Tengkorak manusia berusia puluhan ribu tahun ditemui di situ / A human skull tens of thousands of years old was found there,Terdapat tulisan purba pada dindingnya / Ancient writing was found on its walls,Ia merupakan kilang logam purba / It was an ancient metal foundry,Ia menjadi pusat perdagangan India / It was an Indian trading centre,Tengkorak manusia berusia puluhan ribu tahun ditemui di situ / A human skull tens of thousands of years old was found there,,
bab3,Bab 3: Zaman Prasejarah,3-5-zaman-prasejarah-di-malaysia,3.5 Zaman Prasejarah di Malaysia,multiple_choice,Bukti Zaman Logam di Malaysia termasuk penemuan / Evidence of the Metal Age in Malaysia includes finds of,,Gendang gangsa dan alat besi / Bronze drums and iron tools,Mata wang emas Rom / Roman gold coins,Papirus bertulis / Written papyrus,Kereta kuda purba / Ancient chariots,Gendang gangsa dan alat besi / Bronze drums and iron tools,,
bab3,Bab 3: Zaman Prasejarah,3-5-zaman-prasejarah-di-malaysia,3.5 Zaman Prasejarah di Malaysia,objective,Nyatakan kepentingan Lembah Lenggong dalam sejarah Malaysia. / State the importance of the Lenggong Valley in Malaysian history.,,,,,,"Lembah Lenggong menyimpan bukti kehidupan prasejarah yang berterusan termasuk Perak Man, dan diiktiraf sebagai Tapak Warisan Dunia UNESCO pada tahun 2012. / The Lenggong Valley holds evidence of continuous prehistoric life including Perak Man and was listed as a UNESCO World Heritage Site in 2012.",,
bab3,Bab 3: Zaman Prasejarah,3-5-zaman-prasejarah-di-malaysia,3.5 Zaman Prasejarah di Malaysia,objective,Siapakah Perak Man dan mengapakah penemuannya penting? / Who is Perak Man and why is the discovery important?,,,,,,"Perak Man ialah rangka manusia prasejarah berusia kira-kira 11 000 tahun yang paling lengkap ditemui di Asia Tenggara, memberi maklumat tentang fizikal dan amalan pengebumian zaman itu. / Perak Man is the most complete prehistoric skeleton found in Southeast Asia, about 11,000 years old, revealing physical traits and burial practices of the time.",,
bab3,Bab 3: Zaman Prasejarah,3-5-zaman-prasejarah-di-malaysia,3.5 Zaman Prasejarah di Malaysia,objective,Namakan dua tapak prasejarah lain di Malaysia dan kepentingannya. / Name two other prehistoric sites in Malaysia and their significance.,,,,,,"Gua Niah di Sarawak yang menyimpan tinggalan manusia awal, dan Bukit Tengkorak di Sabah yang menjadi pusat pembuatan tembikar prasejarah. / Niah Cave in Sarawak, holding early human remains, and Bukit Tengkorak in Sabah, a prehistoric pottery-making centre.",,
bab4,Bab 4: Mengenali Tamadun,4-1-maksud-tamadun,4.1 Maksud Tamadun,summary,"Topik ini menerangkan maksud tamadun dari sudut bahasa Yunani, Arab, Inggeris, dan Melayu, serta hubungannya dengan kemajuan masyarakat.","This topic explains the meaning of civilisation from Greek, Arabic, English, and Malay perspectives, as well as its relationship to societal progress.",,,,,,,
bab4,Bab 4: Mengenali Tamadun,4-1-maksud-tamadun,4.1 Maksud Tamadun,fact,Perkataan civitas dalam bahasa Yunani membawa maksud bandar atau kota.,The word civitas in Greek means town or city.,,,,,,,
bab4,Bab 4: Mengenali Tamadun,4-1-maksud-tamadun,4.1 Maksud Tamadun,fact,"Dalam bahasa Inggeris, civilisation merujuk kepada peringkat perkembangan manusia dan organisasi yang dianggap maju.","In English, civilisation refers to the level of human and organizational development regarded as advanced.",,,,,,,
bab4,Bab 4: Mengenali Tamadun,4-1-maksud-tamadun,4.1 Maksud Tamadun,fact,"Dalam bahasa Arab, istilah seperti mudun, madain, madana, hadharah, dan hadari berkaitan dengan bandar, kekayaan, dan kehidupan yang tersusun.","In Arabic, terms such as mudun, madain, madana, hadharah, and hadari are related to cities, wealth, and organized life.",,,,,,,
bab4,Bab 4: Mengenali Tamadun,4-1-maksud-tamadun,4.1 Maksud Tamadun,fact,"Dalam bahasa Melayu, tamadun sering dikaitkan dengan perkataan peradaban yang merujuk kepada kemajuan dalam kebendaan dan pemikiran.","In Malay, civilisation is often associated with the word peradaban, meaning progress in material life and thought.",,,,,,,
bab4,Bab 4: Mengenali Tamadun,4-1-maksud-tamadun,4.1 Maksud Tamadun,fact,"Tamadun melibatkan perkembangan budaya, sains, industri, ekonomi, dan sistem kerajaan.","Civilisation involves the development of culture, science, industry, economy, and government systems.",,,,,,,
bab4,Bab 4: Mengenali Tamadun,4-1-maksud-tamadun,4.1 Maksud Tamadun,fact,Perkataan tamadun berasal daripada perkataan Arab 'mudun' atau 'madain' yang bermaksud kota atau bandar.,"The word 'tamadun' comes from the Arabic 'mudun' or 'madain', meaning city or town.",,,,,,,
bab4,Bab 4: Mengenali Tamadun,4-1-maksud-tamadun,4.1 Maksud Tamadun,fact,"Dalam bahasa Inggeris, tamadun disebut 'civilisation' yang berasal daripada perkataan Latin 'civitas' bermaksud kota.","In English, 'civilisation' derives from the Latin 'civitas', meaning city.",,,,,,,
bab4,Bab 4: Mengenali Tamadun,4-1-maksud-tamadun,4.1 Maksud Tamadun,person,"Beliau menjelaskan tamadun sebagai keadaan kehidupan bermasyarakat yang tinggi berasaskan akhlak dan adab. Pandangan beliau menekankan nilai moral, bukan sekadar pembangunan kebendaan.",He described civilisation as a high state of communal life grounded in moral character and courtesy. His view stresses moral values rather than material development alone.,,,,,,Syed Muhammad Naquib al-Attas,Ahli falsafah dan pemikir Malaysia
bab4,Bab 4: Mengenali Tamadun,4-1-maksud-tamadun,4.1 Maksud Tamadun,multiple_choice,Perkataan 'tamadun' berasal daripada bahasa Arab yang bermaksud / The word 'tamadun' comes from an Arabic word meaning,,Kota atau bandar / City or town,Sungai besar / Great river,Raja yang adil / A just king,Tulisan purba / Ancient writing,Kota atau bandar / City or town,,
bab4,Bab 4: Mengenali Tamadun,4-1-maksud-tamadun,4.1 Maksud Tamadun,multiple_choice,Perkataan 'civilisation' berasal daripada perkataan Latin / The word 'civilisation' derives from the Latin,,Civitas,Cultura,Historia,Imperium,Civitas,,
bab4,Bab 4: Mengenali Tamadun,4-1-maksud-tamadun,4.1 Maksud Tamadun,multiple_choice,"Secara umum, tamadun bermaksud / Generally, civilisation means",,"Pencapaian tinggi masyarakat dalam kehidupan bandar, budaya dan nilai / A society's high achievement in urban life, culture and values",Kumpulan manusia yang hidup nomad / A group of humans living nomadically,Kawasan yang mempunyai banyak gunung / An area with many mountains,Kumpulan yang tidak mempunyai pemerintah / A group without rulers,"Pencapaian tinggi masyarakat dalam kehidupan bandar, budaya dan nilai / A society's high achievement in urban life, culture and values",,
bab4,Bab 4: Mengenali Tamadun,4-1-maksud-tamadun,4.1 Maksud Tamadun,multiple_choice,"Menurut Syed Muhammad Naquib al-Attas, asas tamadun ialah / According to Syed Muhammad Naquib al-Attas, the basis of civilisation is",,Akhlak dan adab dalam kehidupan bermasyarakat / Moral character and courtesy in communal life,Kekuatan tentera / Military strength,Kekayaan emas dan perak / Wealth in gold and silver,Jumlah penduduk yang ramai / A large population,Akhlak dan adab dalam kehidupan bermasyarakat / Moral character and courtesy in communal life,,
bab4,Bab 4: Mengenali Tamadun,4-1-maksud-tamadun,4.1 Maksud Tamadun,multiple_choice,Kemunculan tamadun biasanya dikaitkan dengan / The rise of civilisation is usually linked to,,Kehidupan menetap di kawasan lembah sungai yang subur / Settled life in fertile river valleys,Kehidupan nomad di padang pasir / Nomadic life in deserts,Kehidupan di kawasan berais / Life in icy regions,Kehidupan di puncak gunung tinggi / Life on high mountain peaks,Kehidupan menetap di kawasan lembah sungai yang subur / Settled life in fertile river valleys,,
bab4,Bab 4: Mengenali Tamadun,4-1-maksud-tamadun,4.1 Maksud Tamadun,objective,Nyatakan asal usul perkataan tamadun dan maksudnya. / State the origin of the word 'tamadun' and its meaning.,,,,,,"Perkataan tamadun berasal daripada perkataan Arab 'mudun' atau 'madain' yang bermaksud kota, merujuk kepada kehidupan bandar yang teratur. / It comes from the Arabic 'mudun' or 'madain', meaning city, referring to organised urban life.",,
bab4,Bab 4: Mengenali Tamadun,4-1-maksud-tamadun,4.1 Maksud Tamadun,objective,Jelaskan perbezaan penekanan antara konsep tamadun Islam dan Barat. / Explain the difference in emphasis between Islamic and Western concepts of civilisation.,,,,,,"Konsep Islam menekankan akhlak, adab dan nilai rohani di samping kemajuan kebendaan, manakala konsep Barat lebih menekankan kemajuan kebendaan, bandar dan teknologi. / The Islamic concept stresses morals, courtesy and spiritual values alongside material progress, while the Western concept emphasises material, urban and technological advancement.",,
bab4,Bab 4: Mengenali Tamadun,4-1-maksud-tamadun,4.1 Maksud Tamadun,objective,Mengapakah kawasan lembah sungai menjadi tempat lahirnya tamadun awal? / Why did river valleys become the birthplace of early civilisations?,,,,,,"Tanah di lembah sungai subur dan bekalan air berterusan membolehkan pertanian menghasilkan lebihan makanan untuk menampung penduduk yang ramai. / River valley soil is fertile and water is constant, so farming produced surplus food to support large populations.",,
bab4,Bab 4: Mengenali Tamadun,4-2-konsep-tamadun-islam-dan-barat,4.2 Konsep Tamadun (Islam & Barat),summary,"Topik ini membandingkan konsep tamadun menurut pandangan Islam dan Barat, termasuk fokus pembangunan lahiriah dan rohaniah.","This topic compares the concept of civilisation according to Islamic and Western views, including focus on physical and spiritual development.",,,,,,,
bab4,Bab 4: Mengenali Tamadun,4-2-konsep-tamadun-islam-dan-barat,4.2 Konsep Tamadun (Islam & Barat),fact,"Pandangan Islam membina tamadun atas asas Islam sebagai al-Din, iaitu cara hidup.","The Islamic view builds civilisation on the basis of Islam as al-Din, a way of life.",,,,,,,
bab4,Bab 4: Mengenali Tamadun,4-2-konsep-tamadun-islam-dan-barat,4.2 Konsep Tamadun (Islam & Barat),fact,Pandangan Islam menekankan keseimbangan perkembangan lahiriah dan rohaniah berdasarkan al-Quran dan Hadis.,The Islamic view emphasizes a balance between physical and spiritual development based on the Quran and Hadith.,,,,,,,
bab4,Bab 4: Mengenali Tamadun,4-2-konsep-tamadun-islam-dan-barat,4.2 Konsep Tamadun (Islam & Barat),fact,Ibn Khaldun memperkenalkan istilah umran dan hadharah dalam Muqaddimah.,Ibn Khaldun introduced the terms umran and hadharah in Muqaddimah.,,,,,,,
bab4,Bab 4: Mengenali Tamadun,4-2-konsep-tamadun-islam-dan-barat,4.2 Konsep Tamadun (Islam & Barat),fact,"Hadharah merangkumi akidah, undang-undang, akhlak, falsafah, dan budaya, manakala madaniyyah merujuk kepada aspek kebendaan.","Hadharah covers faith, law, morals, philosophy, and culture, while madaniyyah refers to material aspects.",,,,,,,
bab4,Bab 4: Mengenali Tamadun,4-2-konsep-tamadun-islam-dan-barat,4.2 Konsep Tamadun (Islam & Barat),fact,"Pandangan Barat lebih menekankan pembangunan lahiriah, kebendaan, sains, teknologi, ekonomi, dan pembandaran.","The Western view places more emphasis on physical and material development, science, technology, economics, and urbanization.",,,,,,,
bab4,Bab 4: Mengenali Tamadun,4-2-konsep-tamadun-islam-dan-barat,4.2 Konsep Tamadun (Islam & Barat),fact,Konsep tamadun Islam merangkumi pembangunan kebendaan dan kerohanian secara seimbang.,The Islamic concept of civilisation covers material and spiritual development in balance.,,,,,,,
bab4,Bab 4: Mengenali Tamadun,4-2-konsep-tamadun-islam-dan-barat,4.2 Konsep Tamadun (Islam & Barat),fact,"Konsep tamadun Barat lebih menumpukan kemajuan bandar, teknologi, undang-undang dan pencapaian material.","The Western concept focuses more on urban growth, technology, law and material achievement.",,,,,,,
bab4,Bab 4: Mengenali Tamadun,4-2-konsep-tamadun-islam-dan-barat,4.2 Konsep Tamadun (Islam & Barat),person,"Beliau memperkenalkan konsep 'umran' iaitu pembangunan kehidupan bermasyarakat, dan 'hadharah' iaitu kehidupan bandar yang maju. Beliau turut menerangkan kitaran kebangkitan dan kejatuhan sesebuah tamadun melalui semangat 'asabiyyah'.","He introduced 'umran', the development of communal life, and 'hadharah', advanced urban life. He also explained the cycle of a civilisation's rise and fall through the spirit of 'asabiyyah'.",,,,,,Ibn Khaldun,Sejarawan dan pemikir Islam
bab4,Bab 4: Mengenali Tamadun,4-2-konsep-tamadun-islam-dan-barat,4.2 Konsep Tamadun (Islam & Barat),person,"Beliau mentakrifkan tamadun sebagai sistem masyarakat yang memperkasakan bidang politik, ekonomi, sosial dan seni. Beliau berpendapat tamadun berkembang melalui tindak balas terhadap cabaran alam dan manusia.","He defined civilisation as a social system that strengthens politics, economy, society and the arts. He held that civilisations grow by responding to natural and human challenges.",,,,,,Arnold J. Toynbee,Sejarawan Barat
bab4,Bab 4: Mengenali Tamadun,4-2-konsep-tamadun-islam-dan-barat,4.2 Konsep Tamadun (Islam & Barat),multiple_choice,Konsep 'hadharah' dalam pemikiran Ibn Khaldun merujuk kepada / The concept 'hadharah' in Ibn Khaldun's thought refers to,,Kehidupan bandar yang maju / Advanced urban life,Kehidupan nomad di padang pasir / Nomadic desert life,Sistem tulisan Arab / The Arabic writing system,Undang-undang perang / The laws of war,Kehidupan bandar yang maju / Advanced urban life,,
bab4,Bab 4: Mengenali Tamadun,4-2-konsep-tamadun-islam-dan-barat,4.2 Konsep Tamadun (Islam & Barat),multiple_choice,"Menurut Toynbee, tamadun berkembang apabila masyarakat / According to Toynbee, civilisations grow when a society",,Memberi tindak balas yang berjaya terhadap cabaran / Responds successfully to challenges,Mengelakkan semua perubahan / Avoids all change,Menakluki negara jiran / Conquers neighbouring countries,Mengumpulkan kekayaan sahaja / Merely accumulates wealth,Memberi tindak balas yang berjaya terhadap cabaran / Responds successfully to challenges,,
bab4,Bab 4: Mengenali Tamadun,4-2-konsep-tamadun-islam-dan-barat,4.2 Konsep Tamadun (Islam & Barat),multiple_choice,Perbezaan utama konsep tamadun Islam dan Barat ialah / The main difference between Islamic and Western concepts of civilisation is,,Islam menekankan kerohanian dan akhlak bersama kemajuan material / Islam stresses spirituality and morals alongside material progress,Barat menolak sepenuhnya pembangunan bandar / The West rejects urban development entirely,Islam menolak kemajuan sains / Islam rejects scientific progress,Barat tidak mempunyai sistem undang-undang / The West has no legal system,Islam menekankan kerohanian dan akhlak bersama kemajuan material / Islam stresses spirituality and morals alongside material progress,,
bab4,Bab 4: Mengenali Tamadun,4-2-konsep-tamadun-islam-dan-barat,4.2 Konsep Tamadun (Islam & Barat),multiple_choice,Semangat 'asabiyyah' yang disebut Ibn Khaldun bermaksud / The 'asabiyyah' spirit mentioned by Ibn Khaldun means,,Semangat kekitaan dan perpaduan kumpulan / Group solidarity and a sense of belonging,Semangat berperang tanpa sebab / A desire to fight without reason,Kepercayaan kepada nasib / Belief in fate,Cinta kepada kemewahan / Love of luxury,Semangat kekitaan dan perpaduan kumpulan / Group solidarity and a sense of belonging,,
bab4,Bab 4: Mengenali Tamadun,4-2-konsep-tamadun-islam-dan-barat,4.2 Konsep Tamadun (Islam & Barat),multiple_choice,Persamaan konsep tamadun Islam dan Barat ialah kedua-duanya mengaitkan tamadun dengan / A similarity between the Islamic and Western concepts is that both link civilisation with,,Kehidupan bermasyarakat yang tersusun dan maju / Organised and advanced communal life,Kehidupan berpindah randah / A nomadic way of life,Penolakan terhadap ilmu / Rejection of knowledge,Pemerintahan tanpa undang-undang / Rule without law,Kehidupan bermasyarakat yang tersusun dan maju / Organised and advanced communal life,,
bab4,Bab 4: Mengenali Tamadun,4-2-konsep-tamadun-islam-dan-barat,4.2 Konsep Tamadun (Islam & Barat),objective,Jelaskan konsep 'umran' dan 'hadharah' yang diperkenalkan oleh Ibn Khaldun. / Explain the concepts 'umran' and 'hadharah' introduced by Ibn Khaldun.,,,,,,"'Umran' merujuk kepada pembangunan kehidupan bermasyarakat secara keseluruhan, manakala 'hadharah' merujuk kepada kehidupan bandar yang maju dan berbudaya tinggi. / 'Umran' refers to the overall development of communal life, while 'hadharah' refers to advanced, culturally rich urban life.",,
bab4,Bab 4: Mengenali Tamadun,4-2-konsep-tamadun-islam-dan-barat,4.2 Konsep Tamadun (Islam & Barat),objective,Nyatakan takrifan tamadun menurut Arnold J. Toynbee. / State Arnold J. Toynbee's definition of civilisation.,,,,,,"Toynbee mentakrifkan tamadun sebagai sistem masyarakat yang memperkasakan bidang politik, ekonomi, sosial dan seni. / Toynbee defined civilisation as a social system that strengthens politics, economy, society and the arts.",,
bab4,Bab 4: Mengenali Tamadun,4-2-konsep-tamadun-islam-dan-barat,4.2 Konsep Tamadun (Islam & Barat),objective,Mengapakah penting mempelajari konsep tamadun daripada pelbagai pandangan? / Why is it important to study the concept of civilisation from various viewpoints?,,,,,,Pelbagai pandangan memberikan gambaran yang lebih lengkap dan mengelakkan penilaian berat sebelah terhadap pencapaian sesebuah masyarakat. / Multiple viewpoints give a fuller picture and prevent a one-sided judgement of a society's achievements.,,
bab4,Bab 4: Mengenali Tamadun,4-3-ciri-ciri-tamadun-awal-dunia,4.3 Ciri-ciri Tamadun Awal Dunia,summary,"Topik ini menerangkan ciri-ciri tamadun awal dunia seperti pertanian, perdagangan, sistem pemerintahan, pembentukan bandar, pengkhususan pekerjaan, teknologi, organisasi sosial, agama, tulisan, dan kesenian.","This topic explains the characteristics of early world civilisations such as agriculture, trade, government systems, urban formation, job specialization, technology, social organisation, religion, writing, and art.",,,,,,,
bab4,Bab 4: Mengenali Tamadun,4-3-ciri-ciri-tamadun-awal-dunia,4.3 Ciri-ciri Tamadun Awal Dunia,fact,Pertanian dan perdagangan menjadi asas perkembangan tamadun awal.,Agriculture and trade became the foundation of early civilisations.,,,,,,,
bab4,Bab 4: Mengenali Tamadun,4-3-ciri-ciri-tamadun-awal-dunia,4.3 Ciri-ciri Tamadun Awal Dunia,fact,Sistem pemerintahan berkembang daripada pendeta kepada raja dan undang-undang.,Government systems evolved from priests to kings and laws.,,,,,,,
bab4,Bab 4: Mengenali Tamadun,4-3-ciri-ciri-tamadun-awal-dunia,4.3 Ciri-ciri Tamadun Awal Dunia,fact,Kampung berkembang menjadi bandar yang tersusun dengan kubu dan kuil.,Villages developed into organized cities with forts and temples.,,,,,,,
bab4,Bab 4: Mengenali Tamadun,4-3-ciri-ciri-tamadun-awal-dunia,4.3 Ciri-ciri Tamadun Awal Dunia,fact,"Pekerjaan menjadi lebih khusus seperti pemungut cukai, askar, jurutera, petani, dan tukang.","Jobs became more specialized such as tax collectors, soldiers, engineers, farmers, and artisans.",,,,,,,
bab4,Bab 4: Mengenali Tamadun,4-3-ciri-ciri-tamadun-awal-dunia,4.3 Ciri-ciri Tamadun Awal Dunia,fact,"Teknologi seperti monumen, metalurgi, roda, dan bajak memajukan tamadun awal.","Technologies such as monuments, metallurgy, wheels, and plows advanced early civilisations.",,,,,,,
bab4,Bab 4: Mengenali Tamadun,4-3-ciri-ciri-tamadun-awal-dunia,4.3 Ciri-ciri Tamadun Awal Dunia,fact,"Organisasi sosial menjadi lebih hierarki dengan golongan pemerintah, tukang, petani, dan hamba.","Social organization became more hierarchical with rulers, artisans, farmers, and slaves.",,,,,,,
bab4,Bab 4: Mengenali Tamadun,4-3-ciri-ciri-tamadun-awal-dunia,4.3 Ciri-ciri Tamadun Awal Dunia,fact,Agama dan kepercayaan memainkan peranan penting dalam kehidupan masyarakat.,Religion and belief played an important role in people's lives.,,,,,,,
bab4,Bab 4: Mengenali Tamadun,4-3-ciri-ciri-tamadun-awal-dunia,4.3 Ciri-ciri Tamadun Awal Dunia,fact,Tulisan seperti piktograf dan kuneiform membantu menyimpan rekod.,Writing systems such as pictographs and cuneiform helped preserve records.,,,,,,,
bab4,Bab 4: Mengenali Tamadun,4-3-ciri-ciri-tamadun-awal-dunia,4.3 Ciri-ciri Tamadun Awal Dunia,fact,Kesenian dan kesusasteraan memperkukuh identiti dan budaya masyarakat.,Art and literature strengthened identity and culture.,,,,,,,
bab4,Bab 4: Mengenali Tamadun,4-3-ciri-ciri-tamadun-awal-dunia,4.3 Ciri-ciri Tamadun Awal Dunia,fact,"Antara ciri tamadun ialah petempatan kekal, organisasi sosial, sistem pemerintahan, agama, bahasa dan tulisan.","Features of civilisation include permanent settlement, social organisation, government, religion, language and writing.",,,,,,,
bab4,Bab 4: Mengenali Tamadun,4-3-ciri-ciri-tamadun-awal-dunia,4.3 Ciri-ciri Tamadun Awal Dunia,fact,"Sistem tulisan membolehkan urusan pentadbiran, perdagangan dan keagamaan direkodkan dengan tepat.","Writing systems allowed administrative, trade and religious matters to be recorded accurately.",,,,,,,
bab4,Bab 4: Mengenali Tamadun,4-3-ciri-ciri-tamadun-awal-dunia,4.3 Ciri-ciri Tamadun Awal Dunia,person,"Beliau memperkenalkan idea 'revolusi bandar' dan menyenaraikan ciri-ciri yang membezakan bandar awal daripada kampung. Senarai ciri seperti petempatan kekal, pengkhususan kerja dan tulisan masih digunakan untuk mengenal pasti tamadun.","He introduced the idea of the 'urban revolution' and listed the features that distinguish early cities from villages. His criteria, such as permanent settlement, specialised work and writing, are still used to identify civilisations.",,,,,,V. Gordon Childe,Ahli arkeologi Australia
bab4,Bab 4: Mengenali Tamadun,4-3-ciri-ciri-tamadun-awal-dunia,4.3 Ciri-ciri Tamadun Awal Dunia,multiple_choice,"Antara berikut, yang manakah ciri utama sebuah tamadun? / Which of the following is a main feature of a civilisation?",,Petempatan kekal dan sistem pemerintahan / Permanent settlement and a system of government,Kehidupan berpindah randah / A nomadic way of life,Ketiadaan pembahagian kerja / Absence of division of labour,Ketiadaan kepercayaan agama / Absence of religious belief,Petempatan kekal dan sistem pemerintahan / Permanent settlement and a system of government,,
bab4,Bab 4: Mengenali Tamadun,4-3-ciri-ciri-tamadun-awal-dunia,4.3 Ciri-ciri Tamadun Awal Dunia,multiple_choice,Pengkhususan kerja dalam tamadun awal bermaksud / Specialisation of labour in early civilisations means,,Penduduk melakukan pekerjaan berbeza mengikut kemahiran / People did different jobs according to their skills,Semua penduduk bertani sahaja / Everyone farmed only,Penduduk tidak perlu bekerja / People did not need to work,Kerja ditentukan oleh cuaca / Work was decided by the weather,Penduduk melakukan pekerjaan berbeza mengikut kemahiran / People did different jobs according to their skills,,
bab4,Bab 4: Mengenali Tamadun,4-3-ciri-ciri-tamadun-awal-dunia,4.3 Ciri-ciri Tamadun Awal Dunia,multiple_choice,Kepentingan sistem tulisan kepada tamadun awal ialah / The importance of writing to early civilisations was that it,,"Membolehkan rekod pentadbiran, perdagangan dan ilmu disimpan / Allowed administrative, trade and knowledge records to be kept",Menghalang perdagangan dengan wilayah lain / Prevented trade with other regions,Menggantikan keperluan kepada pemerintah / Replaced the need for rulers,Menyebabkan penduduk berpindah randah / Caused people to become nomadic,"Membolehkan rekod pentadbiran, perdagangan dan ilmu disimpan / Allowed administrative, trade and knowledge records to be kept",,
bab4,Bab 4: Mengenali Tamadun,4-3-ciri-ciri-tamadun-awal-dunia,4.3 Ciri-ciri Tamadun Awal Dunia,multiple_choice,Organisasi sosial dalam tamadun awal biasanya berbentuk / Social organisation in early civilisations was usually,,Susun lapis masyarakat daripada pemerintah hingga rakyat biasa / A hierarchy from rulers down to commoners,Semua orang mempunyai kedudukan yang sama / Everyone held equal rank,Tiada ketua dalam masyarakat / No leaders in society,Dipilih melalui undian umum / Chosen by general election,Susun lapis masyarakat daripada pemerintah hingga rakyat biasa / A hierarchy from rulers down to commoners,,
bab4,Bab 4: Mengenali Tamadun,4-3-ciri-ciri-tamadun-awal-dunia,4.3 Ciri-ciri Tamadun Awal Dunia,multiple_choice,Agama dalam tamadun awal berperanan untuk / Religion in early civilisations served to,,Menyatukan masyarakat dan mengesahkan kuasa pemerintah / Unite society and legitimise the ruler's authority,Menghalang pembinaan bandar / Prevent city building,Menggantikan sistem tulisan / Replace the writing system,Menamatkan aktiviti perdagangan / End trading activity,Menyatukan masyarakat dan mengesahkan kuasa pemerintah / Unite society and legitimise the ruler's authority,,
bab4,Bab 4: Mengenali Tamadun,4-3-ciri-ciri-tamadun-awal-dunia,4.3 Ciri-ciri Tamadun Awal Dunia,objective,Senaraikan empat ciri tamadun awal dunia. / List four features of early world civilisations.,,,,,,"Petempatan kekal, organisasi sosial berlapis, sistem pemerintahan dan undang-undang, serta bahasa dan sistem tulisan. / Permanent settlement, a layered social organisation, a system of government and law, and language with a writing system.",,
bab4,Bab 4: Mengenali Tamadun,4-3-ciri-ciri-tamadun-awal-dunia,4.3 Ciri-ciri Tamadun Awal Dunia,objective,Jelaskan kepentingan sistem tulisan dalam tamadun awal. / Explain the importance of writing in early civilisations.,,,,,,"Tulisan membolehkan undang-undang, urusan cukai, perdagangan dan ilmu direkod serta diwariskan dengan tepat kepada generasi seterusnya. / Writing allowed laws, taxation, trade and knowledge to be recorded and passed accurately to later generations.",,
bab4,Bab 4: Mengenali Tamadun,4-3-ciri-ciri-tamadun-awal-dunia,4.3 Ciri-ciri Tamadun Awal Dunia,objective,Mengapakah pengkhususan kerja penting kepada perkembangan tamadun? / Why was specialisation of labour important to the growth of civilisation?,,,,,,"Pengkhususan membolehkan kemahiran diperhalusi dalam bidang tertentu seperti seni, pembinaan dan pentadbiran, lalu mempercepat kemajuan masyarakat. / Specialisation allowed skills to be refined in fields such as art, construction and administration, speeding up social progress.",,
bab5,Bab 5: Tamadun Awal Dunia,5-1-empat-lokasi-tamadun-awal-dunia,5.1 Empat Lokasi Tamadun Awal Dunia,summary,Topik ini menerangkan empat tamadun awal dunia yang berkembang di lembah sungai serta kepentingan sungai kepada masyarakatnya.,This topic explains four early world civilisations that developed in river valleys and the importance of rivers to their communities.,,,,,,,
bab5,Bab 5: Tamadun Awal Dunia,5-1-empat-lokasi-tamadun-awal-dunia,5.1 Empat Lokasi Tamadun Awal Dunia,fact,Tamadun Mesopotamia berkembang di antara Sungai Tigris dan Sungai Euphrates.,Mesopotamian Civilisation developed between the Tigris and Euphrates Rivers.,,,,,,,
bab5,Bab 5: Tamadun Awal Dunia,5-1-empat-lokasi-tamadun-awal-dunia,5.1 Empat Lokasi Tamadun Awal Dunia,fact,Tamadun Mesir Purba berkembang di Lembah Sungai Nil.,Ancient Egyptian Civilisation developed in the Nile River Valley.,,,,,,,
bab5,Bab 5: Tamadun Awal Dunia,5-1-empat-lokasi-tamadun-awal-dunia,5.1 Empat Lokasi Tamadun Awal Dunia,fact,Tamadun Indus berkembang di Lembah Sungai Indus.,Indus Civilisation developed in the Indus River Valley.,,,,,,,
bab5,Bab 5: Tamadun Awal Dunia,5-1-empat-lokasi-tamadun-awal-dunia,5.1 Empat Lokasi Tamadun Awal Dunia,fact,Tamadun Huang He berkembang di Lembah Sungai Huang He atau Sungai Kuning.,"Huang He Civilisation developed in the Huang He, or Yellow River, Valley.",,,,,,,
bab5,Bab 5: Tamadun Awal Dunia,5-1-empat-lokasi-tamadun-awal-dunia,5.1 Empat Lokasi Tamadun Awal Dunia,fact,"Sungai membekalkan air untuk pertanian dan kegunaan harian, di samping menjadi laluan perhubungan dan pengangkutan.","Rivers supplied water for agriculture and daily use, as well as routes for communication and transportation.",,,,,,,
bab5,Bab 5: Tamadun Awal Dunia,5-1-empat-lokasi-tamadun-awal-dunia,5.1 Empat Lokasi Tamadun Awal Dunia,fact,"Empat tamadun awal dunia ialah Mesopotamia, Mesir Purba, Indus dan Hwang Ho.","The four early world civilisations are Mesopotamia, Ancient Egypt, the Indus and the Hwang Ho.",,,,,,,
bab5,Bab 5: Tamadun Awal Dunia,5-1-empat-lokasi-tamadun-awal-dunia,5.1 Empat Lokasi Tamadun Awal Dunia,fact,Kesemua tamadun ini muncul di lembah sungai yang subur dan menyediakan bekalan air sepanjang tahun.,All these civilisations arose in fertile river valleys that supplied water throughout the year.,,,,,,,
bab5,Bab 5: Tamadun Awal Dunia,5-1-empat-lokasi-tamadun-awal-dunia,5.1 Empat Lokasi Tamadun Awal Dunia,person,Beliau mengetuai penggalian Mohenjo-Daro dan Harappa pada tahun 1920-an yang mendedahkan kewujudan Tamadun Indus. Penemuan itu menunjukkan wujudnya bandar terancang dengan sistem saliran yang teratur.,"He led the excavation of Mohenjo-Daro and Harappa in the 1920s, revealing the Indus Civilisation. The finds showed well-planned cities with organised drainage systems.",,,,,,Sir John Marshall,Ahli arkeologi British
bab5,Bab 5: Tamadun Awal Dunia,5-1-empat-lokasi-tamadun-awal-dunia,5.1 Empat Lokasi Tamadun Awal Dunia,multiple_choice,"Tamadun Mesopotamia terletak di antara dua sungai iaitu / Mesopotamian civilisation lay between two rivers, namely",,Sungai Tigris dan Euphrates / The Tigris and Euphrates,Sungai Nil dan Indus / The Nile and Indus,Sungai Hwang Ho dan Yangtze / The Hwang Ho and Yangtze,Sungai Ganges dan Mekong / The Ganges and Mekong,Sungai Tigris dan Euphrates / The Tigris and Euphrates,,
bab5,Bab 5: Tamadun Awal Dunia,5-1-empat-lokasi-tamadun-awal-dunia,5.1 Empat Lokasi Tamadun Awal Dunia,multiple_choice,Tamadun Mesir Purba berkembang di sepanjang / Ancient Egyptian civilisation developed along the,,Sungai Nil / Nile,Sungai Indus / Indus,Sungai Tigris / Tigris,Sungai Hwang Ho / Hwang Ho,Sungai Nil / Nile,,
bab5,Bab 5: Tamadun Awal Dunia,5-1-empat-lokasi-tamadun-awal-dunia,5.1 Empat Lokasi Tamadun Awal Dunia,multiple_choice,Bandar utama Tamadun Indus ialah / The main cities of the Indus Civilisation were,,Mohenjo-Daro dan Harappa,Ur dan Babylon,Memphis dan Thebes,Anyang dan Luoyang,Mohenjo-Daro dan Harappa,,
bab5,Bab 5: Tamadun Awal Dunia,5-1-empat-lokasi-tamadun-awal-dunia,5.1 Empat Lokasi Tamadun Awal Dunia,multiple_choice,Tamadun Hwang Ho berkembang di negara / The Hwang Ho civilisation developed in,,China,India,Iraq,Mesir / Egypt,China,,
bab5,Bab 5: Tamadun Awal Dunia,5-1-empat-lokasi-tamadun-awal-dunia,5.1 Empat Lokasi Tamadun Awal Dunia,multiple_choice,Mengapakah keempat-empat tamadun awal muncul di lembah sungai? / Why did all four early civilisations arise in river valleys?,,Tanah subur dan bekalan air memudahkan pertanian dan pengangkutan / Fertile soil and water supply eased farming and transport,Kawasan itu selamat daripada semua serangan / Such areas were safe from all attack,Kawasan itu mempunyai banyak bijih logam / Those areas had abundant metal ore,Kawasan itu sejuk sepanjang tahun / Those areas were cool all year,Tanah subur dan bekalan air memudahkan pertanian dan pengangkutan / Fertile soil and water supply eased farming and transport,,
bab5,Bab 5: Tamadun Awal Dunia,5-1-empat-lokasi-tamadun-awal-dunia,5.1 Empat Lokasi Tamadun Awal Dunia,objective,Namakan empat tamadun awal dunia dan sungai masing-masing. / Name the four early civilisations and their rivers.,,,,,,"Mesopotamia (Tigris dan Euphrates), Mesir Purba (Nil), Indus (Indus) dan Hwang Ho (Hwang Ho). / Mesopotamia (Tigris and Euphrates), Ancient Egypt (Nile), Indus (Indus) and Hwang Ho (Hwang Ho).",,
bab5,Bab 5: Tamadun Awal Dunia,5-1-empat-lokasi-tamadun-awal-dunia,5.1 Empat Lokasi Tamadun Awal Dunia,objective,Jelaskan mengapa lembah sungai sesuai untuk kemunculan tamadun. / Explain why river valleys were suitable for the rise of civilisations.,,,,,,"Banjir bermusim menyuburkan tanah dan air sungai membolehkan pengairan serta pengangkutan, menghasilkan lebihan makanan untuk penduduk yang ramai. / Seasonal floods enriched the soil and river water allowed irrigation and transport, producing surplus food for large populations.",,
bab5,Bab 5: Tamadun Awal Dunia,5-1-empat-lokasi-tamadun-awal-dunia,5.1 Empat Lokasi Tamadun Awal Dunia,objective,Nyatakan satu ciri istimewa bandar Tamadun Indus. / State one special feature of Indus Civilisation cities.,,,,,,Bandar seperti Mohenjo-Daro dirancang secara teratur dengan jalan bersilang tepat dan sistem saliran bawah tanah. / Cities such as Mohenjo-Daro were laid out in an orderly grid with underground drainage systems.,,
bab5,Bab 5: Tamadun Awal Dunia,5-2-perkembangan-empat-tamadun-awal-dunia,5.2 Perkembangan Empat Tamadun Awal Dunia,summary,"Topik ini menerangkan perkembangan Tamadun Mesopotamia, Mesir Purba, Indus dan Huang He.","This topic explains the development of the Mesopotamian, Ancient Egyptian, Indus, and Huang He Civilisations.",,,,,,,
bab5,Bab 5: Tamadun Awal Dunia,5-2-perkembangan-empat-tamadun-awal-dunia,5.2 Perkembangan Empat Tamadun Awal Dunia,fact,"Tamadun Mesopotamia bermula di Sumeria, kawasan Bulan Sabit Subur, dan terkenal dengan negara-kota seperti Ur serta zigurat.",Mesopotamian Civilisation began in Sumer in the Fertile Crescent and was known for city-states such as Ur and ziggurats.,,,,,,,
bab5,Bab 5: Tamadun Awal Dunia,5-2-perkembangan-empat-tamadun-awal-dunia,5.2 Perkembangan Empat Tamadun Awal Dunia,fact,"Tamadun Mesir Purba dikenali sebagai Hadiah Sungai Nil dan melalui zaman Kerajaan Purba, Pertengahan, dan Baru.","Ancient Egyptian Civilisation was known as the Gift of the Nile and passed through the Old, Middle, and New Kingdom periods.",,,,,,,
bab5,Bab 5: Tamadun Awal Dunia,5-2-perkembangan-empat-tamadun-awal-dunia,5.2 Perkembangan Empat Tamadun Awal Dunia,fact,Tamadun Indus mempunyai bandar terancang Mohenjo-Daro dan Harappa dengan sistem perpaipan dan pembetungan yang canggih.,"Indus Civilisation had the planned cities of Mohenjo-Daro and Harappa, with sophisticated plumbing and sewerage systems.",,,,,,,
bab5,Bab 5: Tamadun Awal Dunia,5-2-perkembangan-empat-tamadun-awal-dunia,5.2 Perkembangan Empat Tamadun Awal Dunia,fact,"Tamadun Huang He berkembang di utara China melalui kerajaan Xia, Shang, dan Zhou.","Huang He Civilisation developed in northern China through the Xia, Shang, and Zhou dynasties.",,,,,,,
bab5,Bab 5: Tamadun Awal Dunia,5-2-perkembangan-empat-tamadun-awal-dunia,5.2 Perkembangan Empat Tamadun Awal Dunia,fact,Anyang menjadi salah satu pusat penting dalam perkembangan Tamadun Huang He.,Anyang was one important centre in the development of Huang He Civilisation.,,,,,,,
bab5,Bab 5: Tamadun Awal Dunia,5-2-perkembangan-empat-tamadun-awal-dunia,5.2 Perkembangan Empat Tamadun Awal Dunia,fact,Tamadun Mesopotamia memperkenalkan tulisan cuneiform dan sistem bandar negeri seperti Ur dan Babylon.,Mesopotamia introduced cuneiform writing and city-states such as Ur and Babylon.,,,,,,,
bab5,Bab 5: Tamadun Awal Dunia,5-2-perkembangan-empat-tamadun-awal-dunia,5.2 Perkembangan Empat Tamadun Awal Dunia,fact,Tamadun Mesir Purba diperintah oleh Firaun yang dianggap sebagai raja dan wakil tuhan.,"Ancient Egypt was ruled by Pharaohs, regarded as kings and representatives of the gods.",,,,,,,
bab5,Bab 5: Tamadun Awal Dunia,5-2-perkembangan-empat-tamadun-awal-dunia,5.2 Perkembangan Empat Tamadun Awal Dunia,person,"Beliau menyatukan wilayah Mesopotamia dan memperkenalkan Kod Undang-undang Hammurabi yang diukir pada tiang batu. Kod ini merupakan antara undang-undang bertulis terawal dunia yang mengatur perdagangan, keluarga dan hukuman.","He unified Mesopotamia and introduced the Code of Hammurabi, carved on a stone pillar. It is among the world's earliest written legal codes, governing trade, family matters and punishment.",,,,,,Hammurabi,"Raja Babylon, Mesopotamia"
bab5,Bab 5: Tamadun Awal Dunia,5-2-perkembangan-empat-tamadun-awal-dunia,5.2 Perkembangan Empat Tamadun Awal Dunia,multiple_choice,Sistem tulisan Tamadun Mesopotamia dikenali sebagai / The writing system of Mesopotamia is known as,,Cuneiform,Hieroglif / Hieroglyphics,Tulisan oracle / Oracle bone script,Sanskrit,Cuneiform,,
bab5,Bab 5: Tamadun Awal Dunia,5-2-perkembangan-empat-tamadun-awal-dunia,5.2 Perkembangan Empat Tamadun Awal Dunia,multiple_choice,Kod Undang-undang Hammurabi penting kerana ia / The Code of Hammurabi is important because it,,Merupakan antara undang-undang bertulis terawal di dunia / Is among the earliest written law codes in the world,Merupakan kitab agama pertama / Was the first religious scripture,Mengajar cara membina piramid / Taught how to build pyramids,Merupakan buku perubatan pertama / Was the first medical book,Merupakan antara undang-undang bertulis terawal di dunia / Is among the earliest written law codes in the world,,
bab5,Bab 5: Tamadun Awal Dunia,5-2-perkembangan-empat-tamadun-awal-dunia,5.2 Perkembangan Empat Tamadun Awal Dunia,multiple_choice,Pemerintah Tamadun Mesir Purba digelar / The ruler of Ancient Egypt was called,,Firaun / Pharaoh,Maharaja / Emperor,Sultan,Raja Dinasti Shang / Shang king,Firaun / Pharaoh,,
bab5,Bab 5: Tamadun Awal Dunia,5-2-perkembangan-empat-tamadun-awal-dunia,5.2 Perkembangan Empat Tamadun Awal Dunia,multiple_choice,Sistem tulisan Mesir Purba ialah / The writing system of Ancient Egypt was,,Hieroglif / Hieroglyphics,Cuneiform,Alfabet Latin / The Latin alphabet,Tulisan Brahmi / Brahmi script,Hieroglif / Hieroglyphics,,
bab5,Bab 5: Tamadun Awal Dunia,5-2-perkembangan-empat-tamadun-awal-dunia,5.2 Perkembangan Empat Tamadun Awal Dunia,multiple_choice,Dinasti awal dalam Tamadun Hwang Ho ialah / An early dynasty of the Hwang Ho civilisation was,,Dinasti Shang,Dinasti Maurya,Dinasti Ptolemy,Dinasti Umayyah,Dinasti Shang,,
bab5,Bab 5: Tamadun Awal Dunia,5-2-perkembangan-empat-tamadun-awal-dunia,5.2 Perkembangan Empat Tamadun Awal Dunia,objective,Jelaskan kepentingan Kod Undang-undang Hammurabi. / Explain the importance of the Code of Hammurabi.,,,,,,"Kod ini menetapkan peraturan bertulis tentang perdagangan, keluarga dan hukuman supaya keadilan dilaksanakan secara seragam di seluruh wilayah. / The code set out written rules on trade, family and punishment so that justice was applied uniformly across the realm.",,
bab5,Bab 5: Tamadun Awal Dunia,5-2-perkembangan-empat-tamadun-awal-dunia,5.2 Perkembangan Empat Tamadun Awal Dunia,objective,Nyatakan dua sistem tulisan tamadun awal dan tamadun yang menggunakannya. / State two early writing systems and the civilisations that used them.,,,,,,Cuneiform digunakan oleh Tamadun Mesopotamia dan hieroglif digunakan oleh Tamadun Mesir Purba. / Cuneiform was used by Mesopotamia and hieroglyphics by Ancient Egypt.,,
bab5,Bab 5: Tamadun Awal Dunia,5-2-perkembangan-empat-tamadun-awal-dunia,5.2 Perkembangan Empat Tamadun Awal Dunia,objective,Bagaimanakah sistem pemerintahan membantu perkembangan tamadun awal? / How did systems of government help early civilisations develop?,,,,,,"Pemerintahan yang teratur membolehkan pengurusan pengairan, cukai, pertahanan dan projek pembinaan besar dilaksanakan secara tersusun. / Organised government allowed irrigation, taxation, defence and large building projects to be managed systematically.",,
bab5,Bab 5: Tamadun Awal Dunia,5-3-perbandingan-sumbangan-tamadun-awal,5.3 Perbandingan Sumbangan Tamadun Awal,summary,"Topik ini membandingkan sumbangan tamadun awal dalam pemerintahan, ekonomi, teknologi, kesenian dan binaan.","This topic compares contributions of early civilisations in government, economy, technology, arts, and architecture.",,,,,,,
bab5,Bab 5: Tamadun Awal Dunia,5-3-perbandingan-sumbangan-tamadun-awal,5.3 Perbandingan Sumbangan Tamadun Awal,fact,"Tamadun Mesopotamia menyumbang Kod Hammurabi, tulisan kuneiform, roda, bajak, sauh, dan sistem nombor berasaskan 60.","Mesopotamian Civilisation contributed the Code of Hammurabi, cuneiform writing, the wheel, plough, anchor, and a base-60 number system.",,,,,,,
bab5,Bab 5: Tamadun Awal Dunia,5-3-perbandingan-sumbangan-tamadun-awal,5.3 Perbandingan Sumbangan Tamadun Awal,fact,"Tamadun Mesir Purba diperintah oleh Firaun dan menghasilkan papirus, kalendar 365 hari, perubatan, piramid, serta Sfinks.","Ancient Egypt was ruled by Pharaohs and produced papyrus, a 365-day calendar, medicine, pyramids, and the Sphinx.",,,,,,,
bab5,Bab 5: Tamadun Awal Dunia,5-3-perbandingan-sumbangan-tamadun-awal,5.3 Perbandingan Sumbangan Tamadun Awal,fact,"Tamadun Indus mempunyai pemerintahan oleh golongan pendeta, perkembangan pertanian dan perdagangan, serta tembikar dan ukiran batu.","Indus Civilisation was governed by priests and developed agriculture, trade, pottery, and stone carvings.",,,,,,,
bab5,Bab 5: Tamadun Awal Dunia,5-3-perbandingan-sumbangan-tamadun-awal,5.3 Perbandingan Sumbangan Tamadun Awal,fact,"Tamadun Huang He memperkenalkan konsep Mandat dari Syurga, kompas magnetik, benang sutera, dan puisi.","Huang He Civilisation introduced the Mandate of Heaven, magnetic compass, silk thread, and poetry.",,,,,,,
bab5,Bab 5: Tamadun Awal Dunia,5-3-perbandingan-sumbangan-tamadun-awal,5.3 Perbandingan Sumbangan Tamadun Awal,fact,"Sumbangan tamadun awal menjadi asas perkembangan pentadbiran, ekonomi, teknologi, dan kebudayaan dunia.","Early civilisations' contributions formed foundations for world administration, economy, technology, and culture.",,,,,,,
bab5,Bab 5: Tamadun Awal Dunia,5-3-perbandingan-sumbangan-tamadun-awal,5.3 Perbandingan Sumbangan Tamadun Awal,fact,"Mesopotamia menyumbang roda, sistem nombor asas 60 dan kalendar berdasarkan bulan.","Mesopotamia contributed the wheel, a base-60 number system and a lunar calendar.",,,,,,,
bab5,Bab 5: Tamadun Awal Dunia,5-3-perbandingan-sumbangan-tamadun-awal,5.3 Perbandingan Sumbangan Tamadun Awal,fact,"Mesir Purba menyumbang kalendar 365 hari, ilmu perubatan dan teknik pembinaan piramid.","Ancient Egypt contributed the 365-day calendar, medical knowledge and pyramid-building techniques.",,,,,,,
bab5,Bab 5: Tamadun Awal Dunia,5-3-perbandingan-sumbangan-tamadun-awal,5.3 Perbandingan Sumbangan Tamadun Awal,person,"Beliau merancang Piramid Berperingkat Djoser di Saqqara, iaitu binaan batu besar terawal di dunia. Beliau juga dihormati sebagai tabib dan menunjukkan gabungan ilmu seni bina serta perubatan dalam tamadun Mesir.","He designed the Step Pyramid of Djoser at Saqqara, the world's earliest large stone structure. He was also revered as a physician, showing how architecture and medicine combined in Egyptian civilisation.",,,,,,Imhotep,Arkitek dan tabib Mesir Purba
bab5,Bab 5: Tamadun Awal Dunia,5-3-perbandingan-sumbangan-tamadun-awal,5.3 Perbandingan Sumbangan Tamadun Awal,multiple_choice,Sistem nombor asas 60 yang masih digunakan untuk mengira masa berasal daripada / The base-60 number system still used to measure time came from,,Tamadun Mesopotamia,Tamadun Mesir Purba,Tamadun Indus,Tamadun Hwang Ho,Tamadun Mesopotamia,,
bab5,Bab 5: Tamadun Awal Dunia,5-3-perbandingan-sumbangan-tamadun-awal,5.3 Perbandingan Sumbangan Tamadun Awal,multiple_choice,Kalendar 365 hari diperkenalkan oleh Tamadun / The 365-day calendar was introduced by the civilisation of,,Mesir Purba / Ancient Egypt,Indus,Hwang Ho,Mesopotamia,Mesir Purba / Ancient Egypt,,
bab5,Bab 5: Tamadun Awal Dunia,5-3-perbandingan-sumbangan-tamadun-awal,5.3 Perbandingan Sumbangan Tamadun Awal,multiple_choice,Sumbangan istimewa Tamadun Indus ialah / A distinctive contribution of the Indus Civilisation was,,Perancangan bandar dan sistem saliran teratur / City planning and organised drainage,Penciptaan roda / The invention of the wheel,Pembinaan piramid / Pyramid building,Tulisan cuneiform / Cuneiform writing,Perancangan bandar dan sistem saliran teratur / City planning and organised drainage,,
bab5,Bab 5: Tamadun Awal Dunia,5-3-perbandingan-sumbangan-tamadun-awal,5.3 Perbandingan Sumbangan Tamadun Awal,multiple_choice,Sumbangan Tamadun Hwang Ho termasuk / Contributions of the Hwang Ho civilisation include,,Tulisan pada tulang oracle dan kemahiran tembaga / Oracle bone writing and bronze working,Kod undang-undang Hammurabi / The Code of Hammurabi,Piramid Giza / The Pyramids of Giza,Sistem tulisan hieroglif / Hieroglyphic writing,Tulisan pada tulang oracle dan kemahiran tembaga / Oracle bone writing and bronze working,,
bab5,Bab 5: Tamadun Awal Dunia,5-3-perbandingan-sumbangan-tamadun-awal,5.3 Perbandingan Sumbangan Tamadun Awal,multiple_choice,Persamaan sumbangan keempat-empat tamadun awal ialah kesemuanya / A shared contribution of all four early civilisations is that each,,Mencipta sistem tulisan dan pentadbiran sendiri / Created its own writing and administrative system,Membina piramid batu / Built stone pyramids,Menggunakan mata wang kertas / Used paper currency,Mengamalkan sistem demokrasi / Practised democracy,Mencipta sistem tulisan dan pentadbiran sendiri / Created its own writing and administrative system,,
bab5,Bab 5: Tamadun Awal Dunia,5-3-perbandingan-sumbangan-tamadun-awal,5.3 Perbandingan Sumbangan Tamadun Awal,objective,Nyatakan dua sumbangan Tamadun Mesopotamia kepada dunia hari ini. / State two Mesopotamian contributions to the world today.,,,,,,"Penciptaan roda yang mengubah pengangkutan, dan sistem nombor asas 60 yang masih digunakan untuk mengira masa dan sudut. / The invention of the wheel, which transformed transport, and the base-60 number system still used for time and angles.",,
bab5,Bab 5: Tamadun Awal Dunia,5-3-perbandingan-sumbangan-tamadun-awal,5.3 Perbandingan Sumbangan Tamadun Awal,objective,Bandingkan sumbangan Tamadun Mesir Purba dan Tamadun Indus. / Compare the contributions of Ancient Egypt and the Indus Civilisation.,,,,,,"Mesir Purba terkenal dengan kalendar, perubatan dan pembinaan piramid, manakala Indus terkenal dengan bandar terancang dan sistem saliran yang teratur. / Ancient Egypt is known for its calendar, medicine and pyramids, while the Indus is known for planned cities and organised drainage.",,
bab5,Bab 5: Tamadun Awal Dunia,5-3-perbandingan-sumbangan-tamadun-awal,5.3 Perbandingan Sumbangan Tamadun Awal,objective,Mengapakah sumbangan tamadun awal masih relevan hari ini? / Why are the contributions of early civilisations still relevant today?,,,,,,"Asas seperti tulisan, undang-undang, kalendar, bandar terancang dan sistem nombor masih digunakan dan diperkembang dalam kehidupan moden. / Foundations such as writing, law, calendars, planned cities and number systems are still used and developed in modern life.",,
bab6,Bab 6: Peningkatan Tamadun Yunani dan Rom,6-1-tamadun-yunani-lokasi-dan-perkembangannya,6.1 Tamadun Yunani: Lokasi dan Perkembangannya,summary,"Topik ini menerangkan lokasi, polis dan ciri utama Tamadun Yunani.","This topic explains the location, polis, and main features of Greek Civilisation.",,,,,,,
bab6,Bab 6: Peningkatan Tamadun Yunani dan Rom,6-1-tamadun-yunani-lokasi-dan-perkembangannya,6.1 Tamadun Yunani: Lokasi dan Perkembangannya,fact,Tamadun Yunani berkembang di Semenanjung Greece dan pulau-pulau di Laut Aegean serta Laut Mediterranean antara 1000 SM hingga 800 SM.,Greek Civilisation developed on the Greek Peninsula and islands in the Aegean and Mediterranean Seas between 1000 BC and 800 BC.,,,,,,,
bab6,Bab 6: Peningkatan Tamadun Yunani dan Rom,6-1-tamadun-yunani-lokasi-dan-perkembangannya,6.1 Tamadun Yunani: Lokasi dan Perkembangannya,fact,"Negara-kota Yunani dikenali sebagai polis dan terdiri daripada bandar utama, bandar kecil, serta kawasan kampung.","Greek city-states were known as polis and consisted of a main town, small towns, and countryside villages.",,,,,,,
bab6,Bab 6: Peningkatan Tamadun Yunani dan Rom,6-1-tamadun-yunani-lokasi-dan-perkembangannya,6.1 Tamadun Yunani: Lokasi dan Perkembangannya,fact,"Acropolis ialah pusat komuniti berkubu di lokasi strategik, manakala Agora ialah kawasan lapang untuk pertemuan dan pasar awam.","The Acropolis was a fortified community centre in a strategic location, while the Agora was an open meeting and marketplace area.",,,,,,,
bab6,Bab 6: Peningkatan Tamadun Yunani dan Rom,6-1-tamadun-yunani-lokasi-dan-perkembangannya,6.1 Tamadun Yunani: Lokasi dan Perkembangannya,fact,"Athens mempunyai penduduk paling ramai, Sparta paling luas, dan Corinth juga merupakan polis terkenal.","Athens had the largest population, Sparta was the largest in area, and Corinth was also a famous polis.",,,,,,,
bab6,Bab 6: Peningkatan Tamadun Yunani dan Rom,6-1-tamadun-yunani-lokasi-dan-perkembangannya,6.1 Tamadun Yunani: Lokasi dan Perkembangannya,fact,Tamadun Yunani terletak di Semenanjung Balkan yang bergunung-ganang dan dikelilingi Laut Mediterranean serta Laut Aegean.,"Greek civilisation lay on the mountainous Balkan Peninsula, surrounded by the Mediterranean and Aegean Seas.",,,,,,,
bab6,Bab 6: Peningkatan Tamadun Yunani dan Rom,6-1-tamadun-yunani-lokasi-dan-perkembangannya,6.1 Tamadun Yunani: Lokasi dan Perkembangannya,fact,Keadaan geografi yang berbukit menyebabkan terbentuknya bandar negeri (polis) yang bebas seperti Athens dan Sparta.,The hilly terrain led to the formation of independent city-states (polis) such as Athens and Sparta.,,,,,,,
bab6,Bab 6: Peningkatan Tamadun Yunani dan Rom,6-1-tamadun-yunani-lokasi-dan-perkembangannya,6.1 Tamadun Yunani: Lokasi dan Perkembangannya,person,"Beliau dikaitkan dengan epik Iliad dan Odyssey yang menceritakan Perang Troy dan pengembaraan Odysseus. Karya ini menjadi sumber penting tentang kepercayaan, nilai dan masyarakat Yunani awal.","He is associated with the epics Iliad and Odyssey, telling of the Trojan War and Odysseus's voyage. These works are a key source on early Greek beliefs, values and society.",,,,,,Homer,Penyair epik Yunani
bab6,Bab 6: Peningkatan Tamadun Yunani dan Rom,6-1-tamadun-yunani-lokasi-dan-perkembangannya,6.1 Tamadun Yunani: Lokasi dan Perkembangannya,multiple_choice,Tamadun Yunani terletak di / Greek civilisation was located on the,,Semenanjung Balkan / Balkan Peninsula,Semenanjung Itali / Italian Peninsula,Lembah Sungai Nil / Nile Valley,Semenanjung Arab / Arabian Peninsula,Semenanjung Balkan / Balkan Peninsula,,
bab6,Bab 6: Peningkatan Tamadun Yunani dan Rom,6-1-tamadun-yunani-lokasi-dan-perkembangannya,6.1 Tamadun Yunani: Lokasi dan Perkembangannya,multiple_choice,Bandar negeri dalam tamadun Yunani dikenali sebagai / A city-state in Greek civilisation was known as,,Polis,Forum,Agora,Senat,Polis,,
bab6,Bab 6: Peningkatan Tamadun Yunani dan Rom,6-1-tamadun-yunani-lokasi-dan-perkembangannya,6.1 Tamadun Yunani: Lokasi dan Perkembangannya,multiple_choice,Keadaan bergunung-ganang di Yunani menyebabkan / The mountainous terrain of Greece resulted in,,"Terbentuknya bandar negeri yang bebas dan berasingan / The rise of separate, independent city-states",Terbentuknya satu empayar bersatu sejak awal / A single unified empire from the start,Ketiadaan aktiviti perdagangan / The absence of trade,Penduduk hidup secara nomad / A nomadic population,"Terbentuknya bandar negeri yang bebas dan berasingan / The rise of separate, independent city-states",,
bab6,Bab 6: Peningkatan Tamadun Yunani dan Rom,6-1-tamadun-yunani-lokasi-dan-perkembangannya,6.1 Tamadun Yunani: Lokasi dan Perkembangannya,multiple_choice,Dua bandar negeri Yunani yang terkenal ialah / Two famous Greek city-states were,,Athens dan Sparta,Ur dan Babylon,Rom dan Carthage,Memphis dan Thebes,Athens dan Sparta,,
bab6,Bab 6: Peningkatan Tamadun Yunani dan Rom,6-1-tamadun-yunani-lokasi-dan-perkembangannya,6.1 Tamadun Yunani: Lokasi dan Perkembangannya,multiple_choice,Epik Iliad dan Odyssey penting sebagai / The epics Iliad and Odyssey are important as,,Sumber tentang kepercayaan dan nilai masyarakat Yunani awal / A source on early Greek beliefs and values,Kod undang-undang bertulis Yunani / The written legal code of Greece,Rekod cukai bandar negeri / Tax records of the city-states,Peta pelayaran Mediterranean / Navigation charts of the Mediterranean,Sumber tentang kepercayaan dan nilai masyarakat Yunani awal / A source on early Greek beliefs and values,,
bab6,Bab 6: Peningkatan Tamadun Yunani dan Rom,6-1-tamadun-yunani-lokasi-dan-perkembangannya,6.1 Tamadun Yunani: Lokasi dan Perkembangannya,objective,Jelaskan bagaimana kedudukan geografi mempengaruhi perkembangan Tamadun Yunani. / Explain how geography influenced the development of Greek civilisation.,,,,,,"Kawasan bergunung memisahkan penduduk sehingga terbentuk bandar negeri yang bebas, manakala kedudukan berhampiran laut menggalakkan pelayaran dan perdagangan. / Mountains separated communities so independent city-states formed, while the coastal position encouraged seafaring and trade.",,
bab6,Bab 6: Peningkatan Tamadun Yunani dan Rom,6-1-tamadun-yunani-lokasi-dan-perkembangannya,6.1 Tamadun Yunani: Lokasi dan Perkembangannya,objective,Apakah maksud polis dalam tamadun Yunani? / What does 'polis' mean in Greek civilisation?,,,,,,"Polis ialah bandar negeri yang mentadbir wilayahnya sendiri dengan pemerintahan, tentera dan undang-undang tersendiri. / A polis was a city-state that governed its own territory with its own government, army and laws.",,
bab6,Bab 6: Peningkatan Tamadun Yunani dan Rom,6-1-tamadun-yunani-lokasi-dan-perkembangannya,6.1 Tamadun Yunani: Lokasi dan Perkembangannya,objective,Nyatakan kepentingan karya Homer kepada kajian sejarah Yunani. / State the importance of Homer's works to the study of Greek history.,,,,,,"Karya Homer memberi gambaran tentang kepercayaan, nilai wira dan susunan masyarakat Yunani awal yang sukar diperoleh daripada sumber lain. / Homer's works reveal early Greek beliefs, heroic values and social order that are hard to obtain from other sources.",,
bab6,Bab 6: Peningkatan Tamadun Yunani dan Rom,6-2-peningkatan-pemerintahan-dan-pentadbiran-yunani,6.2 Peningkatan Pemerintahan dan Pentadbiran Tamadun Yunani,summary,Topik ini menerangkan perkembangan sistem pemerintahan Athens dan Sparta.,This topic explains the development of government systems in Athens and Sparta.,,,,,,,
bab6,Bab 6: Peningkatan Tamadun Yunani dan Rom,6-2-peningkatan-pemerintahan-dan-pentadbiran-yunani,6.2 Peningkatan Pemerintahan dan Pentadbiran Tamadun Yunani,fact,"Athens melalui sistem Monarki, Oligarki, Aristokrasi, Tirani, dan Demokrasi.","Athens experienced Monarchy, Oligarchy, Aristocracy, Tyranny, and Democracy.",,,,,,,
bab6,Bab 6: Peningkatan Tamadun Yunani dan Rom,6-2-peningkatan-pemerintahan-dan-pentadbiran-yunani,6.2 Peningkatan Pemerintahan dan Pentadbiran Tamadun Yunani,fact,"Demokrasi Athens melibatkan Dewan Perhimpunan, Majlis 500, Majistret, dan Juri.","Athenian democracy involved the Assembly, Council of 500, Magistrates, and Juries.",,,,,,,
bab6,Bab 6: Peningkatan Tamadun Yunani dan Rom,6-2-peningkatan-pemerintahan-dan-pentadbiran-yunani,6.2 Peningkatan Pemerintahan dan Pentadbiran Tamadun Yunani,fact,Pericles memantapkan demokrasi dengan menekankan kuasa rakyat.,Pericles strengthened democracy by emphasizing the power of citizens.,,,,,,,
bab6,Bab 6: Peningkatan Tamadun Yunani dan Rom,6-2-peningkatan-pemerintahan-dan-pentadbiran-yunani,6.2 Peningkatan Pemerintahan dan Pentadbiran Tamadun Yunani,fact,Sparta mengamalkan monarki terhad yang dipimpin dua raja serta menekankan disiplin ketenteraan dan latihan fizikal.,Sparta practised a limited monarchy led by two kings and emphasized military discipline and physical training.,,,,,,,
bab6,Bab 6: Peningkatan Tamadun Yunani dan Rom,6-2-peningkatan-pemerintahan-dan-pentadbiran-yunani,6.2 Peningkatan Pemerintahan dan Pentadbiran Tamadun Yunani,fact,Athens mengamalkan sistem demokrasi yang membenarkan warganegara lelaki dewasa menyertai perhimpunan (ecclesia).,Athens practised a democracy allowing adult male citizens to take part in the assembly (ecclesia).,,,,,,,
bab6,Bab 6: Peningkatan Tamadun Yunani dan Rom,6-2-peningkatan-pemerintahan-dan-pentadbiran-yunani,6.2 Peningkatan Pemerintahan dan Pentadbiran Tamadun Yunani,fact,Sparta mengamalkan sistem oligarki dan menumpukan latihan ketenteraan yang ketat kepada rakyatnya.,Sparta practised oligarchy and focused on rigorous military training for its people.,,,,,,,
bab6,Bab 6: Peningkatan Tamadun Yunani dan Rom,6-2-peningkatan-pemerintahan-dan-pentadbiran-yunani,6.2 Peningkatan Pemerintahan dan Pentadbiran Tamadun Yunani,person,Beliau memperkukuh amalan demokrasi Athens dengan membenarkan lebih ramai warganegara memegang jawatan awam dan menerima bayaran. Zaman pemerintahannya dikenali sebagai Zaman Kegemilangan Athens dengan pembinaan Parthenon.,"He strengthened Athenian democracy by allowing more citizens to hold public office with payment. His era is known as the Golden Age of Athens, marked by the building of the Parthenon.",,,,,,Pericles,Pemimpin Athens
bab6,Bab 6: Peningkatan Tamadun Yunani dan Rom,6-2-peningkatan-pemerintahan-dan-pentadbiran-yunani,6.2 Peningkatan Pemerintahan dan Pentadbiran Tamadun Yunani,multiple_choice,Sistem pemerintahan yang diamalkan di Athens ialah / The system of government practised in Athens was,,Demokrasi / Democracy,Oligarki / Oligarchy,Monarki mutlak / Absolute monarchy,Teokrasi / Theocracy,Demokrasi / Democracy,,
bab6,Bab 6: Peningkatan Tamadun Yunani dan Rom,6-2-peningkatan-pemerintahan-dan-pentadbiran-yunani,6.2 Peningkatan Pemerintahan dan Pentadbiran Tamadun Yunani,multiple_choice,Perhimpunan warganegara Athens dikenali sebagai / The assembly of Athenian citizens was known as,,Ecclesia,Senat / Senate,Polis,Agora,Ecclesia,,
bab6,Bab 6: Peningkatan Tamadun Yunani dan Rom,6-2-peningkatan-pemerintahan-dan-pentadbiran-yunani,6.2 Peningkatan Pemerintahan dan Pentadbiran Tamadun Yunani,multiple_choice,Sparta terkenal dengan / Sparta was renowned for,,Latihan ketenteraan yang ketat / Rigorous military training,Sistem demokrasi terbuka / An open democratic system,Perdagangan antarabangsa yang luas / Extensive international trade,Pembinaan piramid / Pyramid building,Latihan ketenteraan yang ketat / Rigorous military training,,
bab6,Bab 6: Peningkatan Tamadun Yunani dan Rom,6-2-peningkatan-pemerintahan-dan-pentadbiran-yunani,6.2 Peningkatan Pemerintahan dan Pentadbiran Tamadun Yunani,multiple_choice,Zaman Kegemilangan Athens dikaitkan dengan pemerintahan / The Golden Age of Athens is associated with the leadership of,,Pericles,Hammurabi,Julius Caesar,Asoka,Pericles,,
bab6,Bab 6: Peningkatan Tamadun Yunani dan Rom,6-2-peningkatan-pemerintahan-dan-pentadbiran-yunani,6.2 Peningkatan Pemerintahan dan Pentadbiran Tamadun Yunani,multiple_choice,Kelemahan demokrasi Athens ialah / A weakness of Athenian democracy was that,,Hanya warganegara lelaki dewasa boleh mengundi / Only adult male citizens could vote,Tiada perhimpunan diadakan / No assembly was held,Rakyat tidak dibenarkan bersuara langsung / Citizens could not speak at all,Jawatan awam diwarisi sepenuhnya / Public offices were entirely hereditary,Hanya warganegara lelaki dewasa boleh mengundi / Only adult male citizens could vote,,
bab6,Bab 6: Peningkatan Tamadun Yunani dan Rom,6-2-peningkatan-pemerintahan-dan-pentadbiran-yunani,6.2 Peningkatan Pemerintahan dan Pentadbiran Tamadun Yunani,objective,Bandingkan sistem pemerintahan Athens dan Sparta. / Compare the systems of government in Athens and Sparta.,,,,,,"Athens mengamalkan demokrasi dengan penyertaan warganegara dalam perhimpunan, manakala Sparta mengamalkan oligarki yang dikuasai golongan kecil dan menekankan ketenteraan. / Athens practised democracy with citizen participation in an assembly, while Sparta practised oligarchy dominated by a small group with a military focus.",,
bab6,Bab 6: Peningkatan Tamadun Yunani dan Rom,6-2-peningkatan-pemerintahan-dan-pentadbiran-yunani,6.2 Peningkatan Pemerintahan dan Pentadbiran Tamadun Yunani,objective,Jelaskan sumbangan Pericles kepada demokrasi Athens. / Explain Pericles's contribution to Athenian democracy.,,,,,,Beliau membuka jawatan awam kepada lebih ramai warganegara dan memperkenalkan bayaran bagi jawatan itu supaya golongan biasa juga boleh berkhidmat. / He opened public office to more citizens and introduced payment for those posts so ordinary people could also serve.,,
bab6,Bab 6: Peningkatan Tamadun Yunani dan Rom,6-2-peningkatan-pemerintahan-dan-pentadbiran-yunani,6.2 Peningkatan Pemerintahan dan Pentadbiran Tamadun Yunani,objective,Nyatakan satu kelemahan sistem demokrasi Athens. / State one weakness of Athenian democracy.,,,,,,"Hak mengundi terhad kepada warganegara lelaki dewasa sahaja, manakala wanita, hamba dan orang asing tidak dibenarkan menyertainya. / Voting rights were limited to adult male citizens, while women, slaves and foreigners were excluded.",,
bab6,Bab 6: Peningkatan Tamadun Yunani dan Rom,6-3-tamadun-rom-lokasi-dan-perkembangannya,6.3 Tamadun Rom: Lokasi dan Perkembangannya,summary,"Topik ini menerangkan lokasi, zaman perkembangan, Pax Romana dan struktur masyarakat Tamadun Rom.","This topic explains the location, historical eras, Pax Romana, and social structure of Roman Civilisation.",,,,,,,
bab6,Bab 6: Peningkatan Tamadun Yunani dan Rom,6-3-tamadun-rom-lokasi-dan-perkembangannya,6.3 Tamadun Rom: Lokasi dan Perkembangannya,fact,Tamadun Rom terletak di Lembah Latium berhampiran Sungai Tiber.,Roman Civilisation was located in the Latium Valley near the Tiber River.,,,,,,,
bab6,Bab 6: Peningkatan Tamadun Yunani dan Rom,6-3-tamadun-rom-lokasi-dan-perkembangannya,6.3 Tamadun Rom: Lokasi dan Perkembangannya,fact,"Tiga zaman utama Rom ialah Zaman Beraja, Zaman Republik, dan Zaman Empayar.","The three main Roman eras were the Monarchy, Republic, and Empire eras.",,,,,,,
bab6,Bab 6: Peningkatan Tamadun Yunani dan Rom,6-3-tamadun-rom-lokasi-dan-perkembangannya,6.3 Tamadun Rom: Lokasi dan Perkembangannya,fact,"Pax Romana berlangsung dari 27 SM hingga 180 M dan membawa keamanan selama 200 tahun di Asia, Afrika, dan Eropah.","Pax Romana lasted from 27 BC to AD 180 and brought 200 years of peace across Asia, Africa, and Europe.",,,,,,,
bab6,Bab 6: Peningkatan Tamadun Yunani dan Rom,6-3-tamadun-rom-lokasi-dan-perkembangannya,6.3 Tamadun Rom: Lokasi dan Perkembangannya,fact,"Masyarakat Rom terdiri daripada Patrician, Plebian seperti petani, artisan dan peniaga, serta hamba.","Roman society consisted of Patricians, Plebeians such as farmers, artisans, and traders, and slaves.",,,,,,,
bab6,Bab 6: Peningkatan Tamadun Yunani dan Rom,6-3-tamadun-rom-lokasi-dan-perkembangannya,6.3 Tamadun Rom: Lokasi dan Perkembangannya,fact,Tamadun Rom bermula di Semenanjung Itali di sepanjang Sungai Tiber dan berkembang menjadi empayar yang luas.,Roman civilisation began on the Italian Peninsula along the Tiber River and grew into a vast empire.,,,,,,,
bab6,Bab 6: Peningkatan Tamadun Yunani dan Rom,6-3-tamadun-rom-lokasi-dan-perkembangannya,6.3 Tamadun Rom: Lokasi dan Perkembangannya,fact,Rom berkembang daripada sistem republik kepada sistem empayar yang diperintah oleh maharaja.,Rome developed from a republic into an empire ruled by emperors.,,,,,,,
bab6,Bab 6: Peningkatan Tamadun Yunani dan Rom,6-3-tamadun-rom-lokasi-dan-perkembangannya,6.3 Tamadun Rom: Lokasi dan Perkembangannya,person,"Beliau menamatkan zaman republik dan menjadi maharaja pertama Rom pada tahun 27 SM. Pemerintahannya memulakan Pax Romana, iaitu tempoh keamanan panjang yang membolehkan perdagangan dan pembinaan berkembang pesat.","He ended the republic and became Rome's first emperor in 27 BC. His reign began the Pax Romana, a long peace that let trade and construction flourish.",,,,,,Augustus,Maharaja pertama Rom
bab6,Bab 6: Peningkatan Tamadun Yunani dan Rom,6-3-tamadun-rom-lokasi-dan-perkembangannya,6.3 Tamadun Rom: Lokasi dan Perkembangannya,multiple_choice,Tamadun Rom bermula di sepanjang sungai / Roman civilisation began along the river,,Tiber,Nil / Nile,Euphrates,Danube,Tiber,,
bab6,Bab 6: Peningkatan Tamadun Yunani dan Rom,6-3-tamadun-rom-lokasi-dan-perkembangannya,6.3 Tamadun Rom: Lokasi dan Perkembangannya,multiple_choice,Maharaja pertama Rom ialah / The first Roman emperor was,,Augustus,Julius Caesar,Pericles,Hannibal,Augustus,,
bab6,Bab 6: Peningkatan Tamadun Yunani dan Rom,6-3-tamadun-rom-lokasi-dan-perkembangannya,6.3 Tamadun Rom: Lokasi dan Perkembangannya,multiple_choice,Pax Romana bermaksud / Pax Romana means,,Tempoh keamanan panjang dalam Empayar Rom / A long period of peace in the Roman Empire,Undang-undang perang Rom / Roman laws of war,Dewan perhimpunan rakyat Rom / The Roman popular assembly,Sistem cukai Rom / The Roman tax system,Tempoh keamanan panjang dalam Empayar Rom / A long period of peace in the Roman Empire,,
bab6,Bab 6: Peningkatan Tamadun Yunani dan Rom,6-3-tamadun-rom-lokasi-dan-perkembangannya,6.3 Tamadun Rom: Lokasi dan Perkembangannya,multiple_choice,"Sebelum menjadi empayar, Rom mengamalkan sistem / Before becoming an empire, Rome practised a system of",,Republik / Republic,Demokrasi langsung / Direct democracy,Teokrasi / Theocracy,Feudalisme / Feudalism,Republik / Republic,,
bab6,Bab 6: Peningkatan Tamadun Yunani dan Rom,6-3-tamadun-rom-lokasi-dan-perkembangannya,6.3 Tamadun Rom: Lokasi dan Perkembangannya,multiple_choice,Undang-undang Rom penting kerana ia / Roman law is important because it,,Menjadi asas sistem perundangan banyak negara hari ini / Became the basis of many modern legal systems,Digunakan hanya untuk golongan bangsawan / Applied only to nobles,Melarang perdagangan antara wilayah / Forbade inter-regional trade,Menggantikan sistem tulisan Latin / Replaced the Latin script,Menjadi asas sistem perundangan banyak negara hari ini / Became the basis of many modern legal systems,,
bab6,Bab 6: Peningkatan Tamadun Yunani dan Rom,6-3-tamadun-rom-lokasi-dan-perkembangannya,6.3 Tamadun Rom: Lokasi dan Perkembangannya,objective,Jelaskan perubahan sistem pemerintahan Rom daripada republik kepada empayar. / Explain Rome's change from a republic to an empire.,,,,,,Kuasa yang dikongsi oleh Senat dan pegawai pilihan beralih kepada seorang pemimpin tunggal apabila Augustus menjadi maharaja pertama pada tahun 27 SM. / Power shared by the Senate and elected officials passed to a single ruler when Augustus became the first emperor in 27 BC.,,
bab6,Bab 6: Peningkatan Tamadun Yunani dan Rom,6-3-tamadun-rom-lokasi-dan-perkembangannya,6.3 Tamadun Rom: Lokasi dan Perkembangannya,objective,Apakah maksud Pax Romana dan kesannya? / What was the Pax Romana and its effect?,,,,,,"Pax Romana ialah tempoh keamanan panjang dalam Empayar Rom yang membolehkan perdagangan, pembinaan jalan dan perkembangan bandar berlaku dengan pesat. / The Pax Romana was a long peace in the Roman Empire that allowed trade, road building and urban growth to flourish.",,
bab6,Bab 6: Peningkatan Tamadun Yunani dan Rom,6-3-tamadun-rom-lokasi-dan-perkembangannya,6.3 Tamadun Rom: Lokasi dan Perkembangannya,objective,Nyatakan satu sumbangan Tamadun Rom yang masih digunakan hari ini. / State one Roman contribution still used today.,,,,,,"Sistem undang-undang Rom menjadi asas kepada perundangan moden, termasuk prinsip keadilan dan hak individu. / Roman law became the foundation of modern legal systems, including principles of justice and individual rights.",,
bab6,Bab 6: Peningkatan Tamadun Yunani dan Rom,6-4-peningkatan-seni-bina-rom,6.4 Peningkatan Seni Bina dalam Tamadun Rom,summary,Topik ini menerangkan ciri dan kegunaan binaan utama Tamadun Rom.,This topic explains the features and uses of major Roman architectural works.,,,,,,,
bab6,Bab 6: Peningkatan Tamadun Yunani dan Rom,6-4-peningkatan-seni-bina-rom,6.4 Peningkatan Seni Bina dalam Tamadun Rom,fact,"Seni bina Rom terkenal dengan ketahanan, saiz besar, nilai estetika, kubah, arca, dan penggunaan simen pozzolana.","Roman architecture was known for durability, large scale, aesthetic value, domes, arches, and the use of pozzolana concrete.",,,,,,,
bab6,Bab 6: Peningkatan Tamadun Yunani dan Rom,6-4-peningkatan-seni-bina-rom,6.4 Peningkatan Seni Bina dalam Tamadun Rom,fact,Marco Vitruvius ialah arkitek Rom terkenal yang mengarang buku On Architecture.,Marco Vitruvius was a famous Roman architect who wrote On Architecture.,,,,,,,
bab6,Bab 6: Peningkatan Tamadun Yunani dan Rom,6-4-peningkatan-seni-bina-rom,6.4 Peningkatan Seni Bina dalam Tamadun Rom,fact,"Colosseum digunakan untuk pertandingan gladiator dan boleh memuatkan kira-kira 50,000 orang, manakala Pantheon ialah tempat penyembahan dewa-dewi.","The Colosseum hosted gladiator contests and seated about 50,000 people, while the Pantheon was a temple for worshipping gods.",,,,,,,
bab6,Bab 6: Peningkatan Tamadun Yunani dan Rom,6-4-peningkatan-seni-bina-rom,6.4 Peningkatan Seni Bina dalam Tamadun Rom,fact,"Akueduk membekalkan air ke bandar dan tempat mandi, jalan raya berlapis digunakan untuk tentera dan pengangkutan, manakala tembok mempertahankan empayar.","Aqueducts supplied water to cities and baths, layered roads supported military movement and transport, and walls defended the empire.",,,,,,,
bab6,Bab 6: Peningkatan Tamadun Yunani dan Rom,6-4-peningkatan-seni-bina-rom,6.4 Peningkatan Seni Bina dalam Tamadun Rom,fact,"Rom memperkenalkan penggunaan konkrit, gerbang dan kubah yang membolehkan binaan besar dan kukuh didirikan.","Rome introduced concrete, arches and domes that allowed large, sturdy structures to be built.",,,,,,,
bab6,Bab 6: Peningkatan Tamadun Yunani dan Rom,6-4-peningkatan-seni-bina-rom,6.4 Peningkatan Seni Bina dalam Tamadun Rom,fact,Akueduk dibina untuk mengalirkan air bersih dari pergunungan ke bandar-bandar Rom.,Aqueducts were built to carry clean water from the mountains into Roman cities.,,,,,,,
bab6,Bab 6: Peningkatan Tamadun Yunani dan Rom,6-4-peningkatan-seni-bina-rom,6.4 Peningkatan Seni Bina dalam Tamadun Rom,person,"Beliau menulis 'De Architectura' yang menggariskan tiga prinsip seni bina iaitu kekukuhan, kegunaan dan keindahan. Panduan beliau mempengaruhi reka bentuk bangunan di Eropah selama berabad-abad.","He wrote 'De Architectura', setting out three principles of architecture: strength, utility and beauty. His guidance influenced European building design for centuries.",,,,,,Vitruvius,Arkitek dan jurutera Rom
bab6,Bab 6: Peningkatan Tamadun Yunani dan Rom,6-4-peningkatan-seni-bina-rom,6.4 Peningkatan Seni Bina dalam Tamadun Rom,multiple_choice,Bahan binaan penting yang diperkenalkan oleh Rom ialah / An important building material introduced by Rome was,,Konkrit / Concrete,Kaca tebal / Thick glass,Keluli / Steel,Simen putih moden / Modern white cement,Konkrit / Concrete,,
bab6,Bab 6: Peningkatan Tamadun Yunani dan Rom,6-4-peningkatan-seni-bina-rom,6.4 Peningkatan Seni Bina dalam Tamadun Rom,multiple_choice,Colosseum di Rom digunakan sebagai / The Colosseum in Rome was used as,,Tempat pertunjukan dan pertandingan gladiator / A venue for shows and gladiator contests,Istana maharaja / The emperor's palace,Dewan Senat / The Senate house,Gudang bijirin / A grain warehouse,Tempat pertunjukan dan pertandingan gladiator / A venue for shows and gladiator contests,,
bab6,Bab 6: Peningkatan Tamadun Yunani dan Rom,6-4-peningkatan-seni-bina-rom,6.4 Peningkatan Seni Bina dalam Tamadun Rom,multiple_choice,Akueduk Rom berfungsi untuk / Roman aqueducts functioned to,,Mengalirkan air bersih ke bandar / Carry clean water into cities,Menghubungkan dua benua / Connect two continents,Menyimpan hasil pertanian / Store farm produce,Menahan serangan tentera / Repel military attacks,Mengalirkan air bersih ke bandar / Carry clean water into cities,,
bab6,Bab 6: Peningkatan Tamadun Yunani dan Rom,6-4-peningkatan-seni-bina-rom,6.4 Peningkatan Seni Bina dalam Tamadun Rom,multiple_choice,Tiga prinsip seni bina menurut Vitruvius ialah / Vitruvius's three principles of architecture were,,"Kekukuhan, kegunaan dan keindahan / Strength, utility and beauty","Kelajuan, kos dan saiz / Speed, cost and size","Warna, bunyi dan cahaya / Colour, sound and light","Ketinggian, keluasan dan kedalaman / Height, width and depth","Kekukuhan, kegunaan dan keindahan / Strength, utility and beauty",,
bab6,Bab 6: Peningkatan Tamadun Yunani dan Rom,6-4-peningkatan-seni-bina-rom,6.4 Peningkatan Seni Bina dalam Tamadun Rom,multiple_choice,Gerbang dan kubah penting dalam seni bina Rom kerana / Arches and domes were important in Roman architecture because they,,Membolehkan bangunan besar menampung berat dengan lebih baik / Allowed large buildings to bear weight better,Menjimatkan penggunaan air / Saved water,Memudahkan bangunan dirobohkan / Made buildings easy to demolish,Menghalang cahaya matahari sepenuhnya / Blocked sunlight completely,Membolehkan bangunan besar menampung berat dengan lebih baik / Allowed large buildings to bear weight better,,
bab6,Bab 6: Peningkatan Tamadun Yunani dan Rom,6-4-peningkatan-seni-bina-rom,6.4 Peningkatan Seni Bina dalam Tamadun Rom,objective,Nyatakan dua ciri seni bina Tamadun Rom. / State two features of Roman architecture.,,,,,,"Penggunaan gerbang dan kubah untuk menampung beban, serta penggunaan konkrit yang membolehkan binaan besar seperti Colosseum dan Pantheon. / The use of arches and domes to bear loads, and of concrete which made large structures such as the Colosseum and Pantheon possible.",,
bab6,Bab 6: Peningkatan Tamadun Yunani dan Rom,6-4-peningkatan-seni-bina-rom,6.4 Peningkatan Seni Bina dalam Tamadun Rom,objective,Jelaskan kepentingan akueduk kepada masyarakat Rom. / Explain the importance of aqueducts to Roman society.,,,,,,"Akueduk membekalkan air bersih dari pergunungan ke bandar untuk kegunaan harian, tempat mandi awam dan kebersihan, lalu meningkatkan kesihatan penduduk. / Aqueducts supplied clean mountain water to cities for daily use, public baths and sanitation, improving public health.",,
bab6,Bab 6: Peningkatan Tamadun Yunani dan Rom,6-4-peningkatan-seni-bina-rom,6.4 Peningkatan Seni Bina dalam Tamadun Rom,objective,Bagaimanakah seni bina Rom mempengaruhi bangunan moden? / How has Roman architecture influenced modern buildings?,,,,,,"Ciri seperti gerbang, kubah, tiang dan penggunaan konkrit masih digunakan dalam bangunan kerajaan, stadium dan tempat awam hari ini. / Features such as arches, domes, columns and concrete are still used in government buildings, stadiums and public spaces today.",,
bab7,Bab 7: Peningkatan Tamadun India dan China,7-1-tamadun-india,7.1 Tamadun India,summary,Topik ini menerangkan perluasan kuasa secara fizikal dan keagamaan dalam Tamadun India.,This topic explains physical and religious expansion of power in Indian Civilisation.,,,,,,,
bab7,Bab 7: Peningkatan Tamadun India dan China,7-1-tamadun-india,7.1 Tamadun India,fact,Perluasan kuasa ialah usaha kerajaan atau raja untuk menguasai dan memperluas pengaruh di sesebuah kawasan.,Expansion of power is the effort of a kingdom or ruler to control and expand influence in a region.,,,,,,,
bab7,Bab 7: Peningkatan Tamadun India dan China,7-1-tamadun-india,7.1 Tamadun India,fact,"Faktor perluasan kuasa termasuk kekuatan ketenteraan, dasar pemerintahan, sumber manusia, diplomasi keagamaan, dan kewangan.","Factors of expansion include military strength, government policy, human resources, religious diplomacy, and finance.",,,,,,,
bab7,Bab 7: Peningkatan Tamadun India dan China,7-1-tamadun-india,7.1 Tamadun India,fact,"Dinasti Nanda, Maurya dan Gupta memperluas kuasa secara fizikal; Pataliputra menjadi pusat pemerintahan utama.","The Nanda, Maurya, and Gupta Dynasties expanded physically; Pataliputra was a main administrative centre.",,,,,,,
bab7,Bab 7: Peningkatan Tamadun India dan China,7-1-tamadun-india,7.1 Tamadun India,fact,"Selepas Perang Kalinga, Maharaja Asoka menyebarkan agama Buddha melalui Tiang Asoka dan misi ke beberapa wilayah.","After the Kalinga War, Emperor Asoka spread Buddhism through the Pillars of Asoka and missions to several regions.",,,,,,,
bab7,Bab 7: Peningkatan Tamadun India dan China,7-1-tamadun-india,7.1 Tamadun India,fact,"Zaman Gupta dikenali sebagai zaman keemasan agama Hindu, dan Raja Samudragupta digelar Kaviraja.","The Gupta Period was known as the golden age of Hinduism, and King Samudragupta was called Kaviraja.",,,,,,,
bab7,Bab 7: Peningkatan Tamadun India dan China,7-1-tamadun-india,7.1 Tamadun India,fact,Tamadun India berkembang daripada Tamadun Indus kepada zaman Vedik dan seterusnya Empayar Maurya serta Gupta.,Indian civilisation developed from the Indus Civilisation through the Vedic period to the Maurya and Gupta empires.,,,,,,,
bab7,Bab 7: Peningkatan Tamadun India dan China,7-1-tamadun-india,7.1 Tamadun India,fact,"Sumbangan Tamadun India termasuk sistem nombor termasuk konsep sifar, dan angka yang menjadi asas angka moden.","Indian contributions include a number system with the concept of zero, the basis of modern numerals.",,,,,,,
bab7,Bab 7: Peningkatan Tamadun India dan China,7-1-tamadun-india,7.1 Tamadun India,person,"Selepas Perang Kalinga, beliau memeluk agama Buddha dan memerintah dengan prinsip aman serta kebajikan rakyat. Beliau mengukir titah pada tiang batu dan membina stupa, hospital serta jalan di seluruh empayar.","After the Kalinga War he embraced Buddhism and ruled on principles of peace and public welfare. He inscribed edicts on stone pillars and built stupas, hospitals and roads across the empire.",,,,,,Asoka,Maharaja Empayar Maurya
bab7,Bab 7: Peningkatan Tamadun India dan China,7-1-tamadun-india,7.1 Tamadun India,multiple_choice,Empayar Maurya diperintah oleh maharaja terkenal iaitu / The Maurya Empire was ruled by the famous emperor,,Asoka,Chandragupta II sahaja / Chandragupta II only,Qin Shi Huang,Darius,Asoka,,
bab7,Bab 7: Peningkatan Tamadun India dan China,7-1-tamadun-india,7.1 Tamadun India,multiple_choice,"Selepas Perang Kalinga, Asoka / After the Kalinga War, Asoka",,Memeluk agama Buddha dan memerintah secara aman / Embraced Buddhism and ruled peacefully,Menakluki seluruh China / Conquered all of China,Menghapuskan sistem pentadbiran / Abolished the administrative system,Berpindah ke Parsi / Moved to Persia,Memeluk agama Buddha dan memerintah secara aman / Embraced Buddhism and ruled peacefully,,
bab7,Bab 7: Peningkatan Tamadun India dan China,7-1-tamadun-india,7.1 Tamadun India,multiple_choice,Sumbangan matematik Tamadun India yang penting ialah / An important Indian mathematical contribution was,,Konsep sifar dan sistem angka / The concept of zero and the numeral system,Sistem nombor asas 60 / The base-60 number system,Kalendar 365 hari / The 365-day calendar,Abakus / The abacus,Konsep sifar dan sistem angka / The concept of zero and the numeral system,,
bab7,Bab 7: Peningkatan Tamadun India dan China,7-1-tamadun-india,7.1 Tamadun India,multiple_choice,Zaman Gupta sering digelar / The Gupta period is often called,,Zaman Kegemilangan Tamadun India / The Golden Age of Indian civilisation,Zaman Kegelapan India / India's Dark Age,Zaman Prasejarah India / India's prehistoric era,Zaman Penjajahan India / India's colonial era,Zaman Kegemilangan Tamadun India / The Golden Age of Indian civilisation,,
bab7,Bab 7: Peningkatan Tamadun India dan China,7-1-tamadun-india,7.1 Tamadun India,multiple_choice,Stupa dalam seni bina India berfungsi sebagai / A stupa in Indian architecture served as,,Binaan keagamaan Buddha untuk menyimpan peninggalan suci / A Buddhist religious structure housing sacred relics,Kubu pertahanan tentera / A military fortress,Pasar perdagangan utama / A main trading market,Istana maharaja / An emperor's palace,Binaan keagamaan Buddha untuk menyimpan peninggalan suci / A Buddhist religious structure housing sacred relics,,
bab7,Bab 7: Peningkatan Tamadun India dan China,7-1-tamadun-india,7.1 Tamadun India,objective,Nyatakan dua sumbangan Tamadun India kepada dunia. / State two contributions of Indian civilisation to the world.,,,,,,"Sistem angka termasuk konsep sifar yang menjadi asas matematik moden, dan perkembangan agama Buddha serta Hindu yang tersebar ke Asia. / The numeral system including zero, the basis of modern mathematics, and the spread of Buddhism and Hinduism across Asia.",,
bab7,Bab 7: Peningkatan Tamadun India dan China,7-1-tamadun-india,7.1 Tamadun India,objective,Jelaskan perubahan pemerintahan Asoka selepas Perang Kalinga. / Explain the change in Asoka's rule after the Kalinga War.,,,,,,"Beliau berhenti berperang, memeluk agama Buddha dan menumpukan pemerintahan kepada kebajikan rakyat seperti membina hospital, jalan dan perigi. / He ceased warfare, embraced Buddhism and focused his rule on public welfare, building hospitals, roads and wells.",,
bab7,Bab 7: Peningkatan Tamadun India dan China,7-1-tamadun-india,7.1 Tamadun India,objective,Bagaimanakah agama mempengaruhi seni bina Tamadun India? / How did religion influence Indian architecture?,,,,,,Kepercayaan Hindu dan Buddha melahirkan binaan seperti kuil dan stupa yang dihiasi ukiran bermotif keagamaan. / Hindu and Buddhist beliefs produced structures such as temples and stupas decorated with religious carvings.,,
bab7,Bab 7: Peningkatan Tamadun India dan China,7-2-tamadun-china,7.2 Tamadun China,summary,"Topik ini menerangkan perkembangan dinasti Qin dan Han, pendidikan, serta peperiksaan perkhidmatan awam Tamadun China.","This topic explains the Qin and Han Dynasties, education, and civil service examinations in Chinese Civilisation.",,,,,,,
bab7,Bab 7: Peningkatan Tamadun India dan China,7-2-tamadun-china,7.2 Tamadun China,fact,Tamadun China bermula di Lembah Sungai Huang He.,Chinese Civilisation began in the Huang He River Valley.,,,,,,,
bab7,Bab 7: Peningkatan Tamadun India dan China,7-2-tamadun-china,7.2 Tamadun China,fact,"Maharaja Shi Huangdi daripada Dinasti Qin menyatukan China, menyeragamkan tulisan serta unit timbang dan sukat, dan membina Tembok Besar.","Emperor Shi Huangdi of the Qin Dynasty unified China, standardized writing, weights and measures, and built the Great Wall.",,,,,,,
bab7,Bab 7: Peningkatan Tamadun India dan China,7-2-tamadun-china,7.2 Tamadun China,fact,Dinasti Han diasaskan oleh Liu Bang; zaman Maharaja Han Wu Di menyaksikan pembukaan Laluan Sutera dan pelaksanaan peperiksaan awam.,The Han Dynasty was founded by Liu Bang; Emperor Han Wu Di's reign saw the opening of the Silk Road and civil service examinations.,,,,,,,
bab7,Bab 7: Peningkatan Tamadun India dan China,7-2-tamadun-china,7.2 Tamadun China,fact,"Pendidikan merangkumi peringkat rendah, menengah dan tinggi serta berasaskan teks suci dan ajaran Konfusianisme.","Education included primary, secondary, and higher levels and was based on sacred texts and Confucian teachings.",,,,,,,
bab7,Bab 7: Peningkatan Tamadun India dan China,7-2-tamadun-china,7.2 Tamadun China,fact,"Peperiksaan perkhidmatan awam terdiri daripada Xiucai, Juren dan Jinshi; ia ketat, kompetitif, dan terbuka kepada lelaki tanpa mengira latar belakang.","Civil service examinations consisted of Xiucai, Juren, and Jinshi; they were strict, competitive, and open to males regardless of background.",,,,,,,
bab7,Bab 7: Peningkatan Tamadun India dan China,7-2-tamadun-china,7.2 Tamadun China,fact,"Tamadun China berkembang melalui beberapa dinasti termasuk Shang, Zhou, Qin, Han dan Tang.","Chinese civilisation developed through dynasties including the Shang, Zhou, Qin, Han and Tang.",,,,,,,
bab7,Bab 7: Peningkatan Tamadun India dan China,7-2-tamadun-china,7.2 Tamadun China,fact,"Sumbangan Tamadun China termasuk kertas, kompas, serbuk letupan dan teknik percetakan.","Chinese contributions include paper, the compass, gunpowder and printing techniques.",,,,,,,
bab7,Bab 7: Peningkatan Tamadun India dan China,7-2-tamadun-china,7.2 Tamadun China,person,"Beliau menyatukan China pada tahun 221 SM dan menyeragamkan tulisan, mata wang serta sukatan timbang. Beliau juga mengarahkan penyambungan tembok pertahanan yang menjadi asas Tembok Besar China.","He unified China in 221 BC and standardised writing, currency and weights and measures. He also ordered defensive walls to be linked, forming the basis of the Great Wall of China.",,,,,,Qin Shi Huang,Maharaja pertama China
bab7,Bab 7: Peningkatan Tamadun India dan China,7-2-tamadun-china,7.2 Tamadun China,multiple_choice,Maharaja yang menyatukan China pada tahun 221 SM ialah / The emperor who unified China in 221 BC was,,Qin Shi Huang,Asoka,Confucius,Han Wudi,Qin Shi Huang,,
bab7,Bab 7: Peningkatan Tamadun India dan China,7-2-tamadun-china,7.2 Tamadun China,multiple_choice,Antara sumbangan Tamadun China kepada dunia ialah / Among Chinese civilisation's contributions to the world is,,Kertas dan kompas / Paper and the compass,Kod undang-undang Hammurabi / The Code of Hammurabi,Sistem demokrasi / The democratic system,Piramid batu / Stone pyramids,Kertas dan kompas / Paper and the compass,,
bab7,Bab 7: Peningkatan Tamadun India dan China,7-2-tamadun-china,7.2 Tamadun China,multiple_choice,Ajaran Confucius menekankan / Confucian teaching emphasised,,"Nilai moral, hormat kepada keluarga dan ketaatan sosial / Moral values, respect for family and social order",Pemerintahan tanpa undang-undang / Rule without law,Peperangan sebagai jalan penyelesaian / War as a solution,Penolakan terhadap pendidikan / Rejection of education,"Nilai moral, hormat kepada keluarga dan ketaatan sosial / Moral values, respect for family and social order",,
bab7,Bab 7: Peningkatan Tamadun India dan China,7-2-tamadun-china,7.2 Tamadun China,multiple_choice,Tembok Besar China dibina terutamanya untuk / The Great Wall of China was built mainly to,,Mempertahankan wilayah daripada serangan dari utara / Defend the realm from northern attacks,Menyimpan hasil pertanian / Store farm produce,Menghubungkan pelabuhan perdagangan / Link trading ports,Mengalirkan air ke bandar / Carry water to cities,Mempertahankan wilayah daripada serangan dari utara / Defend the realm from northern attacks,,
bab7,Bab 7: Peningkatan Tamadun India dan China,7-2-tamadun-china,7.2 Tamadun China,multiple_choice,Sistem peperiksaan awam dalam Tamadun China bertujuan untuk / The civil examination system in Chinese civilisation aimed to,,Memilih pegawai berdasarkan ilmu dan kebolehan / Select officials based on knowledge and ability,Memilih pegawai berdasarkan keturunan sahaja / Select officials by lineage alone,Menentukan pemimpin tentera sahaja / Choose only military leaders,Mengagihkan tanah kepada rakyat / Distribute land to the people,Memilih pegawai berdasarkan ilmu dan kebolehan / Select officials based on knowledge and ability,,
bab7,Bab 7: Peningkatan Tamadun India dan China,7-2-tamadun-china,7.2 Tamadun China,objective,Nyatakan dua sumbangan Tamadun China kepada dunia. / State two contributions of Chinese civilisation to the world.,,,,,,"Penciptaan kertas yang memudahkan penyebaran ilmu, dan kompas yang membantu pelayaran serta penerokaan. / The invention of paper, which eased the spread of knowledge, and the compass, which aided navigation and exploration.",,
bab7,Bab 7: Peningkatan Tamadun India dan China,7-2-tamadun-china,7.2 Tamadun China,objective,Jelaskan langkah penyeragaman yang dilakukan oleh Qin Shi Huang. / Explain the standardisation carried out by Qin Shi Huang.,,,,,,"Beliau menyeragamkan tulisan, mata wang, sukatan timbang dan lebar roda kereta supaya pentadbiran dan perdagangan lebih mudah di seluruh empayar. / He standardised writing, currency, weights and measures and cart axle widths so administration and trade were easier across the empire.",,
bab7,Bab 7: Peningkatan Tamadun India dan China,7-2-tamadun-china,7.2 Tamadun China,objective,Mengapakah ajaran Confucius penting kepada masyarakat China? / Why was Confucian teaching important to Chinese society?,,,,,,"Ajarannya menetapkan nilai moral, hormat kepada keluarga dan tanggungjawab pemerintah, lalu menjadi asas keharmonian dan pentadbiran masyarakat. / His teaching set out moral values, respect for family and the duties of rulers, forming the basis of social harmony and administration.",,
bab8,Bab 8: Tamadun Islam,8-1-latar-belakang-masyarakat-arab,8.1 Latar Belakang Masyarakat Arab Sebelum Kedatangan Islam,summary,"Topik ini membincangkan masyarakat Arab sebelum Islam, termasuk kehidupan padang pasir, agama, adat, dan kehidupan seharian.","This topic discusses Arab society before Islam, including desert life, religion, customs, and daily life.",,,,,,,
bab8,Bab 8: Tamadun Islam,8-1-latar-belakang-masyarakat-arab,8.1 Latar Belakang Masyarakat Arab Sebelum Kedatangan Islam,fact,Masyarakat Arab hidup dalam persekitaran padang pasir dengan gaya hidup nomad dan kampung.,Arab society lived in a desert environment with nomadic and village lifestyles.,,,,,,,
bab8,Bab 8: Tamadun Islam,8-1-latar-belakang-masyarakat-arab,8.1 Latar Belakang Masyarakat Arab Sebelum Kedatangan Islam,fact,"Mereka mengamalkan pelbagai kepercayaan, termasuk penyembahan berhala dan tradisi lisan.","They practiced various beliefs, including idol worship and oral traditions.",,,,,,,
bab8,Bab 8: Tamadun Islam,8-1-latar-belakang-masyarakat-arab,8.1 Latar Belakang Masyarakat Arab Sebelum Kedatangan Islam,fact,"Adat dan kehidupan seharian menekankan nilai kekeluargaan, maruah, dan perdagangan.","Their customs and daily life emphasized family, honor, and trade.",,,,,,,
bab8,Bab 8: Tamadun Islam,8-1-latar-belakang-masyarakat-arab,8.1 Latar Belakang Masyarakat Arab Sebelum Kedatangan Islam,fact,Kebudayaan mereka dipengaruhi oleh iklim padang pasir dan hubungan dengan suku-suku lain.,Their culture was shaped by the desert climate and relations with other tribes.,,,,,,,
bab8,Bab 8: Tamadun Islam,8-1-latar-belakang-masyarakat-arab,8.1 Latar Belakang Masyarakat Arab Sebelum Kedatangan Islam,fact,Keadaan masyarakat ini menyediakan latar untuk kemunculan Islam.,These conditions provided the background for the emergence of Islam.,,,,,,,
bab8,Bab 8: Tamadun Islam,8-1-latar-belakang-masyarakat-arab,8.1 Latar Belakang Masyarakat Arab Sebelum Kedatangan Islam,fact,Zaman sebelum kedatangan Islam dikenali sebagai Zaman Jahiliah kerana masyarakatnya jahil tentang ajaran tauhid.,The era before Islam is known as the Age of Jahiliyyah because society was ignorant of monotheistic teaching.,,,,,,,
bab8,Bab 8: Tamadun Islam,8-1-latar-belakang-masyarakat-arab,8.1 Latar Belakang Masyarakat Arab Sebelum Kedatangan Islam,fact,"Masyarakat Arab Jahiliah menyembah berhala, mengamalkan perhambaan dan sering berperang antara kabilah.","Jahiliyyah Arab society worshipped idols, practised slavery and often fought between tribes.",,,,,,,
bab8,Bab 8: Tamadun Islam,8-1-latar-belakang-masyarakat-arab,8.1 Latar Belakang Masyarakat Arab Sebelum Kedatangan Islam,person,"Beliau merupakan antara penyair paling terkenal sebelum kedatangan Islam dan karyanya tergolong dalam kumpulan al-Mu'allaqat. Puisinya menjadi sumber penting tentang nilai, adat dan kehidupan masyarakat Arab ketika itu.","He was among the most celebrated poets before Islam and his work is counted among the Mu'allaqat. His poetry is an important source on the values, customs and life of Arab society then.",,,,,,Imru' al-Qais,Penyair Arab zaman Jahiliah
bab8,Bab 8: Tamadun Islam,8-1-latar-belakang-masyarakat-arab,8.1 Latar Belakang Masyarakat Arab Sebelum Kedatangan Islam,multiple_choice,Zaman sebelum kedatangan Islam di Tanah Arab dikenali sebagai / The era before Islam in Arabia is known as,,Zaman Jahiliah / The Age of Jahiliyyah,Zaman Khulafa al-Rasyidin,Zaman Abbasiyah / The Abbasid era,Zaman Umayyah / The Umayyad era,Zaman Jahiliah / The Age of Jahiliyyah,,
bab8,Bab 8: Tamadun Islam,8-1-latar-belakang-masyarakat-arab,8.1 Latar Belakang Masyarakat Arab Sebelum Kedatangan Islam,multiple_choice,Antara ciri masyarakat Arab Jahiliah ialah / A feature of Jahiliyyah Arab society was,,Menyembah berhala dan berperang antara kabilah / Idol worship and inter-tribal warfare,Mengamalkan sistem demokrasi / Practising democracy,Menyembah satu tuhan sahaja / Worshipping one God only,Mengharamkan perhambaan / Prohibiting slavery,Menyembah berhala dan berperang antara kabilah / Idol worship and inter-tribal warfare,,
bab8,Bab 8: Tamadun Islam,8-1-latar-belakang-masyarakat-arab,8.1 Latar Belakang Masyarakat Arab Sebelum Kedatangan Islam,multiple_choice,Kegiatan ekonomi utama masyarakat Arab sebelum Islam ialah / The main economic activity of pre-Islamic Arabs was,,Perdagangan dan penternakan / Trade and animal herding,Perlombongan emas / Gold mining,Perikanan laut dalam / Deep-sea fishing,Perindustrian tekstil / Textile manufacturing,Perdagangan dan penternakan / Trade and animal herding,,
bab8,Bab 8: Tamadun Islam,8-1-latar-belakang-masyarakat-arab,8.1 Latar Belakang Masyarakat Arab Sebelum Kedatangan Islam,multiple_choice,Kabilah penting yang menjaga Kaabah di Makkah sebelum Islam ialah / The important tribe guarding the Kaabah in Mecca before Islam was,,Quraisy / Quraysh,Aus,Khazraj,Ghassan,Quraisy / Quraysh,,
bab8,Bab 8: Tamadun Islam,8-1-latar-belakang-masyarakat-arab,8.1 Latar Belakang Masyarakat Arab Sebelum Kedatangan Islam,multiple_choice,Puisi Arab zaman Jahiliah penting sebagai / Jahiliyyah Arab poetry is important as,,Sumber sejarah tentang nilai dan adat masyarakat ketika itu / A historical source on the values and customs of that society,Kitab undang-undang rasmi / An official law code,Rekod cukai perdagangan / Trade tax records,Peta laluan perdagangan / A map of trade routes,Sumber sejarah tentang nilai dan adat masyarakat ketika itu / A historical source on the values and customs of that society,,
bab8,Bab 8: Tamadun Islam,8-1-latar-belakang-masyarakat-arab,8.1 Latar Belakang Masyarakat Arab Sebelum Kedatangan Islam,objective,Nyatakan dua ciri masyarakat Arab pada Zaman Jahiliah. / State two features of Arab society in the Age of Jahiliyyah.,,,,,,"Mereka menyembah berhala dan tidak mengenal ajaran tauhid, serta sering berperang sesama kabilah kerana semangat assabiah. / They worshipped idols and did not know monotheism, and often fought between tribes out of tribal loyalty.",,
bab8,Bab 8: Tamadun Islam,8-1-latar-belakang-masyarakat-arab,8.1 Latar Belakang Masyarakat Arab Sebelum Kedatangan Islam,objective,Mengapakah zaman sebelum Islam digelar Zaman Jahiliah? / Why is the era before Islam called the Age of Jahiliyyah?,,,,,,"Kerana masyarakatnya jahil tentang ajaran tauhid dan akhlak yang benar, walaupun mereka mahir dalam bidang seperti puisi dan perdagangan. / Because society was ignorant of monotheism and true morality, even though it excelled in fields such as poetry and trade.",,
bab8,Bab 8: Tamadun Islam,8-1-latar-belakang-masyarakat-arab,8.1 Latar Belakang Masyarakat Arab Sebelum Kedatangan Islam,objective,Jelaskan kepentingan Makkah kepada masyarakat Arab sebelum Islam. / Explain the importance of Mecca to Arabs before Islam.,,,,,,"Makkah menjadi pusat perdagangan dan tempat kunjungan kerana terdapat Kaabah, menjadikannya tumpuan kabilah dari seluruh Tanah Arab. / Mecca was a trading hub and place of pilgrimage because of the Kaabah, drawing tribes from across Arabia.",,
bab8,Bab 8: Tamadun Islam,8-2-kemunculan-perkembangan-tamadun-islam,8.2 Kemunculan dan Perkembangan Tamadun Islam,summary,Topik ini menerangkan kemunculan Islam dan perkembangan tamadun Islam melalui zaman Khalifah dan kerajaan besar.,This topic explains the emergence of Islam and the development of Islamic civilization through the eras of caliphs and great empires.,,,,,,,
bab8,Bab 8: Tamadun Islam,8-2-kemunculan-perkembangan-tamadun-islam,8.2 Kemunculan dan Perkembangan Tamadun Islam,fact,Islam mula berkembang di Jazirah Arab dan bertapak semasa era Khulafa ar-Rashidin.,Islam began to grow in the Arabian Peninsula and took root during the Rashidun Caliphate.,,,,,,,
bab8,Bab 8: Tamadun Islam,8-2-kemunculan-perkembangan-tamadun-islam,8.2 Kemunculan dan Perkembangan Tamadun Islam,fact,Abu Bakar al-Siddiq mengukuhkan umat Islam selepas kewafatan Nabi Muhammad SAW.,Abu Bakr al-Siddiq strengthened the Muslim community after the Prophet Muhammad SAW passed away.,,,,,,,
bab8,Bab 8: Tamadun Islam,8-2-kemunculan-perkembangan-tamadun-islam,8.2 Kemunculan dan Perkembangan Tamadun Islam,fact,Zaman Umar dan Uthman menyaksikan perkembangan wilayah melalui penaklukan dan pentadbiran.,The eras of Umar and Uthman saw territorial expansion through conquest and administration.,,,,,,,
bab8,Bab 8: Tamadun Islam,8-2-kemunculan-perkembangan-tamadun-islam,8.2 Kemunculan dan Perkembangan Tamadun Islam,fact,"Daulah Umaiyah meluaskan Islam hingga ke Sepanyol, manakala Abbasiyah berkembang hingga Transoxania.","The Umayyad Caliphate expanded Islam to Spain, while the Abbasid Caliphate reached Transoxania.",,,,,,,
bab8,Bab 8: Tamadun Islam,8-2-kemunculan-perkembangan-tamadun-islam,8.2 Kemunculan dan Perkembangan Tamadun Islam,fact,Tamadun Islam mula membina pusat intelektual dan ilmu pengetahuan.,Islamic civilization began to establish intellectual centers and scholarship.,,,,,,,
bab8,Bab 8: Tamadun Islam,8-2-kemunculan-perkembangan-tamadun-islam,8.2 Kemunculan dan Perkembangan Tamadun Islam,fact,Islam disebarkan di Makkah secara rahsia selama tiga tahun sebelum dilakukan secara terbuka.,Islam was spread secretly in Mecca for three years before being preached openly.,,,,,,,
bab8,Bab 8: Tamadun Islam,8-2-kemunculan-perkembangan-tamadun-islam,8.2 Kemunculan dan Perkembangan Tamadun Islam,fact,Hijrah ke Madinah pada tahun 622 Masihi menjadi titik permulaan kalendar Hijrah dan pembinaan negara Islam.,The migration to Medina in 622 CE marks the start of the Hijri calendar and the founding of the Islamic state.,,,,,,,
bab8,Bab 8: Tamadun Islam,8-2-kemunculan-perkembangan-tamadun-islam,8.2 Kemunculan dan Perkembangan Tamadun Islam,person,"Beliau memperluas wilayah Islam ke Parsi, Syam dan Mesir serta memperkenalkan sistem pentadbiran wilayah, perbendaharaan negara (Baitulmal) dan kalendar Hijrah. Pemerintahannya menyusun asas pentadbiran negara Islam yang tersusun.","He expanded Islamic territory into Persia, Syria and Egypt and introduced provincial administration, the state treasury (Baitulmal) and the Hijri calendar. His rule laid an organised administrative foundation for the Islamic state.",,,,,,Umar al-Khattab,Khalifah kedua Islam
bab8,Bab 8: Tamadun Islam,8-2-kemunculan-perkembangan-tamadun-islam,8.2 Kemunculan dan Perkembangan Tamadun Islam,multiple_choice,Hijrah Nabi Muhammad SAW ke Madinah berlaku pada tahun / The Prophet Muhammad's migration to Medina took place in,,622 Masihi / 622 CE,570 Masihi / 570 CE,632 Masihi / 632 CE,610 Masihi / 610 CE,622 Masihi / 622 CE,,
bab8,Bab 8: Tamadun Islam,8-2-kemunculan-perkembangan-tamadun-islam,8.2 Kemunculan dan Perkembangan Tamadun Islam,multiple_choice,Piagam Madinah penting kerana ia / The Charter of Medina is important because it,,Menjadi perlembagaan bertulis yang mengatur hubungan pelbagai kaum dan agama / Was a written constitution governing relations between different peoples and faiths,Mengisytiharkan perang terhadap semua kabilah / Declared war on all tribes,Menetapkan kadar cukai perdagangan sahaja / Set only trade tax rates,Melarang perdagangan di Madinah / Banned trade in Medina,Menjadi perlembagaan bertulis yang mengatur hubungan pelbagai kaum dan agama / Was a written constitution governing relations between different peoples and faiths,,
bab8,Bab 8: Tamadun Islam,8-2-kemunculan-perkembangan-tamadun-islam,8.2 Kemunculan dan Perkembangan Tamadun Islam,multiple_choice,Khalifah pertama selepas kewafatan Nabi Muhammad SAW ialah / The first caliph after the Prophet Muhammad's passing was,,Abu Bakar al-Siddiq,Umar al-Khattab,Uthman bin Affan,Ali bin Abi Talib,Abu Bakar al-Siddiq,,
bab8,Bab 8: Tamadun Islam,8-2-kemunculan-perkembangan-tamadun-islam,8.2 Kemunculan dan Perkembangan Tamadun Islam,multiple_choice,Kalendar Hijrah diperkenalkan pada zaman pemerintahan / The Hijri calendar was introduced during the rule of,,Umar al-Khattab,Abu Bakar al-Siddiq,Ali bin Abi Talib,Muawiyah,Umar al-Khattab,,
bab8,Bab 8: Tamadun Islam,8-2-kemunculan-perkembangan-tamadun-islam,8.2 Kemunculan dan Perkembangan Tamadun Islam,multiple_choice,Baitulmal dalam pentadbiran Islam berfungsi sebagai / The Baitulmal in Islamic administration functioned as,,Perbendaharaan negara untuk menguruskan harta dan kebajikan rakyat / A state treasury managing wealth and public welfare,Pusat latihan tentera / A military training centre,Dewan perhimpunan rakyat / A popular assembly hall,Sekolah pengajian bahasa / A language school,Perbendaharaan negara untuk menguruskan harta dan kebajikan rakyat / A state treasury managing wealth and public welfare,,
bab8,Bab 8: Tamadun Islam,8-2-kemunculan-perkembangan-tamadun-islam,8.2 Kemunculan dan Perkembangan Tamadun Islam,objective,Jelaskan kepentingan peristiwa Hijrah ke Madinah. / Explain the importance of the migration to Medina.,,,,,,"Hijrah membolehkan umat Islam membina masyarakat dan negara Islam yang aman di Madinah, serta menjadi titik permulaan kalendar Hijrah. / The Hijrah allowed Muslims to build a peaceful society and Islamic state in Medina, and marks the start of the Hijri calendar.",,
bab8,Bab 8: Tamadun Islam,8-2-kemunculan-perkembangan-tamadun-islam,8.2 Kemunculan dan Perkembangan Tamadun Islam,objective,Nyatakan dua isi penting Piagam Madinah. / State two key contents of the Charter of Medina.,,,,,,Ia menetapkan kebebasan beragama bagi semua penduduk dan menyatukan mereka untuk mempertahankan Madinah daripada serangan luar. / It guaranteed freedom of religion for all residents and united them to defend Medina against outside attack.,,
bab8,Bab 8: Tamadun Islam,8-2-kemunculan-perkembangan-tamadun-islam,8.2 Kemunculan dan Perkembangan Tamadun Islam,objective,Nyatakan dua sumbangan pentadbiran Khalifah Umar al-Khattab. / State two administrative contributions of Caliph Umar al-Khattab.,,,,,,Beliau memperkenalkan pembahagian wilayah dengan gabenor serta menubuhkan Baitulmal untuk menguruskan kewangan negara. / He introduced provincial divisions with governors and established the Baitulmal to manage state finances.,,
bab8,Bab 8: Tamadun Islam,8-3-ketokohan-nabi-muhammad-sa,8.3 Ketokohan Nabi Muhammad SAW sebagai Pemimpin,summary,"Topik ini menyorot peranan Nabi Muhammad SAW sebagai pemimpin negara, masyarakat dan tentera dalam sejarah Islam awal.","This topic highlights the role of Prophet Muhammad SAW as a state, community, and military leader in early Islamic history.",,,,,,,
bab8,Bab 8: Tamadun Islam,8-3-ketokohan-nabi-muhammad-sa,8.3 Ketokohan Nabi Muhammad SAW sebagai Pemimpin,fact,"Nabi Muhammad SAW diiktiraf sebagai pemimpin rohani, politik dan sosial bagi umat Islam.","Prophet Muhammad SAW is recognized as the spiritual, political, and social leader of Muslims.",,,,,,,
bab8,Bab 8: Tamadun Islam,8-3-ketokohan-nabi-muhammad-sa,8.3 Ketokohan Nabi Muhammad SAW sebagai Pemimpin,fact,Beliau mengurus negeri Madinah dan menyusun masyarakat berbilang kaum.,He managed the state of Medina and organized a plural society.,,,,,,,
bab8,Bab 8: Tamadun Islam,8-3-ketokohan-nabi-muhammad-sa,8.3 Ketokohan Nabi Muhammad SAW sebagai Pemimpin,fact,"Prinsip kepimpinannya termasuk keadilan, toleransi dan kerjasama antara rakyat.","His leadership principles included justice, tolerance, and cooperation among people.",,,,,,,
bab8,Bab 8: Tamadun Islam,8-3-ketokohan-nabi-muhammad-sa,8.3 Ketokohan Nabi Muhammad SAW sebagai Pemimpin,fact,"Sebagai pemimpin tentera, beliau memimpin peristiwa penting seperti Badar, Uhud dan Khandaq.","As a military leader, he led important events like Badr, Uhud, and the Trench.",,,,,,,
bab8,Bab 8: Tamadun Islam,8-3-ketokohan-nabi-muhammad-sa,8.3 Ketokohan Nabi Muhammad SAW sebagai Pemimpin,fact,Kepimpinan beliau membantu membentuk asas negara Islam yang adil dan teratur.,His leadership helped build the foundations of a just and orderly Islamic state.,,,,,,,
bab8,Bab 8: Tamadun Islam,8-3-ketokohan-nabi-muhammad-sa,8.3 Ketokohan Nabi Muhammad SAW sebagai Pemimpin,fact,Nabi Muhammad SAW digelar al-Amin sejak muda kerana sifat jujur dan amanah baginda.,The Prophet Muhammad SAW was called al-Amin from a young age for his honesty and trustworthiness.,,,,,,,
bab8,Bab 8: Tamadun Islam,8-3-ketokohan-nabi-muhammad-sa,8.3 Ketokohan Nabi Muhammad SAW sebagai Pemimpin,fact,Baginda menyelesaikan pertelingkahan kabilah ketika meletakkan semula Hajar Aswad dengan cara yang adil.,He resolved a tribal dispute over replacing the Black Stone in a fair manner.,,,,,,,
bab8,Bab 8: Tamadun Islam,8-3-ketokohan-nabi-muhammad-sa,8.3 Ketokohan Nabi Muhammad SAW sebagai Pemimpin,person,"Baginda memimpin umat Islam dalam bidang agama, pentadbiran, perundangan dan pertahanan, serta menyatukan masyarakat Madinah melalui Piagam Madinah. Sifat amanah, adil dan bertolak ansur baginda menjadi teladan kepemimpinan sehingga kini.","He led the Muslim community in religion, administration, law and defence, and united the people of Medina through its Charter. His trustworthiness, fairness and tolerance remain a model of leadership today.",,,,,,Nabi Muhammad SAW,Rasul dan pemimpin negara Islam
bab8,Bab 8: Tamadun Islam,8-3-ketokohan-nabi-muhammad-sa,8.3 Ketokohan Nabi Muhammad SAW sebagai Pemimpin,multiple_choice,Gelaran al-Amin yang diberikan kepada Nabi Muhammad SAW bermaksud / The title al-Amin given to Prophet Muhammad SAW means,,Yang dipercayai / The trustworthy,Yang berani / The brave,Yang kaya / The wealthy,Yang bijak berperang / The skilled warrior,Yang dipercayai / The trustworthy,,
bab8,Bab 8: Tamadun Islam,8-3-ketokohan-nabi-muhammad-sa,8.3 Ketokohan Nabi Muhammad SAW sebagai Pemimpin,multiple_choice,Nabi Muhammad SAW menyelesaikan pertelingkahan kabilah Quraisy berkaitan / Prophet Muhammad SAW resolved a Quraysh tribal dispute concerning,,Peletakan semula Hajar Aswad / The replacement of the Black Stone,Pembahagian hasil perdagangan / The division of trade profits,Pemilihan ketua kabilah / The choice of a tribal chief,Pembinaan telaga zamzam / The building of the Zamzam well,Peletakan semula Hajar Aswad / The replacement of the Black Stone,,
bab8,Bab 8: Tamadun Islam,8-3-ketokohan-nabi-muhammad-sa,8.3 Ketokohan Nabi Muhammad SAW sebagai Pemimpin,multiple_choice,Antara ciri kepemimpinan Nabi Muhammad SAW ialah / A feature of Prophet Muhammad's leadership was,,"Adil, amanah dan bertolak ansur / Fair, trustworthy and tolerant",Memerintah tanpa berunding / Ruling without consultation,Mengutamakan golongan kaya / Favouring the wealthy,Menolak perdamaian / Rejecting peace,"Adil, amanah dan bertolak ansur / Fair, trustworthy and tolerant",,
bab8,Bab 8: Tamadun Islam,8-3-ketokohan-nabi-muhammad-sa,8.3 Ketokohan Nabi Muhammad SAW sebagai Pemimpin,multiple_choice,Perjanjian Hudaibiyah menunjukkan sifat baginda yang / The Treaty of Hudaybiyyah shows the Prophet's quality of,,Mengutamakan perdamaian dan berfikiran jauh / Prioritising peace and long-term thinking,Cepat marah / Quick temper,Menolak rundingan / Refusal to negotiate,Mengutamakan kekayaan / Prioritising wealth,Mengutamakan perdamaian dan berfikiran jauh / Prioritising peace and long-term thinking,,
bab8,Bab 8: Tamadun Islam,8-3-ketokohan-nabi-muhammad-sa,8.3 Ketokohan Nabi Muhammad SAW sebagai Pemimpin,multiple_choice,Amalan syura yang diamalkan baginda bermaksud / The practice of syura followed by the Prophet means,,Bermesyuarat untuk membuat keputusan bersama / Consulting to make decisions together,Memberi hadiah kepada pengikut / Giving gifts to followers,Melantik pemimpin secara warisan / Appointing leaders by inheritance,Menetapkan cukai perdagangan / Setting trade taxes,Bermesyuarat untuk membuat keputusan bersama / Consulting to make decisions together,,
bab8,Bab 8: Tamadun Islam,8-3-ketokohan-nabi-muhammad-sa,8.3 Ketokohan Nabi Muhammad SAW sebagai Pemimpin,objective,Nyatakan dua sifat kepemimpinan Nabi Muhammad SAW yang boleh dicontohi. / State two of the Prophet's leadership qualities worth emulating.,,,,,,Sifat amanah dalam menjalankan tanggungjawab dan sifat adil dalam membuat keputusan tanpa memihak kepada mana-mana pihak. / Trustworthiness in carrying out responsibilities and fairness in making decisions without favouring any side.,,
bab8,Bab 8: Tamadun Islam,8-3-ketokohan-nabi-muhammad-sa,8.3 Ketokohan Nabi Muhammad SAW sebagai Pemimpin,objective,Jelaskan bagaimana baginda menyelesaikan pertelingkahan Hajar Aswad. / Explain how the Prophet resolved the Black Stone dispute.,,,,,,Baginda meletakkan Hajar Aswad di atas sehelai kain dan meminta wakil setiap kabilah memegang hujung kain untuk mengangkatnya bersama-sama. / He placed the Black Stone on a cloth and asked a representative of each tribe to hold an edge so they lifted it together.,,
bab8,Bab 8: Tamadun Islam,8-3-ketokohan-nabi-muhammad-sa,8.3 Ketokohan Nabi Muhammad SAW sebagai Pemimpin,objective,Mengapakah amalan syura penting dalam kepemimpinan? / Why is the practice of syura important in leadership?,,,,,,"Syura membolehkan pandangan ramai diambil kira sebelum keputusan dibuat, menghasilkan keputusan yang lebih adil dan diterima bersama. / Syura allows many views to be considered before a decision, producing fairer and more widely accepted outcomes.",,
bab8,Bab 8: Tamadun Islam,8-4-sumbangan-tamadun-islam,8.4 Sumbangan Tamadun Islam kepada Dunia,summary,"Topik ini membincangkan sumbangan Tamadun Islam dalam bidang politik, ekonomi, sosial dan ilmu pengetahuan.","This topic discusses the contributions of Islamic civilization in politics, economy, society, and knowledge.",,,,,,,
bab8,Bab 8: Tamadun Islam,8-4-sumbangan-tamadun-islam,8.4 Sumbangan Tamadun Islam kepada Dunia,fact,Tamadun Islam menyumbang dalam politik melalui sistem khalifah dan undang-undang Islam.,Islamic civilization contributed politically through the caliphate system and Islamic law.,,,,,,,
bab8,Bab 8: Tamadun Islam,8-4-sumbangan-tamadun-islam,8.4 Sumbangan Tamadun Islam kepada Dunia,fact,"Ekonomi Islam berkembang melalui perdagangan, pertanian dan sistem kewangan berlandaskan zakat.","Islamic economy developed through trade, agriculture, and finance based on zakat.",,,,,,,
bab8,Bab 8: Tamadun Islam,8-4-sumbangan-tamadun-islam,8.4 Sumbangan Tamadun Islam kepada Dunia,fact,"Aspek sosial termasuk perpaduan, pendidikan dan kemajuan kebudayaan dalam masyarakat Islam.","Social aspects included unity, education, and cultural advancement in Muslim societies.",,,,,,,
bab8,Bab 8: Tamadun Islam,8-4-sumbangan-tamadun-islam,8.4 Sumbangan Tamadun Islam kepada Dunia,fact,"Pusat intelektual seperti Baghdad menjadi pusat ilmu, sains dan falsafah.","Intellectual centers such as Baghdad became hubs for knowledge, science, and philosophy.",,,,,,,
bab8,Bab 8: Tamadun Islam,8-4-sumbangan-tamadun-islam,8.4 Sumbangan Tamadun Islam kepada Dunia,fact,Ilmuan Islam seperti Al-Khwarizmi dan Ibnu Sina memberikan sumbangan penting kepada dunia.,Islamic scholars like Al-Khwarizmi and Ibn Sina made important contributions to the world.,,,,,,,
bab8,Bab 8: Tamadun Islam,8-4-sumbangan-tamadun-islam,8.4 Sumbangan Tamadun Islam kepada Dunia,fact,"Baitulhikmah di Baghdad menjadi pusat ilmu tempat karya Yunani, Parsi dan India diterjemah ke bahasa Arab.","Baitulhikmah in Baghdad was a centre of learning where Greek, Persian and Indian works were translated into Arabic.",,,,,,,
bab8,Bab 8: Tamadun Islam,8-4-sumbangan-tamadun-islam,8.4 Sumbangan Tamadun Islam kepada Dunia,fact,Tamadun Islam memperkenalkan hospital awam (bimaristan) yang menyediakan rawatan percuma dan latihan perubatan.,Islamic civilisation introduced public hospitals (bimaristan) offering free treatment and medical training.,,,,,,,
bab8,Bab 8: Tamadun Islam,8-4-sumbangan-tamadun-islam,8.4 Sumbangan Tamadun Islam kepada Dunia,person,Beliau dikenali sebagai bapa algebra melalui karyanya tentang al-jabr dan memperkenalkan penggunaan angka Hindu-Arab kepada dunia. Nama beliau menjadi asas kepada istilah 'algoritma' yang digunakan dalam komputer hari ini.,He is known as the father of algebra through his work on al-jabr and introduced Hindu-Arabic numerals to the wider world. His name is the root of the term 'algorithm' used in computing today.,,,,,,Al-Khwarizmi,Ahli matematik dan astronomi Islam
bab8,Bab 8: Tamadun Islam,8-4-sumbangan-tamadun-islam,8.4 Sumbangan Tamadun Islam kepada Dunia,person,"Beliau menulis 'al-Qanun fi al-Tibb' yang menjadi rujukan utama perubatan di Eropah selama berabad-abad. Karyanya menyusun ilmu perubatan secara sistematik termasuk diagnosis, ubat-ubatan dan pembedahan.","He wrote 'al-Qanun fi al-Tibb', a leading medical reference in Europe for centuries. His work organised medical knowledge systematically, covering diagnosis, medicines and surgery.",,,,,,Ibn Sina,Tabib dan ahli falsafah Islam
bab8,Bab 8: Tamadun Islam,8-4-sumbangan-tamadun-islam,8.4 Sumbangan Tamadun Islam kepada Dunia,multiple_choice,Al-Khwarizmi dikenali sebagai bapa / Al-Khwarizmi is known as the father of,,Algebra,Perubatan moden / Modern medicine,Sejarah / History,Seni bina / Architecture,Algebra,,
bab8,Bab 8: Tamadun Islam,8-4-sumbangan-tamadun-islam,8.4 Sumbangan Tamadun Islam kepada Dunia,multiple_choice,Karya perubatan Ibn Sina yang terkenal ialah / Ibn Sina's famous medical work is,,Al-Qanun fi al-Tibb,Muqaddimah,Al-Jabr,Kitab al-Manazir,Al-Qanun fi al-Tibb,,
bab8,Bab 8: Tamadun Islam,8-4-sumbangan-tamadun-islam,8.4 Sumbangan Tamadun Islam kepada Dunia,multiple_choice,Baitulhikmah di Baghdad berfungsi sebagai / Baitulhikmah in Baghdad functioned as,,Pusat ilmu dan penterjemahan karya asing / A centre of learning and translation of foreign works,Kubu pertahanan tentera / A military fortress,Pasar perdagangan utama / A main trading market,Istana khalifah / The caliph's palace,Pusat ilmu dan penterjemahan karya asing / A centre of learning and translation of foreign works,,
bab8,Bab 8: Tamadun Islam,8-4-sumbangan-tamadun-islam,8.4 Sumbangan Tamadun Islam kepada Dunia,multiple_choice,Istilah 'algoritma' berasal daripada nama / The term 'algorithm' derives from the name of,,Al-Khwarizmi,Ibn Sina,Ibn Khaldun,Al-Biruni,Al-Khwarizmi,,
bab8,Bab 8: Tamadun Islam,8-4-sumbangan-tamadun-islam,8.4 Sumbangan Tamadun Islam kepada Dunia,multiple_choice,Bimaristan dalam tamadun Islam ialah / A bimaristan in Islamic civilisation was,,Hospital awam yang menyediakan rawatan dan latihan perubatan / A public hospital providing treatment and medical training,Sekolah tentera / A military school,Perpustakaan diraja sahaja / A royal library only,Tempat penyimpanan bijirin / A grain store,Hospital awam yang menyediakan rawatan dan latihan perubatan / A public hospital providing treatment and medical training,,
bab8,Bab 8: Tamadun Islam,8-4-sumbangan-tamadun-islam,8.4 Sumbangan Tamadun Islam kepada Dunia,objective,Nyatakan dua sumbangan tamadun Islam dalam bidang ilmu. / State two contributions of Islamic civilisation in the field of knowledge.,,,,,,"Perkembangan algebra dan angka Hindu-Arab oleh al-Khwarizmi, serta penyusunan ilmu perubatan secara sistematik oleh Ibn Sina. / The development of algebra and Hindu-Arabic numerals by al-Khwarizmi, and the systematic organisation of medicine by Ibn Sina.",,
bab8,Bab 8: Tamadun Islam,8-4-sumbangan-tamadun-islam,8.4 Sumbangan Tamadun Islam kepada Dunia,objective,Jelaskan peranan Baitulhikmah dalam perkembangan ilmu. / Explain the role of Baitulhikmah in the growth of knowledge.,,,,,,"Baitulhikmah mengumpul dan menterjemah karya Yunani, Parsi dan India ke bahasa Arab, lalu menjadi pusat kajian yang menyebarkan ilmu ke seluruh dunia. / Baitulhikmah collected and translated Greek, Persian and Indian works into Arabic, becoming a research centre that spread knowledge worldwide.",,
bab8,Bab 8: Tamadun Islam,8-4-sumbangan-tamadun-islam,8.4 Sumbangan Tamadun Islam kepada Dunia,objective,Bagaimanakah sumbangan tamadun Islam mempengaruhi Eropah? / How did Islamic contributions influence Europe?,,,,,,"Karya sains dan perubatan Islam diterjemah ke bahasa Latin dan menjadi teks rujukan universiti Eropah, membantu mencetuskan perkembangan ilmu di sana. / Islamic scientific and medical works were translated into Latin and used as university texts in Europe, helping spark its intellectual growth.",,
bab8,Bab 8: Tamadun Islam,8-5-sumbangan-seni-bina-islam,8.5 Sumbangan Tamadun Islam dalam Bidang Seni Bina,summary,"Topik ini menerangkan ciri seni bina Islam dan bagaimana ia memberi inspirasi kepada pembinaan masjid, istana, dan ruang awam.","This topic explains the features of Islamic architecture and how it inspired the construction of mosques, palaces, and public spaces.",,,,,,,
bab8,Bab 8: Tamadun Islam,8-5-sumbangan-seni-bina-islam,8.5 Sumbangan Tamadun Islam dalam Bidang Seni Bina,fact,"Seni bina Islam terkenal dengan kubah, menara, lengkungan dan corak geometri.","Islamic architecture is known for domes, minarets, arches, and geometric patterns.",,,,,,,
bab8,Bab 8: Tamadun Islam,8-5-sumbangan-seni-bina-islam,8.5 Sumbangan Tamadun Islam dalam Bidang Seni Bina,fact,Bangunan seperti masjid dan istana mencerminkan nilai keagamaan dan estetika.,Buildings such as mosques and palaces reflect religious values and aesthetics.,,,,,,,
bab8,Bab 8: Tamadun Islam,8-5-sumbangan-seni-bina-islam,8.5 Sumbangan Tamadun Islam dalam Bidang Seni Bina,fact,"Reka bentuk seni bina Islam sering menggunakan taman, air mancur dan kaligrafi.","Islamic architectural design often uses gardens, fountains, and calligraphy.",,,,,,,
bab8,Bab 8: Tamadun Islam,8-5-sumbangan-seni-bina-islam,8.5 Sumbangan Tamadun Islam dalam Bidang Seni Bina,fact,Cordoba dan Baghdad adalah contoh bandar dengan bangunan seni bina Islam yang megah.,Cordoba and Baghdad are examples of cities with magnificent Islamic architecture.,,,,,,,
bab8,Bab 8: Tamadun Islam,8-5-sumbangan-seni-bina-islam,8.5 Sumbangan Tamadun Islam dalam Bidang Seni Bina,fact,Sumbangan seni bina Islam terus memberi inspirasi kepada seni bina di seluruh dunia.,The contribution of Islamic architecture continues to inspire architecture worldwide.,,,,,,,
bab8,Bab 8: Tamadun Islam,8-5-sumbangan-seni-bina-islam,8.5 Sumbangan Tamadun Islam dalam Bidang Seni Bina,fact,"Ciri seni bina Islam termasuk kubah, menara, lengkungan dan hiasan kaligrafi serta motif geometri.","Features of Islamic architecture include domes, minarets, arches and decoration with calligraphy and geometric motifs.",,,,,,,
bab8,Bab 8: Tamadun Islam,8-5-sumbangan-seni-bina-islam,8.5 Sumbangan Tamadun Islam dalam Bidang Seni Bina,fact,Masjid berfungsi bukan sahaja sebagai tempat ibadat tetapi juga pusat ilmu dan kegiatan masyarakat.,Mosques served not only as places of worship but also as centres of learning and community activity.,,,,,,,
bab8,Bab 8: Tamadun Islam,8-5-sumbangan-seni-bina-islam,8.5 Sumbangan Tamadun Islam dalam Bidang Seni Bina,person,Beliau mereka bentuk lebih tiga ratus binaan termasuk Masjid Selimiye di Edirne yang terkenal dengan kubah besarnya. Reka bentuk beliau menggabungkan kekuatan struktur dengan keindahan ruang dalaman yang lapang.,"He designed more than three hundred structures, including the Selimiye Mosque in Edirne, famed for its great dome. His designs combined structural strength with the beauty of spacious interiors.",,,,,,Mimar Sinan,Arkitek agung Empayar Uthmaniyah
bab8,Bab 8: Tamadun Islam,8-5-sumbangan-seni-bina-islam,8.5 Sumbangan Tamadun Islam dalam Bidang Seni Bina,multiple_choice,Antara ciri utama seni bina Islam ialah / A main feature of Islamic architecture is,,"Kubah, menara dan hiasan kaligrafi / Domes, minarets and calligraphic decoration",Patung dewa di pintu masuk / Statues of deities at the entrance,Lukisan wajah manusia pada dinding dalam / Portraits of human faces on interior walls,Tiang berukir bentuk haiwan besar / Pillars carved as large animals,"Kubah, menara dan hiasan kaligrafi / Domes, minarets and calligraphic decoration",,
bab8,Bab 8: Tamadun Islam,8-5-sumbangan-seni-bina-islam,8.5 Sumbangan Tamadun Islam dalam Bidang Seni Bina,multiple_choice,Menara pada masjid berfungsi untuk / A minaret on a mosque functions to,,Melaungkan azan kepada penduduk sekitar / Call the adhan to the surrounding community,Menyimpan hasil zakat / Store zakat collections,Menempatkan pengawal keselamatan / House security guards,Mengalirkan air hujan / Drain rainwater,Melaungkan azan kepada penduduk sekitar / Call the adhan to the surrounding community,,
bab8,Bab 8: Tamadun Islam,8-5-sumbangan-seni-bina-islam,8.5 Sumbangan Tamadun Islam dalam Bidang Seni Bina,multiple_choice,Hiasan dalam seni bina Islam banyak menggunakan motif / Islamic architectural decoration largely uses motifs of,,"Geometri, tumbuhan dan kaligrafi / Geometry, plants and calligraphy",Wajah pemerintah / Rulers' faces,Haiwan buas / Wild animals,Dewa dan dewi / Gods and goddesses,"Geometri, tumbuhan dan kaligrafi / Geometry, plants and calligraphy",,
bab8,Bab 8: Tamadun Islam,8-5-sumbangan-seni-bina-islam,8.5 Sumbangan Tamadun Islam dalam Bidang Seni Bina,multiple_choice,Masjid Selimiye di Edirne direka oleh / The Selimiye Mosque in Edirne was designed by,,Mimar Sinan,Al-Khwarizmi,Ibn Sina,Vitruvius,Mimar Sinan,,
bab8,Bab 8: Tamadun Islam,8-5-sumbangan-seni-bina-islam,8.5 Sumbangan Tamadun Islam dalam Bidang Seni Bina,multiple_choice,"Selain tempat ibadat, masjid pada zaman tamadun Islam juga berfungsi sebagai / Besides worship, mosques in Islamic civilisation also served as",,Pusat ilmu dan kegiatan masyarakat / Centres of learning and community activity,Pusat latihan tentera sahaja / Military training centres only,Gudang perdagangan / Trade warehouses,Istana pemerintah / Rulers' palaces,Pusat ilmu dan kegiatan masyarakat / Centres of learning and community activity,,
bab8,Bab 8: Tamadun Islam,8-5-sumbangan-seni-bina-islam,8.5 Sumbangan Tamadun Islam dalam Bidang Seni Bina,objective,Nyatakan tiga ciri seni bina Islam. / State three features of Islamic architecture.,,,,,,"Kubah yang besar, menara untuk azan, dan hiasan berbentuk kaligrafi serta motif geometri. / Large domes, minarets for the call to prayer, and decoration using calligraphy and geometric motifs.",,
bab8,Bab 8: Tamadun Islam,8-5-sumbangan-seni-bina-islam,8.5 Sumbangan Tamadun Islam dalam Bidang Seni Bina,objective,Mengapakah seni bina Islam mengelakkan patung dan gambar makhluk hidup? / Why does Islamic architecture avoid statues and images of living beings?,,,,,,"Ajaran Islam melarang pemujaan berhala, jadi hiasan tertumpu kepada kaligrafi, motif geometri dan tumbuhan. / Islamic teaching forbids idol worship, so decoration focuses on calligraphy, geometric motifs and plant forms.",,
bab8,Bab 8: Tamadun Islam,8-5-sumbangan-seni-bina-islam,8.5 Sumbangan Tamadun Islam dalam Bidang Seni Bina,objective,Jelaskan peranan masjid dalam masyarakat Islam. / Explain the role of the mosque in Muslim society.,,,,,,"Masjid menjadi tempat ibadat, pusat pengajaran ilmu, tempat bermesyuarat dan pusat kebajikan masyarakat. / The mosque is a place of worship, a centre for teaching, a meeting place and a hub for community welfare.",,
