chapter_id,chapter,topic_id,topic,type,text,text_en,choice_a,choice_b,choice_c,choice_d,answer,person_name,person_role
bab1,Bab 1: Mengenali Sejarah,1-1-pengertian-sejarah,1.1 Pengertian Sejarah,summary,Topik ini menerangkan pengertian sejarah sebagai kajian tentang masa lalu dan bagaimana peristiwa lama membentuk masyarakat hari ini.,This topic explains the meaning of history as the study of the past and how past events shape society today.,,,,,,,
bab1,Bab 1: Mengenali Sejarah,1-1-pengertian-sejarah,1.1 Pengertian Sejarah,fact,"Sejarah ialah kajian tentang peristiwa, manusia, dan keadaan pada masa lalu.","History is the study of events, people, and conditions in the past.",,,,,,,
bab1,Bab 1: Mengenali Sejarah,1-1-pengertian-sejarah,1.1 Pengertian Sejarah,fact,Sejarah membantu menjelaskan bagaimana masyarakat berubah dari masa ke masa.,History helps explain how societies change over time.,,,,,,,
bab1,Bab 1: Mengenali Sejarah,1-1-pengertian-sejarah,1.1 Pengertian Sejarah,fact,Pengertian sejarah boleh berbeza tetapi biasanya berkaitan dengan bukti dan interpretasi masa lalu.,The meaning of history can vary but usually relates to evidence and interpretation of the past.,,,,,,,
bab1,Bab 1: Mengenali Sejarah,1-1-pengertian-sejarah,1.1 Pengertian Sejarah,fact,Sejarah melibatkan kajian masa silam untuk memahami masa kini dan masa depan.,History involves studying the past to understand the present and the future.,,,,,,,
bab1,Bab 1: Mengenali Sejarah,1-1-pengertian-sejarah,1.1 Pengertian Sejarah,fact,"Kajian sejarah memerlukan sumber seperti dokumen, artifak, dan cerita lisan.","Historical study requires sources such as documents, artifacts, and oral stories.",,,,,,,
bab1,Bab 1: Mengenali Sejarah,1-1-pengertian-sejarah,1.1 Pengertian Sejarah,multiple_choice,Apakah maksud sejarah? / What is the meaning of history?,,Kajian tentang masa lalu dan peristiwa penting. / Study of the past and important events.,Kajian tentang masa depan. / Study of the future.,Kajian tentang sains sahaja. / Study of science only.,Kajian tentang muzik sahaja. / Study of music only.,Kajian tentang masa lalu dan peristiwa penting. / Study of the past and important events.,,
bab1,Bab 1: Mengenali Sejarah,1-1-pengertian-sejarah,1.1 Pengertian Sejarah,multiple_choice,Mengapakah sejarah penting? / Why is history important?,,Untuk memahami perubahan masyarakat dan identiti bangsa. / To understand social change and national identity.,Untuk menonton filem. / To watch movies.,Untuk bermain permainan video. / To play video games.,Untuk memasak makanan. / To cook food.,Untuk memahami perubahan masyarakat dan identiti bangsa. / To understand social change and national identity.,,
bab1,Bab 1: Mengenali Sejarah,1-1-pengertian-sejarah,1.1 Pengertian Sejarah,objective,Jelaskan satu sebab mengapa sejarah penting bagi generasi muda. / Explain one reason why history is important for young people.,,,,,,Sejarah membantu generasi muda belajar daripada kesilapan lalu dan membuat keputusan yang lebih baik untuk masa depan. / History helps young people learn from past mistakes and make better decisions for the future.,,
bab1,Bab 1: Mengenali Sejarah,1-2-pengertian-sejarah-sejarawan,1.2 Pengertian Sejarah Mengikut Pandangan Sejarawan,summary,"Topik ini menerangkan bahawa sejarawan memberikan definisi sejarah berdasarkan penemuan bukti, tafsiran, dan perspektif masa lalu.","This topic explains that historians define history based on evidence, interpretation, and past perspectives.",,,,,,,
bab1,Bab 1: Mengenali Sejarah,1-2-pengertian-sejarah-sejarawan,1.2 Pengertian Sejarah Mengikut Pandangan Sejarawan,fact,"Sejarawan mengkaji dokumen, catatan, dan bukti lain untuk membina pemahaman tentang masa lalu.","Historians study documents, records, and other evidence to build an understanding of the past.",,,,,,,
bab1,Bab 1: Mengenali Sejarah,1-2-pengertian-sejarah-sejarawan,1.2 Pengertian Sejarah Mengikut Pandangan Sejarawan,fact,"Sejarawan sering menemui dokumen lama, catatan rasmi dan artifak yang membuka maklumat baharu tentang kehidupan masyarakat dahulu.","Historians often discover old documents, official records, and artifacts that reveal new information about past societies.",,,,,,,
bab1,Bab 1: Mengenali Sejarah,1-2-pengertian-sejarah-sejarawan,1.2 Pengertian Sejarah Mengikut Pandangan Sejarawan,fact,"Penemuan catatan sejarah seperti surat, prasasti atau laporan rasmi membantu ahli sejarah membina semula peristiwa dengan lebih tepat.","Findings such as letters, inscriptions, or official reports help historians reconstruct events more accurately.",,,,,,,
bab1,Bab 1: Mengenali Sejarah,1-2-pengertian-sejarah-sejarawan,1.2 Pengertian Sejarah Mengikut Pandangan Sejarawan,fact,Pendekatan sejarawan membantu menjelaskan bagaimana peristiwa dan manusia dikaji secara sistematik.,A historian's approach helps explain how events and people are studied systematically.,,,,,,,
bab1,Bab 1: Mengenali Sejarah,1-2-pengertian-sejarah-sejarawan,1.2 Pengertian Sejarah Mengikut Pandangan Sejarawan,fact,"Sejarah bukan sekadar cerita, tetapi satu proses analisis bukti untuk membuat kesimpulan.","History is not just stories, but a process of analyzing evidence to draw conclusions.",,,,,,,
bab1,Bab 1: Mengenali Sejarah,1-2-pengertian-sejarah-sejarawan,1.2 Pengertian Sejarah Mengikut Pandangan Sejarawan,fact,Ahli sejarah menggunakan sumber primer dan sekunder untuk memahami konteks peristiwa.,Historians use primary and secondary sources to understand the context of events.,,,,,,,
bab1,Bab 1: Mengenali Sejarah,1-2-pengertian-sejarah-sejarawan,1.2 Pengertian Sejarah Mengikut Pandangan Sejarawan,person,"Dikenali sebagai bapa sejarah moden kerana konsep 'ilm al-umran' dan analisis sosiologi sejarah, serta meneliti pola perubahan masyarakat.","Known as the father of modern history for his 'ilm al-umran' concept and sociological analysis of history, as well as studying patterns of social change.",,,,,,Ibn Khaldun,Sejarawan dan ahli falsafah
bab1,Bab 1: Mengenali Sejarah,1-2-pengertian-sejarah-sejarawan,1.2 Pengertian Sejarah Mengikut Pandangan Sejarawan,multiple_choice,Apakah yang digunakan sejarawan untuk mengkaji sejarah? / What do historians use to study history?,,"Dokumen, artifak, dan sumber lisan. / Documents, artifacts, and oral sources.",Hanya gambar moden. / Only modern pictures.,Hanya filem. / Only movies.,Hanya lagu. / Only songs.,"Dokumen, artifak, dan sumber lisan. / Documents, artifacts, and oral sources.",,
bab1,Bab 1: Mengenali Sejarah,1-2-pengertian-sejarah-sejarawan,1.2 Pengertian Sejarah Mengikut Pandangan Sejarawan,multiple_choice,Mengapa definisi sejarah berbeza antara sejarawan? / Why do definitions of history vary among historians?,,Kerana setiap sejarawan menggunakan perspektif dan bukti yang berbeza. / Because each historian uses different perspectives and evidence.,Kerana sejarah tidak penting. / Because history is not important.,Kerana semua orang bergurau. / Because everyone is joking.,Kerana ia bergantung pada cuaca. / Because it depends on the weather.,Kerana setiap sejarawan menggunakan perspektif dan bukti yang berbeza. / Because each historian uses different perspectives and evidence.,,
bab1,Bab 1: Mengenali Sejarah,1-2-pengertian-sejarah-sejarawan,1.2 Pengertian Sejarah Mengikut Pandangan Sejarawan,objective,Berikan satu contoh bukti yang boleh mengubah tafsiran sejarah. / Give one example of evidence that can change historical interpretation.,,,,,,Penemuan dokumen baru atau artifak arkeologi boleh mengubah cara sejarawan mentafsir peristiwa lalu. / The discovery of a new document or archaeological artifact can change how historians interpret past events.,,
bab1,Bab 1: Mengenali Sejarah,1-3-masa-silam-ruang,1.3 Masa Silam dan Ruang dalam Sejarah,summary,"Topik ini menerangkan konsep masa dan ruang dalam sejarah, iaitu bagaimana peristiwa berlaku dalam konteks waktu dan tempat tertentu.","This topic explains the concepts of time and space in history, meaning how events occur within a specific time and place.",,,,,,,
bab1,Bab 1: Mengenali Sejarah,1-3-masa-silam-ruang,1.3 Masa Silam dan Ruang dalam Sejarah,fact,Masa merujuk kepada jangka waktu di mana peristiwa berlaku.,Time refers to the period during which events happen.,,,,,,,
bab1,Bab 1: Mengenali Sejarah,1-3-masa-silam-ruang,1.3 Masa Silam dan Ruang dalam Sejarah,fact,Ruang merujuk kepada lokasi atau tempat di mana peristiwa berlaku.,Space refers to the location or place where events occur.,,,,,,,
bab1,Bab 1: Mengenali Sejarah,1-3-masa-silam-ruang,1.3 Masa Silam dan Ruang dalam Sejarah,fact,Analisis sejarah memerlukan pemahaman tentang hubungan antara masa dan ruang.,Historical analysis requires understanding the relationship between time and space.,,,,,,,
bab1,Bab 1: Mengenali Sejarah,1-3-masa-silam-ruang,1.3 Masa Silam dan Ruang dalam Sejarah,fact,Sejarah boleh menunjukkan perubahan dalam masyarakat pada waktu dan tempat tertentu.,History can show changes in society at particular times and places.,,,,,,,
bab1,Bab 1: Mengenali Sejarah,1-3-masa-silam-ruang,1.3 Masa Silam dan Ruang dalam Sejarah,fact,Peristiwa sejarah mesti ditempatkan dalam konteks masa dan ruang yang betul.,Historical events must be placed in the correct time and space context.,,,,,,,
bab1,Bab 1: Mengenali Sejarah,1-3-masa-silam-ruang,1.3 Masa Silam dan Ruang dalam Sejarah,multiple_choice,Apakah maksud ruang dalam sejarah? / What does space mean in history?,,Tempat atau lokasi di mana peristiwa berlaku. / The place or location where events occur.,Masa yang lalu. / The past time.,Alat muzik. / Musical instruments.,Jenis makanan. / Types of food.,Tempat atau lokasi di mana peristiwa berlaku. / The place or location where events occur.,,
bab1,Bab 1: Mengenali Sejarah,1-3-masa-silam-ruang,1.3 Masa Silam dan Ruang dalam Sejarah,multiple_choice,Apakah yang ditunjukkan oleh konsep masa dalam sejarah? / What does the concept of time in history show?,,Perubahan dalam masyarakat dan peristiwa sepanjang tempoh tertentu. / Changes in society and events over a certain period.,Jenis pakaian sahaja. / Only types of clothing.,Tumbuhan sahaja. / Only plants.,Haiwan sahaja. / Only animals.,Perubahan dalam masyarakat dan peristiwa sepanjang tempoh tertentu. / Changes in society and events over a certain period.,,
bab1,Bab 1: Mengenali Sejarah,1-3-masa-silam-ruang,1.3 Masa Silam dan Ruang dalam Sejarah,objective,Nyatakan maksud ruang dalam sejarah dalam satu ayat. / State the meaning of space in history in one sentence.,,,,,,Ruang dalam sejarah merujuk kepada lokasi atau tempat di mana peristiwa berlaku. / Space in history refers to the location or place where events occur.,,
bab1,Bab 1: Mengenali Sejarah,1-4-sumber-sejarah,1.4 Sumber Sejarah,summary,"Topik ini membincangkan jenis sumber sejarah seperti sumber bertulis, lisan, dan artifak yang membantu kita memahami masa lalu.","This topic discusses types of historical sources such as written, oral, and artifact sources that help us understand the past.",,,,,,,
bab1,Bab 1: Mengenali Sejarah,1-4-sumber-sejarah,1.4 Sumber Sejarah,fact,Sumber sejarah adalah bahan yang memberi maklumat tentang masa lalu.,Historical sources are materials that provide information about the past.,,,,,,,
bab1,Bab 1: Mengenali Sejarah,1-4-sumber-sejarah,1.4 Sumber Sejarah,fact,"Sumber primer ialah bahan asal yang dibuat semasa peristiwa berlaku, seperti dokumen rasmi, surat, atau artifak.","Primary sources are original materials created during the event, such as official documents, letters, or artifacts.",,,,,,,
bab1,Bab 1: Mengenali Sejarah,1-4-sumber-sejarah,1.4 Sumber Sejarah,fact,"Sumber sekunder ialah kajian atau ulasan tentang masa lalu yang ditulis kemudian, seperti buku sejarah dan artikel.","Secondary sources are studies or reviews of the past written later, such as history books or articles.",,,,,,,
bab1,Bab 1: Mengenali Sejarah,1-4-sumber-sejarah,1.4 Sumber Sejarah,fact,"Sumber bertulis, lisan, dan artifak boleh menjadi primer atau sekunder bergantung pada bagaimana ia digunakan.","Written, oral, and artifact sources can be primary or secondary depending on how they are used.",,,,,,,
bab1,Bab 1: Mengenali Sejarah,1-4-sumber-sejarah,1.4 Sumber Sejarah,fact,Ahli sejarah mengutamakan sumber primer untuk bukti langsung dan menggunakan sumber sekunder untuk konteks dan tafsiran.,Historians prioritize primary sources for direct evidence and use secondary sources for context and interpretation.,,,,,,,
bab1,Bab 1: Mengenali Sejarah,1-4-sumber-sejarah,1.4 Sumber Sejarah,person,Dikenali sebagai bapa sejarah Barat kerana menulis tentang Perang Parsi dan mengumpul sumber dari banyak tempat.,Known as the father of Western history for writing about the Persian Wars and collecting sources from many places.,,,,,,Herodotus,Sejarawan Yunani
bab1,Bab 1: Mengenali Sejarah,1-4-sumber-sejarah,1.4 Sumber Sejarah,multiple_choice,Apakah contoh sumber lisan? / What is an example of an oral source?,,Wawancara dan cerita rakyat. / Interviews and folk tales.,Gambar moden. / Modern pictures.,Surat rasmi. / Official letters.,Basikal. / Bicycle.,Wawancara dan cerita rakyat. / Interviews and folk tales.,,
bab1,Bab 1: Mengenali Sejarah,1-4-sumber-sejarah,1.4 Sumber Sejarah,multiple_choice,Mengapakah artifak penting sebagai sumber sejarah? / Why are artifacts important as historical sources?,,Kerana ia menunjukkan cara hidup dan budaya masyarakat dahulu. / Because it shows how people lived and their culture.,Kerana ia membuat makanan. / Because it makes food.,Kerana ia menari. / Because it dances.,Kerana ia mengajar sains. / Because it teaches science.,Kerana ia menunjukkan cara hidup dan budaya masyarakat dahulu. / Because it shows how people lived and their culture.,,
bab1,Bab 1: Mengenali Sejarah,1-4-sumber-sejarah,1.4 Sumber Sejarah,objective,Apakah perbezaan utama antara sumber bertulis dan sumber lisan? / What is the main difference between written sources and oral sources?,,,,,,"Sumber bertulis direkodkan dalam bentuk dokumen, manakala sumber lisan disampaikan melalui cerita atau ucapan. / Written sources are recorded in documents, while oral sources are delivered through stories or speech.",,
bab1,Bab 1: Mengenali Sejarah,1-5-penyelidikan-dalam-sejarah,1.5 Penyelidikan dalam Sejarah,summary,"Topik ini menjelaskan kaedah penyelidikan sejarah seperti kaedah bertulis, kaedah lisan, dan kaedah arkeologi untuk mengumpulkan maklumat tentang masa lalu.","This topic explains historical research methods like written, oral, and archaeological methods for gathering information about the past.",,,,,,,
bab1,Bab 1: Mengenali Sejarah,1-5-penyelidikan-dalam-sejarah,1.5 Penyelidikan dalam Sejarah,fact,Penyelidikan sejarah menggunakan dokumen bertulis untuk mencari bukti masa lalu.,Historical research uses written documents to find evidence of the past.,,,,,,,
bab1,Bab 1: Mengenali Sejarah,1-5-penyelidikan-dalam-sejarah,1.5 Penyelidikan dalam Sejarah,fact,Kaedah lisan melibatkan wawancara dan cerita tradisi.,Oral methods involve interviews and traditional stories.,,,,,,,
bab1,Bab 1: Mengenali Sejarah,1-5-penyelidikan-dalam-sejarah,1.5 Penyelidikan dalam Sejarah,fact,Kaedah arkeologi menganalisis artifak dan struktur yang ditemui.,Archaeological methods analyze artifacts and structures that are found.,,,,,,,
bab1,Bab 1: Mengenali Sejarah,1-5-penyelidikan-dalam-sejarah,1.5 Penyelidikan dalam Sejarah,fact,Gabungan beberapa kaedah membantu menghasilkan kajian sejarah yang lebih lengkap.,Combining several methods helps produce more complete historical research.,,,,,,,
bab1,Bab 1: Mengenali Sejarah,1-5-penyelidikan-dalam-sejarah,1.5 Penyelidikan dalam Sejarah,fact,Penyelidikan sejarah memerlukan ketelitian dalam menilai kesahihan sumber.,Historical research requires care in assessing the validity of sources.,,,,,,,
bab1,Bab 1: Mengenali Sejarah,1-5-penyelidikan-dalam-sejarah,1.5 Penyelidikan dalam Sejarah,multiple_choice,Apakah kaedah penyelidikan yang menggunakan artifak? / Which research method uses artifacts?,,Kaedah arkeologi. / Archaeological method.,Kaedah lisan. / Oral method.,Kaedah bertulis. / Written method.,Kaedah sains. / Science method.,Kaedah arkeologi. / Archaeological method.,,
bab1,Bab 1: Mengenali Sejarah,1-5-penyelidikan-dalam-sejarah,1.5 Penyelidikan dalam Sejarah,multiple_choice,Apakah tujuan kaedah bertulis dalam sejarah? / What is the purpose of written methods in history?,,Untuk menggunakan dokumen dan rekod sebagai bukti. / To use documents and records as evidence.,Untuk bermain permainan. / To play games.,Untuk menyanyi. / To sing.,Untuk melukis. / To paint.,Untuk menggunakan dokumen dan rekod sebagai bukti. / To use documents and records as evidence.,,
bab1,Bab 1: Mengenali Sejarah,1-5-penyelidikan-dalam-sejarah,1.5 Penyelidikan dalam Sejarah,objective,Mengapa kaedah arkeologi penting dalam penyelidikan sejarah? / Why is the archaeological method important in historical research?,,,,,,Kerana ia membolehkan ahli sejarah menemui bukti fizikal daripada masa lalu yang tidak terdapat dalam dokumen bertulis. / Because it allows historians to find physical evidence from the past that is not available in written documents.,,
bab2,Bab 2: Zaman Air Batu,2-1-dunia-kita,2.1 Dunia Kita,summary,"Topik ini menerangkan bentuk fizikal Bumi, kawasan daratan, lautan, dan bagaimana alam sekitar membentuk kehidupan manusia.","This topic explains the physical form of Earth, land areas, seas, and how the environment shapes human life.",,,,,,,
bab2,Bab 2: Zaman Air Batu,2-1-dunia-kita,2.1 Dunia Kita,fact,"Bumi terdiri daripada kawasan daratan, lautan, gunung, dan kawasan sejuk.","Earth consists of land, oceans, mountains, and cold regions.",,,,,,,
bab2,Bab 2: Zaman Air Batu,2-1-dunia-kita,2.1 Dunia Kita,fact,"Pembentukan fizikal Bumi mempengaruhi taburan haiwan, tumbuhan, dan manusia.","Earth's physical formation affects the distribution of animals, plants, and humans.",,,,,,,
bab2,Bab 2: Zaman Air Batu,2-1-dunia-kita,2.1 Dunia Kita,fact,Lautan dan daratan menjadi penanda arah pergerakan manusia dan perdagangan.,Oceans and land became routes for movement and trade.,,,,,,,
bab2,Bab 2: Zaman Air Batu,2-1-dunia-kita,2.1 Dunia Kita,fact,Perubahan bentuk muka bumi menghasilkan perbezaan iklim dan sumber makanan.,Changes in the landscape created differences in climate and food sources.,,,,,,,
bab2,Bab 2: Zaman Air Batu,2-1-dunia-kita,2.1 Dunia Kita,fact,Pengetahuan tentang dunia membantu kita memahami perubahan alam sekitar.,Knowledge about the world helps us understand environmental change.,,,,,,,
bab2,Bab 2: Zaman Air Batu,2-1-dunia-kita,2.1 Dunia Kita,multiple_choice,Apakah dua unsur utama yang membentuk permukaan Bumi? / What are the two main elements that shape the surface of Earth?,,Daratan dan lautan. / Land and oceans.,Awan dan hujan. / Clouds and rain.,Rumah dan jalan raya. / Houses and roads.,Kertas dan pensel. / Paper and pencils.,Daratan dan lautan. / Land and oceans.,,
bab2,Bab 2: Zaman Air Batu,2-1-dunia-kita,2.1 Dunia Kita,multiple_choice,Mengapakah bentuk fizikal Bumi penting dalam sejarah? / Why is the physical form of Earth important in history?,,Kerana ia mempengaruhi kehidupan manusia dan taburan sumber. / Because it affects human life and resource distribution.,Kerana ia melibatkan permainan komputer. / Because it involves computer games.,Kerana ia hanya untuk ilmu geografi moden. / Because it is only for modern geography.,Kerana ia tidak memberi kesan apa-apa. / Because it has no effect.,Kerana ia mempengaruhi kehidupan manusia dan taburan sumber. / Because it affects human life and resource distribution.,,
bab2,Bab 2: Zaman Air Batu,2-1-dunia-kita,2.1 Dunia Kita,objective,Nyatakan satu sebab mengapa lautan penting dalam kehidupan manusia. / State one reason why oceans are important to human life.,,,,,,"Lautan menyediakan laluan pergerakan, sumber makanan, dan penghubung antara kawasan. / Oceans provide routes of movement, food sources, and links between regions.",,
bab2,Bab 2: Zaman Air Batu,2-2-zaman-air-batu,2.2 Zaman Air Batu,summary,"Topik ini menerangkan konsep zaman air batu, iaitu tempoh ketika suhu Bumi menjadi lebih sejuk dan kawasan besar dilitupi ais.","This topic explains the concept of the Ice Age, a period when Earth's temperature became colder and large areas were covered by ice.",,,,,,,
bab2,Bab 2: Zaman Air Batu,2-2-zaman-air-batu,2.2 Zaman Air Batu,fact,Zaman air batu ialah tempoh cuaca sejuk yang meliputi kawasan besar di Bumi.,The Ice Age was a period of cold weather that covered large areas of Earth.,,,,,,,
bab2,Bab 2: Zaman Air Batu,2-2-zaman-air-batu,2.2 Zaman Air Batu,fact,"Semasa zaman air batu, banyak kawasan yang kini panas menjadi sejuk dan dilitupi ais.","During the Ice Age, many areas that are now warm became cold and covered with ice.",,,,,,,
bab2,Bab 2: Zaman Air Batu,2-2-zaman-air-batu,2.2 Zaman Air Batu,fact,Kitaran perubahan suhu menyebabkan zon ais berkembang dan surut secara berulang.,Cycles of temperature change caused ice zones to expand and shrink repeatedly.,,,,,,,
bab2,Bab 2: Zaman Air Batu,2-2-zaman-air-batu,2.2 Zaman Air Batu,fact,"Perubahan suhu ini memberi kesan besar kepada tumbuhan, haiwan, dan manusia.","These temperature changes had major effects on plants, animals, and humans.",,,,,,,
bab2,Bab 2: Zaman Air Batu,2-2-zaman-air-batu,2.2 Zaman Air Batu,fact,"Zaman air batu membentuk landskap, sungai, dan bentuk muka bumi yang kita lihat hari ini.","The Ice Age shaped landscapes, rivers, and landforms that we see today.",,,,,,,
bab2,Bab 2: Zaman Air Batu,2-2-zaman-air-batu,2.2 Zaman Air Batu,multiple_choice,Apakah yang dimaksudkan dengan zaman air batu? / What is meant by the Ice Age?,,Tempoh cuaca sejuk yang meliputi kawasan besar. / A period of cold weather covering large areas.,Tempoh cuaca panas yang berterusan. / A continuous hot weather period.,Tempoh hujan yang sangat lebat. / A period of very heavy rain.,Tempoh banjir besar. / A period of major flooding.,Tempoh cuaca sejuk yang meliputi kawasan besar. / A period of cold weather covering large areas.,,
bab2,Bab 2: Zaman Air Batu,2-2-zaman-air-batu,2.2 Zaman Air Batu,multiple_choice,Mengapakah zaman air batu penting dalam sejarah alam sekitar? / Why is the Ice Age important in environmental history?,,Kerana ia mengubah landskap dan taburan hidupan. / Because it changed landscapes and the distribution of life.,Kerana ia membina bangunan moden. / Because it built modern buildings.,Kerana ia menghasilkan elektrik. / Because it produced electricity.,Kerana ia tidak memberi kesan. / Because it had no impact.,Kerana ia mengubah landskap dan taburan hidupan. / Because it changed landscapes and the distribution of life.,,
bab2,Bab 2: Zaman Air Batu,2-2-zaman-air-batu,2.2 Zaman Air Batu,objective,Nyatakan satu kesan zaman air batu terhadap alam sekitar. / State one effect of the Ice Age on the environment.,,,,,,Ia menyebabkan kawasan besar dilitupi ais dan mengubah bentuk muka bumi. / It caused large areas to be covered with ice and changed the landforms.,,
bab2,Bab 2: Zaman Air Batu,2-3-garis-masa-zaman-air-batu,2.3 Garis Masa Zaman Air Batu,summary,Topik ini menerangkan garis masa zaman air batu dan perubahan suhu yang berlaku secara berperingkat.,This topic explains the timeline of the Ice Age and the gradual changes in temperature that took place.,,,,,,,
bab2,Bab 2: Zaman Air Batu,2-3-garis-masa-zaman-air-batu,2.3 Garis Masa Zaman Air Batu,fact,Garis masa menunjukkan perubahan suhu dari masa ke masa.,The timeline shows changes in temperature over time.,,,,,,,
bab2,Bab 2: Zaman Air Batu,2-3-garis-masa-zaman-air-batu,2.3 Garis Masa Zaman Air Batu,fact,"Pada tahap tertentu, suhu menurun lalu ais berkembang di kawasan tertentu.","At certain points, temperatures dropped and ice expanded in some regions.",,,,,,,
bab2,Bab 2: Zaman Air Batu,2-3-garis-masa-zaman-air-batu,2.3 Garis Masa Zaman Air Batu,fact,"Pada tahap lain, suhu meningkat lalu ais mula surut.","At other points, temperatures rose and ice began to retreat.",,,,,,,
bab2,Bab 2: Zaman Air Batu,2-3-garis-masa-zaman-air-batu,2.3 Garis Masa Zaman Air Batu,fact,Perubahan ini berlaku berulang dan mengambil masa yang sangat lama.,These changes occurred repeatedly over a very long period.,,,,,,,
bab2,Bab 2: Zaman Air Batu,2-3-garis-masa-zaman-air-batu,2.3 Garis Masa Zaman Air Batu,fact,Garis masa membantu kita memahami urutan perubahan geografi dan iklim.,The timeline helps us understand the sequence of geographic and climatic changes.,,,,,,,
bab2,Bab 2: Zaman Air Batu,2-3-garis-masa-zaman-air-batu,2.3 Garis Masa Zaman Air Batu,multiple_choice,Mengapakah garis masa penting dalam mempelajari zaman air batu? / Why is a timeline important in studying the Ice Age?,,Kerana ia membantu melihat urutan perubahan secara berperingkat. / Because it helps show the sequence of changes step by step.,Kerana ia hanya menunjukkan tarikh moden. / Because it only shows modern dates.,Kerana ia tidak mempunyai kaitan. / Because it is irrelevant.,Kerana ia hanya untuk matematik. / Because it is only for mathematics.,Kerana ia membantu melihat urutan perubahan secara berperingkat. / Because it helps show the sequence of changes step by step.,,
bab2,Bab 2: Zaman Air Batu,2-3-garis-masa-zaman-air-batu,2.3 Garis Masa Zaman Air Batu,multiple_choice,Apakah yang berlaku apabila suhu menurun? / What happens when temperatures drop?,,Ais berkembang di kawasan tertentu. / Ice expands in some areas.,Lautan menjadi kering sepenuhnya. / The oceans dry up completely.,Semua kawasan menjadi panas. / All regions become hot.,Hutan tumbuh dengan cepat. / Forests grow quickly.,Ais berkembang di kawasan tertentu. / Ice expands in some areas.,,
bab2,Bab 2: Zaman Air Batu,2-3-garis-masa-zaman-air-batu,2.3 Garis Masa Zaman Air Batu,objective,Nyatakan satu perubahan yang dapat dilihat dalam garis masa zaman air batu. / State one change that can be seen in the Ice Age timeline.,,,,,,Suhu berubah secara berulang dan menyebabkan ais berkembang serta surut. / Temperature changed repeatedly and caused ice to expand and retreat.,,
bab2,Bab 2: Zaman Air Batu,2-4-ciri-ciri-zaman-air-batu-akhir,2.4 Ciri-ciri Zaman Air Batu Akhir,summary,"Topik ini membincangkan ciri-ciri utama zaman air batu akhir, termasuk kawasan ais, tumbuhan sejuk, dan perubahan cuaca yang ketara.","This topic discusses the main features of the late Ice Age, including ice-covered areas, cold plants, and significant weather changes.",,,,,,,
bab2,Bab 2: Zaman Air Batu,2-4-ciri-ciri-zaman-air-batu-akhir,2.4 Ciri-ciri Zaman Air Batu Akhir,fact,Zaman air batu akhir ditandai dengan kawasan ais yang luas dan suhu yang sangat sejuk.,The late Ice Age was marked by vast ice-covered regions and very cold temperatures.,,,,,,,
bab2,Bab 2: Zaman Air Batu,2-4-ciri-ciri-zaman-air-batu-akhir,2.4 Ciri-ciri Zaman Air Batu Akhir,fact,Tumbuhan yang tahan sejuk lebih dominan di kawasan tertentu.,Cold-tolerant plants became more dominant in some areas.,,,,,,,
bab2,Bab 2: Zaman Air Batu,2-4-ciri-ciri-zaman-air-batu-akhir,2.4 Ciri-ciri Zaman Air Batu Akhir,fact,Haiwan seperti mamalia besar dapat bertahan di kawasan sejuk.,Animals such as large mammals could survive in cold regions.,,,,,,,
bab2,Bab 2: Zaman Air Batu,2-4-ciri-ciri-zaman-air-batu-akhir,2.4 Ciri-ciri Zaman Air Batu Akhir,fact,Bentuk muka bumi berubah akibat hakisan dan pemendapan ais.,The landscape changed due to erosion and deposition by ice.,,,,,,,
bab2,Bab 2: Zaman Air Batu,2-4-ciri-ciri-zaman-air-batu-akhir,2.4 Ciri-ciri Zaman Air Batu Akhir,fact,Kawasan yang kini subur mungkin berubah menjadi tundra atau padang sejuk.,Areas that are now fertile may have become tundra or cold grasslands.,,,,,,,
bab2,Bab 2: Zaman Air Batu,2-4-ciri-ciri-zaman-air-batu-akhir,2.4 Ciri-ciri Zaman Air Batu Akhir,multiple_choice,Apakah ciri utama zaman air batu akhir? / What was a main feature of the late Ice Age?,,Suhu yang sangat sejuk dan kawasan ais yang luas. / Very cold temperatures and extensive ice coverage.,Suhu panas sepanjang masa. / Constant hot temperatures.,Lautan yang sangat kecil. / Very small oceans.,Hutan tropika yang sangat tebal. / Very thick tropical forests.,Suhu yang sangat sejuk dan kawasan ais yang luas. / Very cold temperatures and extensive ice coverage.,,
bab2,Bab 2: Zaman Air Batu,2-4-ciri-ciri-zaman-air-batu-akhir,2.4 Ciri-ciri Zaman Air Batu Akhir,multiple_choice,Mengapakah tumbuhan sejuk penting semasa zaman air batu akhir? / Why were cold plants important during the late Ice Age?,,Kerana ia membantu menyesuaikan ekosistem dengan cuaca sejuk. / Because they helped ecosystems adapt to cold weather.,Kerana ia menghalang semua haiwan hidup. / Because they prevented all animals from living.,Kerana ia menjadikan kawasan lebih panas. / Because they made areas hotter.,Kerana ia tidak mempunyai sebarang fungsi. / Because they had no function.,Kerana ia membantu menyesuaikan ekosistem dengan cuaca sejuk. / Because they helped ecosystems adapt to cold weather.,,
bab2,Bab 2: Zaman Air Batu,2-4-ciri-ciri-zaman-air-batu-akhir,2.4 Ciri-ciri Zaman Air Batu Akhir,objective,Nyatakan satu ciri tumbuhan atau haiwan semasa zaman air batu akhir. / State one feature of plants or animals during the late Ice Age.,,,,,,Tumbuhan dan haiwan yang tahan sejuk lebih dominan dan dapat bertahan dalam iklim sejuk. / Cold-tolerant plants and animals were more dominant and able to survive in cold climates.,,
bab2,Bab 2: Zaman Air Batu,2-5-perubahan-zaman-air-batu-akhir,2.5 Perubahan Zaman Air Batu Akhir,summary,Topik ini menerangkan perubahan bentuk muka bumi dan paras laut akibat penyejukan dan pencairan ais.,This topic explains changes in landforms and sea level caused by cooling and melting ice.,,,,,,,
bab2,Bab 2: Zaman Air Batu,2-5-perubahan-zaman-air-batu-akhir,2.5 Perubahan Zaman Air Batu Akhir,fact,Perubahan iklim menyebabkan paras laut berubah dari masa ke masa.,Climate change caused sea levels to change over time.,,,,,,,
bab2,Bab 2: Zaman Air Batu,2-5-perubahan-zaman-air-batu-akhir,2.5 Perubahan Zaman Air Batu Akhir,fact,Penyejukan menyebabkan laut berkurang dan kawasan daratan terdedah.,Cooling caused the sea to shrink and exposed more land.,,,,,,,
bab2,Bab 2: Zaman Air Batu,2-5-perubahan-zaman-air-batu-akhir,2.5 Perubahan Zaman Air Batu Akhir,fact,Pencairan ais pula meningkatkan paras laut dan mengubah pantai.,Melting ice raised sea levels and changed coastlines.,,,,,,,
bab2,Bab 2: Zaman Air Batu,2-5-perubahan-zaman-air-batu-akhir,2.5 Perubahan Zaman Air Batu Akhir,fact,Perubahan ini mempengaruhi habitat manusia dan haiwan.,These changes affected the habitats of humans and animals.,,,,,,,
bab2,Bab 2: Zaman Air Batu,2-5-perubahan-zaman-air-batu-akhir,2.5 Perubahan Zaman Air Batu Akhir,fact,Landskap yang berubah membentuk laluan baru untuk pergerakan manusia.,The changing landscape created new routes for human movement.,,,,,,,
bab2,Bab 2: Zaman Air Batu,2-5-perubahan-zaman-air-batu-akhir,2.5 Perubahan Zaman Air Batu Akhir,multiple_choice,Apakah yang berlaku apabila ais mencair? / What happens when ice melts?,,Paras laut meningkat. / Sea levels rise.,Semua kawasan menjadi beku. / All areas become frozen.,Hutan hilang sepenuhnya. / Forests disappear completely.,Tiada perubahan berlaku. / No change occurs.,Paras laut meningkat. / Sea levels rise.,,
bab2,Bab 2: Zaman Air Batu,2-5-perubahan-zaman-air-batu-akhir,2.5 Perubahan Zaman Air Batu Akhir,multiple_choice,Mengapakah perubahan paras laut penting kepada manusia? / Why are changes in sea level important to humans?,,Kerana ia mengubah kawasan penempatan dan sumber makanan. / Because it changes settlement areas and food sources.,Kerana ia hanya menjejaskan haiwan laut. / Because it only affects marine animals.,Kerana ia membuat cuaca lebih sejuk. / Because it makes the weather colder.,Kerana ia mencipta mesin moden. / Because it creates modern machines.,Kerana ia mengubah kawasan penempatan dan sumber makanan. / Because it changes settlement areas and food sources.,,
bab2,Bab 2: Zaman Air Batu,2-5-perubahan-zaman-air-batu-akhir,2.5 Perubahan Zaman Air Batu Akhir,objective,Nyatakan satu kesan pencairan ais terhadap alam sekitar. / State one effect of ice melting on the environment.,,,,,,Pencairan ais meningkatkan paras laut dan mengubah garis pantai. / Melting ice raises sea levels and changes coastlines.,,
bab2,Bab 2: Zaman Air Batu,2-6-kesan-perubahan-zaman-air-batu-di-asia-tenggara,2.6 Kesan Perubahan Zaman Air Batu di Asia Tenggara,summary,"Topik ini menerangkan kesan perubahan zaman air batu terhadap Asia Tenggara, termasuk kawasan daratan yang terdedah dan perubahan ekosistem.","This topic explains the effects of Ice Age changes in Southeast Asia, including exposed land areas and ecosystem changes.",,,,,,,
bab2,Bab 2: Zaman Air Batu,2-6-kesan-perubahan-zaman-air-batu-di-asia-tenggara,2.6 Kesan Perubahan Zaman Air Batu di Asia Tenggara,fact,Perubahan zaman air batu mempengaruhi Asia Tenggara melalui perubahan paras laut dan bentuk muka bumi.,Ice Age changes affected Southeast Asia through changes in sea level and landforms.,,,,,,,
bab2,Bab 2: Zaman Air Batu,2-6-kesan-perubahan-zaman-air-batu-di-asia-tenggara,2.6 Kesan Perubahan Zaman Air Batu di Asia Tenggara,fact,Kawasan daratan yang terdedah membolehkan pergerakan haiwan dan manusia ke kawasan yang berbeza.,Exposed land areas allowed animals and humans to move to different places.,,,,,,,
bab2,Bab 2: Zaman Air Batu,2-6-kesan-perubahan-zaman-air-batu-di-asia-tenggara,2.6 Kesan Perubahan Zaman Air Batu di Asia Tenggara,fact,Ekosistem berubah apabila kawasan sejuk menggantikan kawasan tropika tertentu.,Ecosystems changed when cold regions replaced some tropical areas.,,,,,,,
bab2,Bab 2: Zaman Air Batu,2-6-kesan-perubahan-zaman-air-batu-di-asia-tenggara,2.6 Kesan Perubahan Zaman Air Batu di Asia Tenggara,fact,"Perubahan ini mempengaruhi taburan tumbuhan, haiwan, dan masyarakat awal.","These changes affected the distribution of plants, animals, and early communities.",,,,,,,
bab2,Bab 2: Zaman Air Batu,2-6-kesan-perubahan-zaman-air-batu-di-asia-tenggara,2.6 Kesan Perubahan Zaman Air Batu di Asia Tenggara,fact,Kesan zaman air batu masih dapat dilihat dalam bentuk landskap dan taburan sumber.,The effects of the Ice Age can still be seen in the landscape and distribution of resources.,,,,,,,
bab2,Bab 2: Zaman Air Batu,2-6-kesan-perubahan-zaman-air-batu-di-asia-tenggara,2.6 Kesan Perubahan Zaman Air Batu di Asia Tenggara,multiple_choice,Mengapakah Asia Tenggara terjejas oleh perubahan zaman air batu? / Why was Southeast Asia affected by changes during the Ice Age?,,Kerana perubahan paras laut dan bentuk muka bumi mempengaruhi kawasan ini. / Because changes in sea level and landforms affected the region.,Kerana tiada haiwan hidup di kawasan ini. / Because no animals lived in the region.,Kerana cuaca sentiasa panas. / Because the weather was always hot.,Kerana laut menghilang sepenuhnya. / Because the sea disappeared completely.,Kerana perubahan paras laut dan bentuk muka bumi mempengaruhi kawasan ini. / Because changes in sea level and landforms affected the region.,,
bab2,Bab 2: Zaman Air Batu,2-6-kesan-perubahan-zaman-air-batu-di-asia-tenggara,2.6 Kesan Perubahan Zaman Air Batu di Asia Tenggara,multiple_choice,Apakah kesan perubahan zaman air batu terhadap ekosistem Asia Tenggara? / What effect did Ice Age changes have on Southeast Asian ecosystems?,,Ekosistem berubah dan taburan hidupan berubah. / Ecosystems changed and the distribution of life changed.,Semua hutan musnah sepenuhnya. / All forests were completely destroyed.,Tiada perubahan berlaku. / No change occurred.,Semua laut menjadi beku. / All oceans became frozen.,Ekosistem berubah dan taburan hidupan berubah. / Ecosystems changed and the distribution of life changed.,,
bab2,Bab 2: Zaman Air Batu,2-6-kesan-perubahan-zaman-air-batu-di-asia-tenggara,2.6 Kesan Perubahan Zaman Air Batu di Asia Tenggara,objective,Nyatakan satu kesan perubahan zaman air batu terhadap Asia Tenggara. / State one effect of Ice Age changes on Southeast Asia.,,,,,,"Ia mengubah paras laut, landskap, dan taburan manusia serta hidupan. / It changed sea level, landscapes, and the distribution of humans and life.",,
bab3,Bab 3: Zaman Prasejarah,3-1-maksud-zaman-prasejarah,3.1 Maksud Zaman Prasejarah,summary,"Topik ini menerangkan maksud zaman prasejarah, pembahagian zaman batu dan zaman logam, serta perkembangan teknologi dan kehidupan manusia awal.","This topic explains the meaning of the prehistoric age, the division between the Stone Age and Metal Age, and the development of technology and early human life.",,,,,,,
bab3,Bab 3: Zaman Prasejarah,3-1-maksud-zaman-prasejarah,3.1 Maksud Zaman Prasejarah,fact,Zaman prasejarah ialah zaman sebelum manusia mengenal tulisan.,The prehistoric age is the period before humans knew writing.,,,,,,,
bab3,Bab 3: Zaman Prasejarah,3-1-maksud-zaman-prasejarah,3.1 Maksud Zaman Prasejarah,fact,Zaman ini terbahagi kepada Zaman Batu dan Zaman Logam.,It is divided into the Stone Age and the Metal Age.,,,,,,,
bab3,Bab 3: Zaman Prasejarah,3-1-maksud-zaman-prasejarah,3.1 Maksud Zaman Prasejarah,fact,Zaman Paleolitik menekankan teknologi batu ringkas dan kehidupan nomad.,The Palaeolithic Age emphasized simple stone technology and nomadic life.,,,,,,,
bab3,Bab 3: Zaman Prasejarah,3-1-maksud-zaman-prasejarah,3.1 Maksud Zaman Prasejarah,fact,Zaman Mesolitik menonjolkan pemburuan binatang dan penangkapan ikan.,The Mesolithic Age highlighted animal hunting and fishing.,,,,,,,
bab3,Bab 3: Zaman Prasejarah,3-1-maksud-zaman-prasejarah,3.1 Maksud Zaman Prasejarah,fact,"Zaman Neolitik memperlihatkan petempatan menetap, pertanian, penternakan, dan tembikar.","The Neolithic Age saw settled settlements, farming, animal husbandry, and pottery.",,,,,,,
bab3,Bab 3: Zaman Prasejarah,3-1-maksud-zaman-prasejarah,3.1 Maksud Zaman Prasejarah,fact,"Zaman Logam melibatkan inovasi gangsa dan besi, pelayaran, dan perdagangan barter.","The Metal Age involved bronze and iron innovations, seafaring, and barter trade.",,,,,,,
bab3,Bab 3: Zaman Prasejarah,3-1-maksud-zaman-prasejarah,3.1 Maksud Zaman Prasejarah,multiple_choice,Apakah maksud zaman prasejarah? / What is the meaning of the prehistoric age?,,Zaman sebelum manusia mengenali tulisan. / The age before humans knew writing.,Zaman selepas penciptaan roda. / The age after the invention of the wheel.,Zaman manusia mula menggunakan besi. / The age when humans started using iron.,Zaman manusia membina bandar besar. / The age when humans built large cities.,Zaman sebelum manusia mengenali tulisan. / The age before humans knew writing.,,
bab3,Bab 3: Zaman Prasejarah,3-1-maksud-zaman-prasejarah,3.1 Maksud Zaman Prasejarah,multiple_choice,Apakah urutan yang betul bagi perkembangan Zaman Batu? / What is the correct sequence of the Stone Age development?,,Mesolitik -> Paleolitik -> Neolitik / Mesolithic -> Palaeolithic -> Neolithic,Neolitik -> Mesolitik -> Paleolitik / Neolithic -> Mesolithic -> Palaeolithic,Paleolitik -> Mesolitik -> Neolitik / Palaeolithic -> Mesolithic -> Neolithic,Paleolitik -> Neolitik -> Mesolitik / Palaeolithic -> Neolithic -> Mesolithic,Paleolitik -> Mesolitik -> Neolitik / Palaeolithic -> Mesolithic -> Neolithic,,
bab3,Bab 3: Zaman Prasejarah,3-1-maksud-zaman-prasejarah,3.1 Maksud Zaman Prasejarah,objective,Terangkan dua perbezaan utama antara Zaman Paleolitik dan Zaman Neolitik. / Explain two main differences between the Palaeolithic and Neolithic Ages.,,,,,,"Pada Zaman Paleolitik, manusia menggunakan peralatan batu kasar dan hidup secara nomad; pada Zaman Neolitik, mereka menggunakan alat batu yang lebih halus dan mula hidup menetap serta bercucuk tanam. / In the Palaeolithic Age, humans used rough stone tools and lived a nomadic life; in the Neolithic Age, they used finer tools and began living in settled communities and farming.",,
bab3,Bab 3: Zaman Prasejarah,3-2-lokasi-zaman-prasejarah-di-dunia-dan-asia-tenggara,3.2 Lokasi Zaman Prasejarah di Dunia dan Asia Tenggara,summary,"Topik ini menerangkan lokasi tapak prasejarah di dunia dan Asia Tenggara, termasuk bukti penemuan artifak dan ekofak.","This topic explains the locations of prehistoric sites in the world and Southeast Asia, including evidence of artifacts and ecofacts.",,,,,,,
bab3,Bab 3: Zaman Prasejarah,3-2-lokasi-zaman-prasejarah-di-dunia-dan-asia-tenggara,3.2 Lokasi Zaman Prasejarah di Dunia dan Asia Tenggara,fact,Tapak prasejarah dikesan melalui penemuan artifak dan ekofak di kawasan terbuka atau gua.,Prehistoric sites are identified through artifacts and ecofacts found in open areas or caves.,,,,,,,
bab3,Bab 3: Zaman Prasejarah,3-2-lokasi-zaman-prasejarah-di-dunia-dan-asia-tenggara,3.2 Lokasi Zaman Prasejarah di Dunia dan Asia Tenggara,fact,"Contoh tapak dunia termasuk Altamira, Chauvet Cave, Catal Huyuk, Stonehenge, Bhimbetka, Zhoukoudian, Shahr-i-Sokhta, dan Gobekli Tepe.","Examples of world sites include Altamira, Chauvet Cave, Catal Huyuk, Stonehenge, Bhimbetka, Zhoukoudian, Shahr-i-Sokhta, and Gobekli Tepe.",,,,,,,
bab3,Bab 3: Zaman Prasejarah,3-2-lokasi-zaman-prasejarah-di-dunia-dan-asia-tenggara,3.2 Lokasi Zaman Prasejarah di Dunia dan Asia Tenggara,fact,"Contoh tapak di Asia Tenggara termasuk Lenggong, Ban Chiang, Liang Bua Cave, Padah-lin Cave, Sa Hyun, dan Tabon Cave.","Examples in Southeast Asia include Lenggong, Ban Chiang, Liang Bua Cave, Padah-lin Cave, Sa Hyun, and Tabon Cave.",,,,,,,
bab3,Bab 3: Zaman Prasejarah,3-2-lokasi-zaman-prasejarah-di-dunia-dan-asia-tenggara,3.2 Lokasi Zaman Prasejarah di Dunia dan Asia Tenggara,fact,"Penemuan tapak prasejarah membantu ahli arkeologi memahami petempatan, penguburan, dan peralatan masyarakat awal.","Discoveries of prehistoric sites help archaeologists understand settlements, burials, and the tools of early societies.",,,,,,,
bab3,Bab 3: Zaman Prasejarah,3-2-lokasi-zaman-prasejarah-di-dunia-dan-asia-tenggara,3.2 Lokasi Zaman Prasejarah di Dunia dan Asia Tenggara,fact,Tapak-tapak ini menjadi bukti penting tentang kehidupan manusia sebelum kemunculan tulisan.,These sites are important evidence of human life before the advent of writing.,,,,,,,
bab3,Bab 3: Zaman Prasejarah,3-2-lokasi-zaman-prasejarah-di-dunia-dan-asia-tenggara,3.2 Lokasi Zaman Prasejarah di Dunia dan Asia Tenggara,multiple_choice,Rangka manusia 'Peking Man' ditemui di tapak prasejarah manakah? / The human skeleton 'Peking Man' was discovered at which prehistoric site?,,"Catal Huyuk, Turkey","Zhoukoudian, China","Bhimbetka, India","Altamira, Spain","Zhoukoudian, China",,
bab3,Bab 3: Zaman Prasejarah,3-2-lokasi-zaman-prasejarah-di-dunia-dan-asia-tenggara,3.2 Lokasi Zaman Prasejarah di Dunia dan Asia Tenggara,multiple_choice,"Gua Liang Bua di Flores, Indonesia terkenal dengan penemuan fosil apa? / Liang Bua Cave in Flores, Indonesia is famous for the discovery of which fossil?",,Perak Man,Peking Man,Flores Man (Homo Floresiensis),Java Man,Flores Man (Homo Floresiensis),,
bab3,Bab 3: Zaman Prasejarah,3-2-lokasi-zaman-prasejarah-di-dunia-dan-asia-tenggara,3.2 Lokasi Zaman Prasejarah di Dunia dan Asia Tenggara,objective,Nyatakan fungsi penemuan tapak zaman prasejarah kepada ahli arkeologi. / State the function of discovering prehistoric sites to archaeologists.,,,,,,"Tapak prasejarah berfungsi sebagai bukti petempatan, kawasan perkuburan, kawasan perburuan, dan tempat pembuatan peralatan batu atau ritual masyarakat prasejarah. / Prehistoric sites serve as evidence of settlements, burial grounds, hunting areas, and manufacturing sites for stone tools or rituals of prehistoric societies.",,
bab3,Bab 3: Zaman Prasejarah,3-3-ciri-ciri-kehidupan-manusia-zaman-prasejarah,3.3 Ciri-ciri Kehidupan Manusia Zaman Prasejarah,summary,"Topik ini menerangkan ciri kehidupan manusia prasejarah dari segi kediaman, ekonomi, kepercayaan, dan kesenian.","This topic explains the characteristics of prehistoric human life in terms of dwellings, economy, beliefs, and art.",,,,,,,
bab3,Bab 3: Zaman Prasejarah,3-3-ciri-ciri-kehidupan-manusia-zaman-prasejarah,3.3 Ciri-ciri Kehidupan Manusia Zaman Prasejarah,fact,Kediaman manusia berubah daripada gua dan ranting kepada rumah tetap batu atau kayu.,Human dwellings changed from caves and branches to permanent stone or wooden houses.,,,,,,,
bab3,Bab 3: Zaman Prasejarah,3-3-ciri-ciri-kehidupan-manusia-zaman-prasejarah,3.3 Ciri-ciri Kehidupan Manusia Zaman Prasejarah,fact,"Ekonomi berubah daripada sara diri dan nomad kepada pertanian, penternakan, dan sistem barter.","Economies shifted from subsistence and nomadic life to agriculture, animal husbandry, and barter systems.",,,,,,,
bab3,Bab 3: Zaman Prasejarah,3-3-ciri-ciri-kehidupan-manusia-zaman-prasejarah,3.3 Ciri-ciri Kehidupan Manusia Zaman Prasejarah,fact,"Kepercayaan berkembang daripada animisme kepada ritual, penyembahan alam, dan kepercayaan kepada kehidupan selepas mati.","Beliefs evolved from animism to rituals, nature worship, and belief in life after death.",,,,,,,
bab3,Bab 3: Zaman Prasejarah,3-3-ciri-ciri-kehidupan-manusia-zaman-prasejarah,3.3 Ciri-ciri Kehidupan Manusia Zaman Prasejarah,fact,Seni pula berkembang daripada lukisan gua realistik kepada corak simbolik dan geometri pada tembikar serta gendang gangsa.,Art evolved from realistic cave paintings to symbolic and geometric designs on pottery and bronze drums.,,,,,,,
bab3,Bab 3: Zaman Prasejarah,3-3-ciri-ciri-kehidupan-manusia-zaman-prasejarah,3.3 Ciri-ciri Kehidupan Manusia Zaman Prasejarah,fact,Organisasi sosial mula menjadi lebih teratur dengan pembahagian peranan dan kelas.,Social organization became more structured with role and class divisions.,,,,,,,
bab3,Bab 3: Zaman Prasejarah,3-3-ciri-ciri-kehidupan-manusia-zaman-prasejarah,3.3 Ciri-ciri Kehidupan Manusia Zaman Prasejarah,multiple_choice,Apakah bentuk kepercayaan manusia Zaman Paleolitik? / What was the form of belief system of Palaeolithic humans?,,Menyembah berhala / Idolatry,Animisme / Animism,Monoteisme / Monotheism,Keagamaan tersusun / Organized religion,Animisme / Animism,,
bab3,Bab 3: Zaman Prasejarah,3-3-ciri-ciri-kehidupan-manusia-zaman-prasejarah,3.3 Ciri-ciri Kehidupan Manusia Zaman Prasejarah,multiple_choice,Apakah keistimewaan seni pada Zaman Neolitik? / What was the artistic highlight during the Neolithic Age?,,Pola geometri pada tembikar / Geometric patterns on pottery,Ukiran gangsa / Bronze carving,Lukisan gua realisme / Realism cave painting,Patung ukiran batu besar / Megalithic statue carvings,Pola geometri pada tembikar / Geometric patterns on pottery,,
bab3,Bab 3: Zaman Prasejarah,3-3-ciri-ciri-kehidupan-manusia-zaman-prasejarah,3.3 Ciri-ciri Kehidupan Manusia Zaman Prasejarah,objective,Mengapakah pembahagian kelas sosial mula wujud pada Zaman Neolitik? / Why did social class divisions begin during the Neolithic Age?,,,,,,Kerana manusia mula hidup menetap dan membentuk sistem sosial yang lebih teratur. / Because humans began living in settled communities and forming a more organized social system.,,
bab3,Bab 3: Zaman Prasejarah,3-4-kesinambungan-sumbangan-zaman-prasejarah,3.4 Kesinambungan Sumbangan Zaman Prasejarah,summary,Topik ini menerangkan bagaimana aktiviti prasejarah diteruskan dan dipertingkat dalam masyarakat moden hari ini.,This topic explains how prehistoric activities continued and improved in modern society today.,,,,,,,
bab3,Bab 3: Zaman Prasejarah,3-4-kesinambungan-sumbangan-zaman-prasejarah,3.4 Kesinambungan Sumbangan Zaman Prasejarah,fact,Aktiviti pertanian dan penternakan berkembang daripada sara diri kepada industri komersial besar-besaran.,Agriculture and livestock activities evolved from subsistence to large-scale commercial industries.,,,,,,,
bab3,Bab 3: Zaman Prasejarah,3-4-kesinambungan-sumbangan-zaman-prasejarah,3.4 Kesinambungan Sumbangan Zaman Prasejarah,fact,Aktiviti memburu binatang berubah daripada keperluan hidup kepada hobi berlesen.,Animal hunting changed from a survival necessity to a licensed hobby.,,,,,,,
bab3,Bab 3: Zaman Prasejarah,3-4-kesinambungan-sumbangan-zaman-prasejarah,3.4 Kesinambungan Sumbangan Zaman Prasejarah,fact,Peralatan dan tembikar berkembang daripada batu dan tulang kepada mesin moden dan industri penting.,Tools and pottery evolved from stone and bone to modern machinery and important industries.,,,,,,,
bab3,Bab 3: Zaman Prasejarah,3-4-kesinambungan-sumbangan-zaman-prasejarah,3.4 Kesinambungan Sumbangan Zaman Prasejarah,fact,Amalan menghormati orang mati dan seni bina megalitik terus memberi inspirasi kepada masyarakat moden.,Practices of honoring the dead and megalithic architecture continue to inspire modern societies.,,,,,,,
bab3,Bab 3: Zaman Prasejarah,3-4-kesinambungan-sumbangan-zaman-prasejarah,3.4 Kesinambungan Sumbangan Zaman Prasejarah,fact,Sumbangan prasejarah masih dapat dilihat dalam kehidupan seharian moden.,Prehistoric contributions are still visible in everyday modern life.,,,,,,,
bab3,Bab 3: Zaman Prasejarah,3-4-kesinambungan-sumbangan-zaman-prasejarah,3.4 Kesinambungan Sumbangan Zaman Prasejarah,multiple_choice,Bagaimanakah aktiviti memburu binatang dijalankan pada zaman moden kini? / How is animal hunting carried out in modern times today?,,Dijalankan untuk sara diri sahaja / Carried out solely for subsistence,Dijalankan sebagai hobi dengan lesen berdaftar / Carried out as a hobby with a registered license,Menggunakan perangkap batu kasar / Using rough stone traps,Dilarang sepenuhnya di seluruh dunia / Strictly prohibited worldwide,Dijalankan sebagai hobi dengan lesen berdaftar / Carried out as a hobby with a registered license,,
bab3,Bab 3: Zaman Prasejarah,3-4-kesinambungan-sumbangan-zaman-prasejarah,3.4 Kesinambungan Sumbangan Zaman Prasejarah,multiple_choice,"Apakah contoh industri tembikar warisan prasejarah yang terkenal di Kuala Kangsar, Perak? / What is a famous example of a prehistoric heritage pottery industry in Kuala Kangsar, Perak?",,Gendang Gangsa / Bronze Drum,Tembikar Dinasti Ming / Ming Dynasty Pottery,Labu Sayong / Labu Sayong,Pasu Terracotta / Terracotta Vase,Labu Sayong / Labu Sayong,,
bab3,Bab 3: Zaman Prasejarah,3-4-kesinambungan-sumbangan-zaman-prasejarah,3.4 Kesinambungan Sumbangan Zaman Prasejarah,objective,Nyatakan dua contoh aktiviti zaman prasejarah yang masih diamalkan dalam masyarakat moden. / State two examples of prehistoric activities still practiced in modern society.,,,,,,"Aktiviti pertanian dan penternakan, serta pembuatan tembikar. / Agricultural and livestock activities, as well as pottery making.",,
bab3,Bab 3: Zaman Prasejarah,3-5-zaman-prasejarah-di-malaysia,3.5 Zaman Prasejarah di Malaysia,summary,"Topik ini menerangkan perkembangan zaman prasejarah di Malaysia dari Paleolitik hingga Logam, beserta bukti arkeologi yang ditemui.","This topic explains the development of the prehistoric age in Malaysia from the Palaeolithic to the Metal Age, along with archaeological evidence found.",,,,,,,
bab3,Bab 3: Zaman Prasejarah,3-5-zaman-prasejarah-di-malaysia,3.5 Zaman Prasejarah di Malaysia,fact,"Malaysia meliputi Zaman Paleolitik, Hoabinhian/Epi-Paleolitik, Neolitik, dan Logam.","Malaysia covered the Palaeolithic, Hoabinhian/Epi-Palaeolithic, Neolithic, and Metal Ages.",,,,,,,
bab3,Bab 3: Zaman Prasejarah,3-5-zaman-prasejarah-di-malaysia,3.5 Zaman Prasejarah di Malaysia,fact,"Bukti kewujudan prasejarah di Malaysia termasuk peralatan batu dan logam, tembikar, manik, lukisan gua, ukiran batu, dan budaya megalit.","Evidence of prehistoric life in Malaysia includes stone and metal tools, pottery, beads, cave paintings, stone carvings, and megalithic culture.",,,,,,,
bab3,Bab 3: Zaman Prasejarah,3-5-zaman-prasejarah-di-malaysia,3.5 Zaman Prasejarah di Malaysia,fact,"Contoh tapak penting termasuk Kota Tampan, Gua Niah, Tingkayu, Gua Cha, Jenderam Hilir, Gua Kecil, Lubang Angin, Lembah Bernam, dan Sungai Tembeling.","Important sites include Kota Tampan, Niah Cave, Tingkayu, Gua Cha, Jenderam Hilir, Gua Kecil, Lubang Angin, Bernam Valley, and Sungai Tembeling.",,,,,,,
bab3,Bab 3: Zaman Prasejarah,3-5-zaman-prasejarah-di-malaysia,3.5 Zaman Prasejarah di Malaysia,fact,"Kaedah pengebumian prasejarah di Malaysia termasuk pengebumian memanjang, melentur, keranda kayu, tempayan, dan kubur kepingan batu.","Burial methods included extended burial, flexed burial, wooden coffins, jar burial, and stone-slab graves.",,,,,,,
bab3,Bab 3: Zaman Prasejarah,3-5-zaman-prasejarah-di-malaysia,3.5 Zaman Prasejarah di Malaysia,fact,"Penemuan di Malaysia menunjukkan masyarakat prasejarah sudah mempunyai kemampuan ekonomi, sosial, dan kepercayaan yang kompleks.","Findings in Malaysia show prehistoric communities already had complex economic, social, and belief systems.",,,,,,,
bab3,Bab 3: Zaman Prasejarah,3-5-zaman-prasejarah-di-malaysia,3.5 Zaman Prasejarah di Malaysia,multiple_choice,"Rangka 'Perak Man' yang berusia 11,000 hingga 10,000 SM ditemui di kawasan mana? / The 'Perak Man' skeleton dating back 11,000 to 10,000 BC was found in which area?",,"Gua Niah, Sarawak","Lenggong, Perak","Tingkayu, Sabah","Jenderam Hilir, Selangor","Lenggong, Perak",,
bab3,Bab 3: Zaman Prasejarah,3-5-zaman-prasejarah-di-malaysia,3.5 Zaman Prasejarah di Malaysia,multiple_choice,Apakah nama alat batu khas yang digunakan untuk menuai padi pada Zaman Neolitik di Pahang? / What is the special stone tool used for harvesting rice during the Neolithic Age in Pahang?,,Mikrolit / Microlith,Pisau Tembeling / Tembeling Knife,Kapak Bersoket / Socketed Axe,Tulang Mawas / Ape Bone Tool,Pisau Tembeling / Tembeling Knife,,
bab3,Bab 3: Zaman Prasejarah,3-5-zaman-prasejarah-di-malaysia,3.5 Zaman Prasejarah di Malaysia,objective,Berikan dua bukti arkeologi yang menunjukkan kewujudan zaman prasejarah di Malaysia. / Provide two archaeological evidences showing the existence of the prehistoric age in Malaysia.,,,,,,Penemuan peralatan batu/logam seperti di Kota Tampan dan penemuan lukisan gua serta tembikar seperti di Gua Niah. / Discovery of stone/metal tools such as in Kota Tampan and discovery of cave paintings and pottery such as in Niah Cave.,,
bab4,Bab 4: Mengenali Tamadun,4-1-maksud-tamadun,4.1 Maksud Tamadun,summary,"Topik ini menerangkan maksud tamadun dari sudut bahasa Yunani, Arab, Inggeris, dan Melayu, serta hubungannya dengan kemajuan masyarakat.","This topic explains the meaning of civilisation from Greek, Arabic, English, and Malay perspectives, as well as its relationship to societal progress.",,,,,,,
bab4,Bab 4: Mengenali Tamadun,4-1-maksud-tamadun,4.1 Maksud Tamadun,fact,Perkataan civitas dalam bahasa Yunani membawa maksud bandar atau kota.,The word civitas in Greek means town or city.,,,,,,,
bab4,Bab 4: Mengenali Tamadun,4-1-maksud-tamadun,4.1 Maksud Tamadun,fact,"Dalam bahasa Inggeris, civilisation merujuk kepada peringkat perkembangan manusia dan organisasi yang dianggap maju.","In English, civilisation refers to the level of human and organizational development regarded as advanced.",,,,,,,
bab4,Bab 4: Mengenali Tamadun,4-1-maksud-tamadun,4.1 Maksud Tamadun,fact,"Dalam bahasa Arab, istilah seperti mudun, madain, madana, hadharah, dan hadari berkaitan dengan bandar, kekayaan, dan kehidupan yang tersusun.","In Arabic, terms such as mudun, madain, madana, hadharah, and hadari are related to cities, wealth, and organized life.",,,,,,,
bab4,Bab 4: Mengenali Tamadun,4-1-maksud-tamadun,4.1 Maksud Tamadun,fact,"Dalam bahasa Melayu, tamadun sering dikaitkan dengan perkataan peradaban yang merujuk kepada kemajuan dalam kebendaan dan pemikiran.","In Malay, civilisation is often associated with the word peradaban, meaning progress in material life and thought.",,,,,,,
bab4,Bab 4: Mengenali Tamadun,4-1-maksud-tamadun,4.1 Maksud Tamadun,fact,"Tamadun melibatkan perkembangan budaya, sains, industri, ekonomi, dan sistem kerajaan.","Civilisation involves the development of culture, science, industry, economy, and government systems.",,,,,,,
bab4,Bab 4: Mengenali Tamadun,4-1-maksud-tamadun,4.1 Maksud Tamadun,multiple_choice,Perkataan 'Civitas' dalam bahasa Yunani membawa maksud... / The word 'Civitas' in Greek means...,,Bandar atau kota / Town or city,Perkembangan rohani / Spiritual development,Kepercayaan tempatan / Local belief,Sistem pertanian / Agricultural system,Bandar atau kota / Town or city,,
bab4,Bab 4: Mengenali Tamadun,4-1-maksud-tamadun,4.1 Maksud Tamadun,multiple_choice,Istilah bahasa Arab yang merujuk kepada kawasan atau bandar yang digunakan untuk bertani ialah... / The Arabic term referring to a region or city used for farming is...,,Madana,Mudun,Hadharah,Peradaban,Hadharah,,
bab4,Bab 4: Mengenali Tamadun,4-1-maksud-tamadun,4.1 Maksud Tamadun,objective,Nyatakan satu maksud tamadun dalam bahasa Melayu. / State one meaning of civilisation in Malay.,,,,,,"Dalam bahasa Melayu, tamadun dikaitkan dengan peradaban yang merujuk kepada kemajuan dalam kebendaan dan pemikiran. / In Malay, civilisation is associated with peradaban, meaning progress in material life and thought.",,
bab4,Bab 4: Mengenali Tamadun,4-2-konsep-tamadun-islam-dan-barat,4.2 Konsep Tamadun (Islam & Barat),summary,"Topik ini membandingkan konsep tamadun menurut pandangan Islam dan Barat, termasuk fokus pembangunan lahiriah dan rohaniah.","This topic compares the concept of civilisation according to Islamic and Western views, including focus on physical and spiritual development.",,,,,,,
bab4,Bab 4: Mengenali Tamadun,4-2-konsep-tamadun-islam-dan-barat,4.2 Konsep Tamadun (Islam & Barat),fact,"Pandangan Islam membina tamadun atas asas Islam sebagai al-Din, iaitu cara hidup.","The Islamic view builds civilisation on the basis of Islam as al-Din, a way of life.",,,,,,,
bab4,Bab 4: Mengenali Tamadun,4-2-konsep-tamadun-islam-dan-barat,4.2 Konsep Tamadun (Islam & Barat),fact,Pandangan Islam menekankan keseimbangan perkembangan lahiriah dan rohaniah berdasarkan al-Quran dan Hadis.,The Islamic view emphasizes a balance between physical and spiritual development based on the Quran and Hadith.,,,,,,,
bab4,Bab 4: Mengenali Tamadun,4-2-konsep-tamadun-islam-dan-barat,4.2 Konsep Tamadun (Islam & Barat),fact,Ibn Khaldun memperkenalkan istilah umran dan hadharah dalam Muqaddimah.,Ibn Khaldun introduced the terms umran and hadharah in Muqaddimah.,,,,,,,
bab4,Bab 4: Mengenali Tamadun,4-2-konsep-tamadun-islam-dan-barat,4.2 Konsep Tamadun (Islam & Barat),fact,"Hadharah merangkumi akidah, undang-undang, akhlak, falsafah, dan budaya, manakala madaniyyah merujuk kepada aspek kebendaan.","Hadharah covers faith, law, morals, philosophy, and culture, while madaniyyah refers to material aspects.",,,,,,,
bab4,Bab 4: Mengenali Tamadun,4-2-konsep-tamadun-islam-dan-barat,4.2 Konsep Tamadun (Islam & Barat),fact,"Pandangan Barat lebih menekankan pembangunan lahiriah, kebendaan, sains, teknologi, ekonomi, dan pembandaran.","The Western view places more emphasis on physical and material development, science, technology, economics, and urbanization.",,,,,,,
bab4,Bab 4: Mengenali Tamadun,4-2-konsep-tamadun-islam-dan-barat,4.2 Konsep Tamadun (Islam & Barat),person,Beliau memperkenalkan konsep umran dan hadharah serta menilai perkembangan masyarakat dan tamadun.,He introduced the concepts of umran and hadharah and assessed the development of society and civilisation.,,,,,,Ibn Khaldun,Sejarawan dan pemikir Islam
bab4,Bab 4: Mengenali Tamadun,4-2-konsep-tamadun-islam-dan-barat,4.2 Konsep Tamadun (Islam & Barat),person,"Beliau mendefinisikan tamadun sebagai sistem yang memperkasakan politik, ekonomi, sosial, dan seni.","He defined civilisation as a system that strengthens politics, economy, society, and the arts.",,,,,,Arnold J. Toynbee,Sejarawan Barat
bab4,Bab 4: Mengenali Tamadun,4-2-konsep-tamadun-islam-dan-barat,4.2 Konsep Tamadun (Islam & Barat),multiple_choice,Apakah asas utama konsep tamadun menurut pandangan Islam? / What is the main foundation of the concept of civilisation in the Islamic view?,,Islam sebagai al-Din / Islam as al-Din,Pembangunan fizikal semata-mata / Physical development only,Pencapaian sains dan teknologi / Scientific and technological achievement,Sistem perdagangan bebas / Free trade system,Islam sebagai al-Din / Islam as al-Din,,
bab4,Bab 4: Mengenali Tamadun,4-2-konsep-tamadun-islam-dan-barat,4.2 Konsep Tamadun (Islam & Barat),multiple_choice,"Tokoh sejarawan Barat yang mendefinisikan tamadun sebagai sistem yang memperkasakan politik, ekonomi, sosial, dan seni ialah... / The Western historian who defined civilisation as a system empowering politics, economy, society, and arts is...",,E.H. Carr,Arnold J. Toynbee,Herodotus,Gordon Childe,Arnold J. Toynbee,,
bab4,Bab 4: Mengenali Tamadun,4-2-konsep-tamadun-islam-dan-barat,4.2 Konsep Tamadun (Islam & Barat),objective,Nyatakan satu perbezaan utama antara pandangan Islam dan pandangan Barat. / State one main difference between Islamic and Western views.,,,,,,"Pandangan Islam menekankan keseimbangan lahiriah dan rohaniah, manakala pandangan Barat lebih menekankan pembangunan lahiriah dan kebendaan. / The Islamic view emphasizes balance between physical and spiritual development, while the Western view emphasizes physical and material development.",,
bab4,Bab 4: Mengenali Tamadun,4-3-ciri-ciri-tamadun-awal-dunia,4.3 Ciri-ciri Tamadun Awal Dunia,summary,"Topik ini menerangkan ciri-ciri tamadun awal dunia seperti pertanian, perdagangan, sistem pemerintahan, pembentukan bandar, pengkhususan pekerjaan, teknologi, organisasi sosial, agama, tulisan, dan kesenian.","This topic explains the characteristics of early world civilisations such as agriculture, trade, government systems, urban formation, job specialization, technology, social organisation, religion, writing, and art.",,,,,,,
bab4,Bab 4: Mengenali Tamadun,4-3-ciri-ciri-tamadun-awal-dunia,4.3 Ciri-ciri Tamadun Awal Dunia,fact,Pertanian dan perdagangan menjadi asas perkembangan tamadun awal.,Agriculture and trade became the foundation of early civilisations.,,,,,,,
bab4,Bab 4: Mengenali Tamadun,4-3-ciri-ciri-tamadun-awal-dunia,4.3 Ciri-ciri Tamadun Awal Dunia,fact,Sistem pemerintahan berkembang daripada pendeta kepada raja dan undang-undang.,Government systems evolved from priests to kings and laws.,,,,,,,
bab4,Bab 4: Mengenali Tamadun,4-3-ciri-ciri-tamadun-awal-dunia,4.3 Ciri-ciri Tamadun Awal Dunia,fact,Kampung berkembang menjadi bandar yang tersusun dengan kubu dan kuil.,Villages developed into organized cities with forts and temples.,,,,,,,
bab4,Bab 4: Mengenali Tamadun,4-3-ciri-ciri-tamadun-awal-dunia,4.3 Ciri-ciri Tamadun Awal Dunia,fact,"Pekerjaan menjadi lebih khusus seperti pemungut cukai, askar, jurutera, petani, dan tukang.","Jobs became more specialized such as tax collectors, soldiers, engineers, farmers, and artisans.",,,,,,,
bab4,Bab 4: Mengenali Tamadun,4-3-ciri-ciri-tamadun-awal-dunia,4.3 Ciri-ciri Tamadun Awal Dunia,fact,"Teknologi seperti monumen, metalurgi, roda, dan bajak memajukan tamadun awal.","Technologies such as monuments, metallurgy, wheels, and plows advanced early civilisations.",,,,,,,
bab4,Bab 4: Mengenali Tamadun,4-3-ciri-ciri-tamadun-awal-dunia,4.3 Ciri-ciri Tamadun Awal Dunia,fact,"Organisasi sosial menjadi lebih hierarki dengan golongan pemerintah, tukang, petani, dan hamba.","Social organization became more hierarchical with rulers, artisans, farmers, and slaves.",,,,,,,
bab4,Bab 4: Mengenali Tamadun,4-3-ciri-ciri-tamadun-awal-dunia,4.3 Ciri-ciri Tamadun Awal Dunia,fact,Agama dan kepercayaan memainkan peranan penting dalam kehidupan masyarakat.,Religion and belief played an important role in people's lives.,,,,,,,
bab4,Bab 4: Mengenali Tamadun,4-3-ciri-ciri-tamadun-awal-dunia,4.3 Ciri-ciri Tamadun Awal Dunia,fact,Tulisan seperti piktograf dan kuneiform membantu menyimpan rekod.,Writing systems such as pictographs and cuneiform helped preserve records.,,,,,,,
bab4,Bab 4: Mengenali Tamadun,4-3-ciri-ciri-tamadun-awal-dunia,4.3 Ciri-ciri Tamadun Awal Dunia,fact,Kesenian dan kesusasteraan memperkukuh identiti dan budaya masyarakat.,Art and literature strengthened identity and culture.,,,,,,,
bab4,Bab 4: Mengenali Tamadun,4-3-ciri-ciri-tamadun-awal-dunia,4.3 Ciri-ciri Tamadun Awal Dunia,multiple_choice,"Dalam organisasi sosial tamadun awal, golongan manakah berada di lapisan paling bawah? / In the social organization of early civilisations, which group was at the lowest tier?",,Petani / Farmers,Artisans / Artisans,Hamba / Slaves,Pedagang / Merchants,Hamba / Slaves,,
bab4,Bab 4: Mengenali Tamadun,4-3-ciri-ciri-tamadun-awal-dunia,4.3 Ciri-ciri Tamadun Awal Dunia,multiple_choice,Apakah contoh sistem tulisan awal yang menggunakan piktograf dalam Tamadun Mesopotamia? / What is an example of an early writing system using pictographs in Mesopotamian civilisation?,,Hieroglif / Hieroglyphs,Kuneiform / Cuneiform,Abjad / Alphabet,Sanskrit / Sanskrit,Kuneiform / Cuneiform,,
bab4,Bab 4: Mengenali Tamadun,4-3-ciri-ciri-tamadun-awal-dunia,4.3 Ciri-ciri Tamadun Awal Dunia,objective,Senaraikan dua ciri utama perkembangan tamadun awal dunia. / List two main characteristics of the development of early world civilisations.,,,,,,"Pertanian dan perdagangan, serta pembentukan bandar dan sistem pemerintahan. / Agriculture and trade, as well as city formation and government systems.",,
bab5,Bab 5: Tamadun Awal Dunia,5-1-empat-lokasi-tamadun-awal-dunia,5.1 Empat Lokasi Tamadun Awal Dunia,summary,Topik ini menerangkan empat tamadun awal dunia yang berkembang di lembah sungai serta kepentingan sungai kepada masyarakatnya.,This topic explains four early world civilisations that developed in river valleys and the importance of rivers to their communities.,,,,,,,
bab5,Bab 5: Tamadun Awal Dunia,5-1-empat-lokasi-tamadun-awal-dunia,5.1 Empat Lokasi Tamadun Awal Dunia,fact,Tamadun Mesopotamia berkembang di antara Sungai Tigris dan Sungai Euphrates.,Mesopotamian Civilisation developed between the Tigris and Euphrates Rivers.,,,,,,,
bab5,Bab 5: Tamadun Awal Dunia,5-1-empat-lokasi-tamadun-awal-dunia,5.1 Empat Lokasi Tamadun Awal Dunia,fact,Tamadun Mesir Purba berkembang di Lembah Sungai Nil.,Ancient Egyptian Civilisation developed in the Nile River Valley.,,,,,,,
bab5,Bab 5: Tamadun Awal Dunia,5-1-empat-lokasi-tamadun-awal-dunia,5.1 Empat Lokasi Tamadun Awal Dunia,fact,Tamadun Indus berkembang di Lembah Sungai Indus.,Indus Civilisation developed in the Indus River Valley.,,,,,,,
bab5,Bab 5: Tamadun Awal Dunia,5-1-empat-lokasi-tamadun-awal-dunia,5.1 Empat Lokasi Tamadun Awal Dunia,fact,Tamadun Huang He berkembang di Lembah Sungai Huang He atau Sungai Kuning.,"Huang He Civilisation developed in the Huang He, or Yellow River, Valley.",,,,,,,
bab5,Bab 5: Tamadun Awal Dunia,5-1-empat-lokasi-tamadun-awal-dunia,5.1 Empat Lokasi Tamadun Awal Dunia,fact,"Sungai membekalkan air untuk pertanian dan kegunaan harian, di samping menjadi laluan perhubungan dan pengangkutan.","Rivers supplied water for agriculture and daily use, as well as routes for communication and transportation.",,,,,,,
bab5,Bab 5: Tamadun Awal Dunia,5-1-empat-lokasi-tamadun-awal-dunia,5.1 Empat Lokasi Tamadun Awal Dunia,multiple_choice,"Antara yang berikut, sungai manakah yang berkaitan dengan Tamadun Mesopotamia? / Which of the following rivers is associated with the Mesopotamian Civilisation?",,Sungai Nil / Nile River,Sungai Indus / Indus River,Sungai Tigris / Tigris River,Sungai Huang He / Huang He River,Sungai Tigris / Tigris River,,
bab5,Bab 5: Tamadun Awal Dunia,5-1-empat-lokasi-tamadun-awal-dunia,5.1 Empat Lokasi Tamadun Awal Dunia,multiple_choice,Apakah fungsi utama sungai kepada masyarakat tamadun awal? / What was the main function of rivers to early civilisations?,,Pembinaan kubu tentera / Building military forts,Sumber air dan pengangkutan / Water source and transportation,Pusat perlombongan emas / Gold mining centres,Tempat rekreasi / Recreation spots,Sumber air dan pengangkutan / Water source and transportation,,
bab5,Bab 5: Tamadun Awal Dunia,5-1-empat-lokasi-tamadun-awal-dunia,5.1 Empat Lokasi Tamadun Awal Dunia,multiple_choice,Tamadun Mesir Purba terletak di kawasan lembah sungai yang dikenali sebagai: / Ancient Egyptian Civilisation was located in which river valley?,,Lembah Sungai Indus / Indus River Valley,Lembah Sungai Nil / Nile River Valley,Lembah Sungai Yangtze / Yangtze River Valley,Lembah Bulan Sabit / Crescent Valley,Lembah Sungai Nil / Nile River Valley,,
bab5,Bab 5: Tamadun Awal Dunia,5-1-empat-lokasi-tamadun-awal-dunia,5.1 Empat Lokasi Tamadun Awal Dunia,objective,Nyatakan dua kepentingan sungai kepada pembentukan tamadun awal dunia. / State two importances of rivers in the formation of early world civilisations.,,,,,,"Sungai membekalkan air untuk aktiviti pertanian dan kegunaan harian, serta menjadi laluan perhubungan dan pengangkutan. / Rivers provide water for agricultural activities and daily use, and serve as communication and transportation routes.",,
bab5,Bab 5: Tamadun Awal Dunia,5-2-perkembangan-empat-tamadun-awal-dunia,5.2 Perkembangan Empat Tamadun Awal Dunia,summary,"Topik ini menerangkan perkembangan Tamadun Mesopotamia, Mesir Purba, Indus dan Huang He.","This topic explains the development of the Mesopotamian, Ancient Egyptian, Indus, and Huang He Civilisations.",,,,,,,
bab5,Bab 5: Tamadun Awal Dunia,5-2-perkembangan-empat-tamadun-awal-dunia,5.2 Perkembangan Empat Tamadun Awal Dunia,fact,"Tamadun Mesopotamia bermula di Sumeria, kawasan Bulan Sabit Subur, dan terkenal dengan negara-kota seperti Ur serta zigurat.",Mesopotamian Civilisation began in Sumer in the Fertile Crescent and was known for city-states such as Ur and ziggurats.,,,,,,,
bab5,Bab 5: Tamadun Awal Dunia,5-2-perkembangan-empat-tamadun-awal-dunia,5.2 Perkembangan Empat Tamadun Awal Dunia,fact,"Tamadun Mesir Purba dikenali sebagai Hadiah Sungai Nil dan melalui zaman Kerajaan Purba, Pertengahan, dan Baru.","Ancient Egyptian Civilisation was known as the Gift of the Nile and passed through the Old, Middle, and New Kingdom periods.",,,,,,,
bab5,Bab 5: Tamadun Awal Dunia,5-2-perkembangan-empat-tamadun-awal-dunia,5.2 Perkembangan Empat Tamadun Awal Dunia,fact,Tamadun Indus mempunyai bandar terancang Mohenjo-Daro dan Harappa dengan sistem perpaipan dan pembetungan yang canggih.,"Indus Civilisation had the planned cities of Mohenjo-Daro and Harappa, with sophisticated plumbing and sewerage systems.",,,,,,,
bab5,Bab 5: Tamadun Awal Dunia,5-2-perkembangan-empat-tamadun-awal-dunia,5.2 Perkembangan Empat Tamadun Awal Dunia,fact,"Tamadun Huang He berkembang di utara China melalui kerajaan Xia, Shang, dan Zhou.","Huang He Civilisation developed in northern China through the Xia, Shang, and Zhou dynasties.",,,,,,,
bab5,Bab 5: Tamadun Awal Dunia,5-2-perkembangan-empat-tamadun-awal-dunia,5.2 Perkembangan Empat Tamadun Awal Dunia,fact,Anyang menjadi salah satu pusat penting dalam perkembangan Tamadun Huang He.,Anyang was one important centre in the development of Huang He Civilisation.,,,,,,,
bab5,Bab 5: Tamadun Awal Dunia,5-2-perkembangan-empat-tamadun-awal-dunia,5.2 Perkembangan Empat Tamadun Awal Dunia,multiple_choice,Mengapakah Mesir Purba digelar 'Hadiah Sungai Nil' oleh Herodotus? / Why was Ancient Egypt called 'The Gift of the Nile' by Herodotus?,,Membekalkan batu liat untuk bangunan / Supplied clay bricks for buildings,Banjir tahunan membawa lumpur hitam yang subur / Annual flooding brought fertile black silt,Menjadi kawasan pelancongan utama / Became a primary tourism hub,Membekalkan hasil laut utama dunia / Provided the world's main seafood supply,Banjir tahunan membawa lumpur hitam yang subur / Annual flooding brought fertile black silt,,
bab5,Bab 5: Tamadun Awal Dunia,5-2-perkembangan-empat-tamadun-awal-dunia,5.2 Perkembangan Empat Tamadun Awal Dunia,multiple_choice,Bandar terancang Mohenjo-Daro dan Harappa dibina dalam tamadun manakah? / The planned cities of Mohenjo-Daro and Harappa were built in which civilisation?,,Tamadun Mesopotamia / Mesopotamian Civilisation,Tamadun Mesir Purba / Ancient Egyptian Civilisation,Tamadun Indus / Indus Civilisation,Tamadun Huang He / Huang He Civilisation,Tamadun Indus / Indus Civilisation,,
bab5,Bab 5: Tamadun Awal Dunia,5-2-perkembangan-empat-tamadun-awal-dunia,5.2 Perkembangan Empat Tamadun Awal Dunia,multiple_choice,Apakah tempat ibadat berbentuk piramid yang dibina di pusat bandar Tamadun Mesopotamia? / What pyramid-shaped place of worship was built in the city center of the Mesopotamian Civilisation?,,Sfinks / Sphinx,Piramid / Pyramid,Zigurat / Ziggurat,Candi / Temple,Zigurat / Ziggurat,,
bab5,Bab 5: Tamadun Awal Dunia,5-2-perkembangan-empat-tamadun-awal-dunia,5.2 Perkembangan Empat Tamadun Awal Dunia,objective,Jelaskan keistimewaan perancangan bandar dalam Tamadun Indus. / Explain the special features of city planning in the Indus Civilisation.,,,,,,"Kota dibina mengikut grid yang tepat, mempunyai jalan raya yang lebar, dinding bata tebal untuk mengelakkan banjir, serta sistem perpaipan dan pembetungan yang canggih. / Cities were built on a precise grid pattern, with wide roads, thick brick walls to prevent flooding, and sophisticated piping and sewerage systems.",,
bab5,Bab 5: Tamadun Awal Dunia,5-3-perbandingan-sumbangan-tamadun-awal,5.3 Perbandingan Sumbangan Tamadun Awal,summary,"Topik ini membandingkan sumbangan tamadun awal dalam pemerintahan, ekonomi, teknologi, kesenian dan binaan.","This topic compares contributions of early civilisations in government, economy, technology, arts, and architecture.",,,,,,,
bab5,Bab 5: Tamadun Awal Dunia,5-3-perbandingan-sumbangan-tamadun-awal,5.3 Perbandingan Sumbangan Tamadun Awal,fact,"Tamadun Mesopotamia menyumbang Kod Hammurabi, tulisan kuneiform, roda, bajak, sauh, dan sistem nombor berasaskan 60.","Mesopotamian Civilisation contributed the Code of Hammurabi, cuneiform writing, the wheel, plough, anchor, and a base-60 number system.",,,,,,,
bab5,Bab 5: Tamadun Awal Dunia,5-3-perbandingan-sumbangan-tamadun-awal,5.3 Perbandingan Sumbangan Tamadun Awal,fact,"Tamadun Mesir Purba diperintah oleh Firaun dan menghasilkan papirus, kalendar 365 hari, perubatan, piramid, serta Sfinks.","Ancient Egypt was ruled by Pharaohs and produced papyrus, a 365-day calendar, medicine, pyramids, and the Sphinx.",,,,,,,
bab5,Bab 5: Tamadun Awal Dunia,5-3-perbandingan-sumbangan-tamadun-awal,5.3 Perbandingan Sumbangan Tamadun Awal,fact,"Tamadun Indus mempunyai pemerintahan oleh golongan pendeta, perkembangan pertanian dan perdagangan, serta tembikar dan ukiran batu.","Indus Civilisation was governed by priests and developed agriculture, trade, pottery, and stone carvings.",,,,,,,
bab5,Bab 5: Tamadun Awal Dunia,5-3-perbandingan-sumbangan-tamadun-awal,5.3 Perbandingan Sumbangan Tamadun Awal,fact,"Tamadun Huang He memperkenalkan konsep Mandat dari Syurga, kompas magnetik, benang sutera, dan puisi.","Huang He Civilisation introduced the Mandate of Heaven, magnetic compass, silk thread, and poetry.",,,,,,,
bab5,Bab 5: Tamadun Awal Dunia,5-3-perbandingan-sumbangan-tamadun-awal,5.3 Perbandingan Sumbangan Tamadun Awal,fact,"Sumbangan tamadun awal menjadi asas perkembangan pentadbiran, ekonomi, teknologi, dan kebudayaan dunia.","Early civilisations' contributions formed foundations for world administration, economy, technology, and culture.",,,,,,,
bab5,Bab 5: Tamadun Awal Dunia,5-3-perbandingan-sumbangan-tamadun-awal,5.3 Perbandingan Sumbangan Tamadun Awal,multiple_choice,Apakah sumbangan penting Raja Hammurabi dari Tamadun Mesopotamia? / What was the major contribution of King Hammurabi of the Mesopotamian Civilisation?,,Pembinaan Piramid / Construction of Pyramids,Kod Undang-undang Hammurabi / Code of Hammurabi,Penciptaan Kompas Magnetik / Invention of the magnetic compass,Penemuan kertas papirus / Invention of papyrus paper,Kod Undang-undang Hammurabi / Code of Hammurabi,,
bab5,Bab 5: Tamadun Awal Dunia,5-3-perbandingan-sumbangan-tamadun-awal,5.3 Perbandingan Sumbangan Tamadun Awal,multiple_choice,Sistem tulisan terawal yang dicipta oleh masyarakat Mesir Purba dikenali sebagai: / The earliest writing system created by the Ancient Egyptians is known as:,,Kuneiform / Cuneiform,Piktograf / Pictograph,Hieroglif / Hieroglyphs,Ideogram / Ideogram,Hieroglif / Hieroglyphs,,
bab5,Bab 5: Tamadun Awal Dunia,5-3-perbandingan-sumbangan-tamadun-awal,5.3 Perbandingan Sumbangan Tamadun Awal,multiple_choice,Apakah inovasi teknologi yang dihasilkan oleh masyarakat Tamadun Huang He? / Which technological innovation was produced by the Huang He Civilisation?,,Roda dan sauh / Wheel and anchor,Kompas magnetik dan benang sutera / Magnetic compass and silk thread,Terusan air dan zigurat / Water canals and ziggurats,Ubat mumi dan papirus / Mummification medicine and papyrus,Kompas magnetik dan benang sutera / Magnetic compass and silk thread,,
bab5,Bab 5: Tamadun Awal Dunia,5-3-perbandingan-sumbangan-tamadun-awal,5.3 Perbandingan Sumbangan Tamadun Awal,objective,Terangkan dua sumbangan Tamadun Mesopotamia dalam bidang teknologi dan matematik. / Explain two contributions of the Mesopotamian Civilisation in technology and mathematics.,,,,,,"Tamadun Mesopotamia mencipta roda, bajak, dan sauh untuk pengangkutan serta pertanian, dan memperkenalkan sistem nombor berasaskan 60 yang membahagikan masa kepada 60 minit dan bulatan kepada 360 darjah. / Mesopotamian Civilisation invented the wheel, plough, and anchor for transport and agriculture, and introduced a base-60 number system that divides time into 60 minutes and circles into 360 degrees.",,
bab6,Bab 6: Peningkatan Tamadun Yunani dan Rom,6-1-tamadun-yunani-lokasi-dan-perkembangannya,6.1 Tamadun Yunani: Lokasi dan Perkembangannya,summary,"Topik ini menerangkan lokasi, polis dan ciri utama Tamadun Yunani.","This topic explains the location, polis, and main features of Greek Civilisation.",,,,,,,
bab6,Bab 6: Peningkatan Tamadun Yunani dan Rom,6-1-tamadun-yunani-lokasi-dan-perkembangannya,6.1 Tamadun Yunani: Lokasi dan Perkembangannya,fact,Tamadun Yunani berkembang di Semenanjung Greece dan pulau-pulau di Laut Aegean serta Laut Mediterranean antara 1000 SM hingga 800 SM.,Greek Civilisation developed on the Greek Peninsula and islands in the Aegean and Mediterranean Seas between 1000 BC and 800 BC.,,,,,,,
bab6,Bab 6: Peningkatan Tamadun Yunani dan Rom,6-1-tamadun-yunani-lokasi-dan-perkembangannya,6.1 Tamadun Yunani: Lokasi dan Perkembangannya,fact,"Negara-kota Yunani dikenali sebagai polis dan terdiri daripada bandar utama, bandar kecil, serta kawasan kampung.","Greek city-states were known as polis and consisted of a main town, small towns, and countryside villages.",,,,,,,
bab6,Bab 6: Peningkatan Tamadun Yunani dan Rom,6-1-tamadun-yunani-lokasi-dan-perkembangannya,6.1 Tamadun Yunani: Lokasi dan Perkembangannya,fact,"Acropolis ialah pusat komuniti berkubu di lokasi strategik, manakala Agora ialah kawasan lapang untuk pertemuan dan pasar awam.","The Acropolis was a fortified community centre in a strategic location, while the Agora was an open meeting and marketplace area.",,,,,,,
bab6,Bab 6: Peningkatan Tamadun Yunani dan Rom,6-1-tamadun-yunani-lokasi-dan-perkembangannya,6.1 Tamadun Yunani: Lokasi dan Perkembangannya,fact,"Athens mempunyai penduduk paling ramai, Sparta paling luas, dan Corinth juga merupakan polis terkenal.","Athens had the largest population, Sparta was the largest in area, and Corinth was also a famous polis.",,,,,,,
bab6,Bab 6: Peningkatan Tamadun Yunani dan Rom,6-1-tamadun-yunani-lokasi-dan-perkembangannya,6.1 Tamadun Yunani: Lokasi dan Perkembangannya,multiple_choice,Apakah kawasan lapang di dalam polis yang berfungsi sebagai tempat pertemuan dan pasar awam? / What is the open area in a polis that functioned as a meeting place and public market?,,Acropolis,Agora,Colosseum,Parthenon,Agora,,
bab6,Bab 6: Peningkatan Tamadun Yunani dan Rom,6-1-tamadun-yunani-lokasi-dan-perkembangannya,6.1 Tamadun Yunani: Lokasi dan Perkembangannya,multiple_choice,"Antara polis berikut, yang manakah mempunyai bilangan penduduk yang paling ramai dalam Tamadun Yunani? / Among the following polis, which had the largest population in Greek Civilisation?",,Sparta,Corinth,Athens,Olympia,Athens,,
bab6,Bab 6: Peningkatan Tamadun Yunani dan Rom,6-1-tamadun-yunani-lokasi-dan-perkembangannya,6.1 Tamadun Yunani: Lokasi dan Perkembangannya,multiple_choice,Mengapakah Acropolis dianggap sebagai lokasi yang paling strategik di dalam sesebuah polis? / Why was the Acropolis considered the most strategic location in a polis?,,Ia merupakan pusat utama aktiviti pertanian / It was the main center for agricultural activities,Ia dilengkapi kemudahan pengangkutan moden / It was equipped with modern transportation facilities,"Ia menyediakan perlindungan, pusat pentadbiran, dan tempat ibadat / It provided protection, administration centers, and places of worship",Ia merupakan tempat tinggal utama bagi golongan hamba / It was the main residence for slaves,"Ia menyediakan perlindungan, pusat pentadbiran, dan tempat ibadat / It provided protection, administration centers, and places of worship",,
bab6,Bab 6: Peningkatan Tamadun Yunani dan Rom,6-1-tamadun-yunani-lokasi-dan-perkembangannya,6.1 Tamadun Yunani: Lokasi dan Perkembangannya,objective,Jelaskan tiga komponen utama yang membentuk sesebuah polis dalam Tamadun Yunani. / Explain the three main components that formed a polis in Greek Civilisation.,,,,,,"Polis terdiri daripada bandar utama, bandar kecil, dan kawasan kampung. Acropolis menjadi pusat pentadbiran dan kubu pertahanan, manakala Agora berfungsi sebagai pasar dan tempat perjumpaan awam. / A polis consisted of a main town, small towns, and countryside villages. The Acropolis was an administrative centre and defensive fortress, while the Agora served as a marketplace and public gathering space.",,
bab6,Bab 6: Peningkatan Tamadun Yunani dan Rom,6-2-peningkatan-pemerintahan-dan-pentadbiran-yunani,6.2 Peningkatan Pemerintahan dan Pentadbiran Tamadun Yunani,summary,Topik ini menerangkan perkembangan sistem pemerintahan Athens dan Sparta.,This topic explains the development of government systems in Athens and Sparta.,,,,,,,
bab6,Bab 6: Peningkatan Tamadun Yunani dan Rom,6-2-peningkatan-pemerintahan-dan-pentadbiran-yunani,6.2 Peningkatan Pemerintahan dan Pentadbiran Tamadun Yunani,fact,"Athens melalui sistem Monarki, Oligarki, Aristokrasi, Tirani, dan Demokrasi.","Athens experienced Monarchy, Oligarchy, Aristocracy, Tyranny, and Democracy.",,,,,,,
bab6,Bab 6: Peningkatan Tamadun Yunani dan Rom,6-2-peningkatan-pemerintahan-dan-pentadbiran-yunani,6.2 Peningkatan Pemerintahan dan Pentadbiran Tamadun Yunani,fact,"Demokrasi Athens melibatkan Dewan Perhimpunan, Majlis 500, Majistret, dan Juri.","Athenian democracy involved the Assembly, Council of 500, Magistrates, and Juries.",,,,,,,
bab6,Bab 6: Peningkatan Tamadun Yunani dan Rom,6-2-peningkatan-pemerintahan-dan-pentadbiran-yunani,6.2 Peningkatan Pemerintahan dan Pentadbiran Tamadun Yunani,fact,Pericles memantapkan demokrasi dengan menekankan kuasa rakyat.,Pericles strengthened democracy by emphasizing the power of citizens.,,,,,,,
bab6,Bab 6: Peningkatan Tamadun Yunani dan Rom,6-2-peningkatan-pemerintahan-dan-pentadbiran-yunani,6.2 Peningkatan Pemerintahan dan Pentadbiran Tamadun Yunani,fact,Sparta mengamalkan monarki terhad yang dipimpin dua raja serta menekankan disiplin ketenteraan dan latihan fizikal.,Sparta practised a limited monarchy led by two kings and emphasized military discipline and physical training.,,,,,,,
bab6,Bab 6: Peningkatan Tamadun Yunani dan Rom,6-2-peningkatan-pemerintahan-dan-pentadbiran-yunani,6.2 Peningkatan Pemerintahan dan Pentadbiran Tamadun Yunani,multiple_choice,Apakah urutan perkembangan sistem pemerintahan di Athens sebelum mencapai sistem demokrasi? / What was the sequence of governance system changes in Athens before reaching democracy?,,Monarki → Oligarki → Aristokrasi → Tirani → Demokrasi / Monarchy → Oligarchy → Aristocracy → Tyranny → Democracy,Monarki → Aristokrasi → Oligarki → Tirani → Demokrasi / Monarchy → Aristocracy → Oligarchy → Tyranny → Democracy,Oligarki → Monarki → Tirani → Aristokrasi → Demokrasi / Oligarchy → Monarchy → Tyranny → Aristocracy → Democracy,Tirani → Oligarki → Aristokrasi → Monarki → Demokrasi / Tyranny → Oligarchy → Aristocracy → Monarchy → Democracy,Monarki → Oligarki → Aristokrasi → Tirani → Demokrasi / Monarchy → Oligarchy → Aristocracy → Tyranny → Democracy,,
bab6,Bab 6: Peningkatan Tamadun Yunani dan Rom,6-2-peningkatan-pemerintahan-dan-pentadbiran-yunani,6.2 Peningkatan Pemerintahan dan Pentadbiran Tamadun Yunani,multiple_choice,Apakah fungsi utama Majlis (Majlis 500) dalam sistem pentadbiran Athens? / What was the main function of the Council (Council of 500) in the Athenian administrative system?,,Memutuskan hukuman bagi kes mahkamah / Deciding verdicts in court cases,Mengendalikan urusan dan melaksanakan keputusan Dewan Perhimpunan / Managing affairs and implementing decisions of the Assembly,Memimpin pasukan tentera dalam peperangan / Leading military forces in war,Melantik raja untuk mengetuai pentadbiran / Appointing kings to lead the administration,Mengendalikan urusan dan melaksanakan keputusan Dewan Perhimpunan / Managing affairs and implementing decisions of the Assembly,,
bab6,Bab 6: Peningkatan Tamadun Yunani dan Rom,6-2-peningkatan-pemerintahan-dan-pentadbiran-yunani,6.2 Peningkatan Pemerintahan dan Pentadbiran Tamadun Yunani,multiple_choice,Mengapakah Sparta mengamalkan sistem pemerintahan yang dianggotai oleh dua orang raja? / Why did Sparta practice a system of governance led by two kings?,,Mengelakkan salah seorang raja bertindak kejam / To prevent one king from acting tyrannically or cruelly,Memastikan latihan ketenteraan berjalan pantas / To ensure military training proceeded quickly,Mengasingkan urusan agama dan pentadbiran / To separate religious and administrative affairs,Membolehkan kaum wanita menjadi raja / To allow women to become rulers,Mengelakkan salah seorang raja bertindak kejam / To prevent one king from acting tyrannically or cruelly,,
bab6,Bab 6: Peningkatan Tamadun Yunani dan Rom,6-2-peningkatan-pemerintahan-dan-pentadbiran-yunani,6.2 Peningkatan Pemerintahan dan Pentadbiran Tamadun Yunani,objective,Nyatakan perbezaan utama antara penekanan masyarakat di Athens dan Sparta. / State the main difference between the focus of society in Athens and Sparta.,,,,,,"Athens menekankan kebebasan, hak warganegara, pemikiran terbuka, dan kebudayaan melalui demokrasi. Sparta pula menekankan disiplin ketenteraan, latihan fizikal, dan kesetiaan kepada negara-kota. / Athens emphasized freedom, citizens' rights, open-minded thinking, and culture through democracy. Sparta emphasized military discipline, physical training, and loyalty to the city-state.",,
bab6,Bab 6: Peningkatan Tamadun Yunani dan Rom,6-3-tamadun-rom-lokasi-dan-perkembangannya,6.3 Tamadun Rom: Lokasi dan Perkembangannya,summary,"Topik ini menerangkan lokasi, zaman perkembangan, Pax Romana dan struktur masyarakat Tamadun Rom.","This topic explains the location, historical eras, Pax Romana, and social structure of Roman Civilisation.",,,,,,,
bab6,Bab 6: Peningkatan Tamadun Yunani dan Rom,6-3-tamadun-rom-lokasi-dan-perkembangannya,6.3 Tamadun Rom: Lokasi dan Perkembangannya,fact,Tamadun Rom terletak di Lembah Latium berhampiran Sungai Tiber.,Roman Civilisation was located in the Latium Valley near the Tiber River.,,,,,,,
bab6,Bab 6: Peningkatan Tamadun Yunani dan Rom,6-3-tamadun-rom-lokasi-dan-perkembangannya,6.3 Tamadun Rom: Lokasi dan Perkembangannya,fact,"Tiga zaman utama Rom ialah Zaman Beraja, Zaman Republik, dan Zaman Empayar.","The three main Roman eras were the Monarchy, Republic, and Empire eras.",,,,,,,
bab6,Bab 6: Peningkatan Tamadun Yunani dan Rom,6-3-tamadun-rom-lokasi-dan-perkembangannya,6.3 Tamadun Rom: Lokasi dan Perkembangannya,fact,"Pax Romana berlangsung dari 27 SM hingga 180 M dan membawa keamanan selama 200 tahun di Asia, Afrika, dan Eropah.","Pax Romana lasted from 27 BC to AD 180 and brought 200 years of peace across Asia, Africa, and Europe.",,,,,,,
bab6,Bab 6: Peningkatan Tamadun Yunani dan Rom,6-3-tamadun-rom-lokasi-dan-perkembangannya,6.3 Tamadun Rom: Lokasi dan Perkembangannya,fact,"Masyarakat Rom terdiri daripada Patrician, Plebian seperti petani, artisan dan peniaga, serta hamba.","Roman society consisted of Patricians, Plebeians such as farmers, artisans, and traders, and slaves.",,,,,,,
bab6,Bab 6: Peningkatan Tamadun Yunani dan Rom,6-3-tamadun-rom-lokasi-dan-perkembangannya,6.3 Tamadun Rom: Lokasi dan Perkembangannya,multiple_choice,Apakah faktor geografi yang menyumbang kepada perkembangan awal Tamadun Rom di Lembah Latium? / What geographical factor contributed to the early development of Roman Civilisation in the Latium Valley?,,Kawasan tanah tinggi yang sejuk / Cold highland areas,Tanahnya subur dan berhampiran Sungai Tiber / Fertile land near the Tiber River,Terpencil daripada laluan perdagangan / Isolated from trade routes,Dikelilingi padang pasir yang luas / Surrounded by vast deserts,Tanahnya subur dan berhampiran Sungai Tiber / Fertile land near the Tiber River,,
bab6,Bab 6: Peningkatan Tamadun Yunani dan Rom,6-3-tamadun-rom-lokasi-dan-perkembangannya,6.3 Tamadun Rom: Lokasi dan Perkembangannya,multiple_choice,Apakah yang dimaksudkan dengan istilah Pax Romana? / What is meant by the term Pax Romana?,,Sistem undang-undang bertulis Rom / Written Roman legal system,Era peperangan besar-besaran empayar Rom / Era of major Roman imperial wars,Keamanan Rom selama 200 tahun dalam empayar / 200 years of Roman peace within the empire,Perjanjian perdagangan antara Rom dan Yunani / Trade agreement between Rome and Greece,Keamanan Rom selama 200 tahun dalam empayar / 200 years of Roman peace within the empire,,
bab6,Bab 6: Peningkatan Tamadun Yunani dan Rom,6-3-tamadun-rom-lokasi-dan-perkembangannya,6.3 Tamadun Rom: Lokasi dan Perkembangannya,multiple_choice,Golongan Plebian dalam masyarakat Rom terdiri daripada... / The Plebeians in Roman society consisted of...,,Raja dan kerabat diraja / Kings and royal family members,Golongan atasan dan bangsawan / Upper class and nobles,"Petani, artisan, dan peniaga / Farmers, artisans, and traders",Jeneral tentera sahaja / Military generals only,"Petani, artisan, dan peniaga / Farmers, artisans, and traders",,
bab6,Bab 6: Peningkatan Tamadun Yunani dan Rom,6-3-tamadun-rom-lokasi-dan-perkembangannya,6.3 Tamadun Rom: Lokasi dan Perkembangannya,objective,Nyatakan tiga zaman utama dalam lipatan sejarah perkembangan Tamadun Rom. / State the three main eras in the historical development of Roman Civilisation.,,,,,,"Zaman Beraja (753–509 SM), Zaman Republik (509–27 SM), dan Zaman Empayar (27 SM–476 M). / The Monarchy Era (753–509 BC), Republic Era (509–27 BC), and Empire Era (27 BC–AD 476).",,
bab6,Bab 6: Peningkatan Tamadun Yunani dan Rom,6-4-peningkatan-seni-bina-rom,6.4 Peningkatan Seni Bina dalam Tamadun Rom,summary,Topik ini menerangkan ciri dan kegunaan binaan utama Tamadun Rom.,This topic explains the features and uses of major Roman architectural works.,,,,,,,
bab6,Bab 6: Peningkatan Tamadun Yunani dan Rom,6-4-peningkatan-seni-bina-rom,6.4 Peningkatan Seni Bina dalam Tamadun Rom,fact,"Seni bina Rom terkenal dengan ketahanan, saiz besar, nilai estetika, kubah, arca, dan penggunaan simen pozzolana.","Roman architecture was known for durability, large scale, aesthetic value, domes, arches, and the use of pozzolana concrete.",,,,,,,
bab6,Bab 6: Peningkatan Tamadun Yunani dan Rom,6-4-peningkatan-seni-bina-rom,6.4 Peningkatan Seni Bina dalam Tamadun Rom,fact,Marco Vitruvius ialah arkitek Rom terkenal yang mengarang buku On Architecture.,Marco Vitruvius was a famous Roman architect who wrote On Architecture.,,,,,,,
bab6,Bab 6: Peningkatan Tamadun Yunani dan Rom,6-4-peningkatan-seni-bina-rom,6.4 Peningkatan Seni Bina dalam Tamadun Rom,fact,"Colosseum digunakan untuk pertandingan gladiator dan boleh memuatkan kira-kira 50,000 orang, manakala Pantheon ialah tempat penyembahan dewa-dewi.","The Colosseum hosted gladiator contests and seated about 50,000 people, while the Pantheon was a temple for worshipping gods.",,,,,,,
bab6,Bab 6: Peningkatan Tamadun Yunani dan Rom,6-4-peningkatan-seni-bina-rom,6.4 Peningkatan Seni Bina dalam Tamadun Rom,fact,"Akueduk membekalkan air ke bandar dan tempat mandi, jalan raya berlapis digunakan untuk tentera dan pengangkutan, manakala tembok mempertahankan empayar.","Aqueducts supplied water to cities and baths, layered roads supported military movement and transport, and walls defended the empire.",,,,,,,
bab6,Bab 6: Peningkatan Tamadun Yunani dan Rom,6-4-peningkatan-seni-bina-rom,6.4 Peningkatan Seni Bina dalam Tamadun Rom,multiple_choice,Apakah bahan campuran pozzolana yang digunakan oleh orang Rom untuk membina bangunan yang kukuh? / What is the pozzolana mixture used by Romans to build strong structures?,,"Pasir, lumpur, dan jerami / Sand, mud, and straw","Kapur, air, dan abu gunung berapi / Lime, water, and volcanic ash","Tanah liat, minyak, dan batu kapur / Clay, oil, and limestone","Simen, kayu, dan besi / Cement, wood, and iron","Kapur, air, dan abu gunung berapi / Lime, water, and volcanic ash",,
bab6,Bab 6: Peningkatan Tamadun Yunani dan Rom,6-4-peningkatan-seni-bina-rom,6.4 Peningkatan Seni Bina dalam Tamadun Rom,multiple_choice,Binaan Akueduk dalam Tamadun Rom dibina khas untuk tujuan apa? / What specific purpose was the Aqueduct built for in Roman Civilisation?,,Tempat perlawanan pahlawan gladiator / Venue for gladiator combat games,Tembok sempadan pertahanan tentera / Military border defense wall,Membekalkan air bersih secara sistematik / Systematically supplying clean water,Laluan kereta kuda antarabangsa / International chariot route,Membekalkan air bersih secara sistematik / Systematically supplying clean water,,
bab6,Bab 6: Peningkatan Tamadun Yunani dan Rom,6-4-peningkatan-seni-bina-rom,6.4 Peningkatan Seni Bina dalam Tamadun Rom,multiple_choice,"Mengapakah Jalan Raya Rom dibina secara berlapis-lapis menggunakan batu besar, kelikir, dan konkrit? / Why were Roman roads constructed in layers using large stones, gravel, and concrete?",,Sebagai hiasan keindahan bandar / As decorations for city aesthetics,Supaya kuat dan tahan menahan beban pasukan tentera / To make them strong and durable for military loads,Menghalang pertumbuhan pokok di sekelilingnya / To prevent tree growth around them,Memudahkan aktiviti pertanian dijalankan / To facilitate agricultural activities,Supaya kuat dan tahan menahan beban pasukan tentera / To make them strong and durable for military loads,,
bab6,Bab 6: Peningkatan Tamadun Yunani dan Rom,6-4-peningkatan-seni-bina-rom,6.4 Peningkatan Seni Bina dalam Tamadun Rom,objective,Jelaskan kegunaan Colosseum dan Pantheon dalam Tamadun Rom. / Explain the uses of the Colosseum and Pantheon in Roman Civilisation.,,,,,,"Colosseum digunakan untuk pertandingan gladiator dan persembahan bersaiz besar, manakala Pantheon ialah tempat penyembahan dewa-dewi Rom. / The Colosseum was used for gladiatorial contests and large public spectacles, while the Pantheon was a place for worshipping Roman gods and goddesses.",,
bab7,Bab 7: Peningkatan Tamadun India dan China,7-1-tamadun-india,7.1 Tamadun India,summary,Topik ini menerangkan perluasan kuasa secara fizikal dan keagamaan dalam Tamadun India.,This topic explains physical and religious expansion of power in Indian Civilisation.,,,,,,,
bab7,Bab 7: Peningkatan Tamadun India dan China,7-1-tamadun-india,7.1 Tamadun India,fact,Perluasan kuasa ialah usaha kerajaan atau raja untuk menguasai dan memperluas pengaruh di sesebuah kawasan.,Expansion of power is the effort of a kingdom or ruler to control and expand influence in a region.,,,,,,,
bab7,Bab 7: Peningkatan Tamadun India dan China,7-1-tamadun-india,7.1 Tamadun India,fact,"Faktor perluasan kuasa termasuk kekuatan ketenteraan, dasar pemerintahan, sumber manusia, diplomasi keagamaan, dan kewangan.","Factors of expansion include military strength, government policy, human resources, religious diplomacy, and finance.",,,,,,,
bab7,Bab 7: Peningkatan Tamadun India dan China,7-1-tamadun-india,7.1 Tamadun India,fact,"Dinasti Nanda, Maurya dan Gupta memperluas kuasa secara fizikal; Pataliputra menjadi pusat pemerintahan utama.","The Nanda, Maurya, and Gupta Dynasties expanded physically; Pataliputra was a main administrative centre.",,,,,,,
bab7,Bab 7: Peningkatan Tamadun India dan China,7-1-tamadun-india,7.1 Tamadun India,fact,"Selepas Perang Kalinga, Maharaja Asoka menyebarkan agama Buddha melalui Tiang Asoka dan misi ke beberapa wilayah.","After the Kalinga War, Emperor Asoka spread Buddhism through the Pillars of Asoka and missions to several regions.",,,,,,,
bab7,Bab 7: Peningkatan Tamadun India dan China,7-1-tamadun-india,7.1 Tamadun India,fact,"Zaman Gupta dikenali sebagai zaman keemasan agama Hindu, dan Raja Samudragupta digelar Kaviraja.","The Gupta Period was known as the golden age of Hinduism, and King Samudragupta was called Kaviraja.",,,,,,,
bab7,Bab 7: Peningkatan Tamadun India dan China,7-1-tamadun-india,7.1 Tamadun India,multiple_choice,"Apakah faktor yang membolehkan Dinasti Nanda, Maurya, dan Gupta membentuk empayar yang luas di India? / What factor enabled the Nanda, Maurya, and Gupta dynasties to form vast empires in India?",,Perdagangan maritim / Maritime trade,Kekuatan ketenteraan dan dasar pemerintah / Military strength and ruler's policy,Pembinaan Tembok Besar / Construction of the Great Wall,Pengenalan sistem peperiksaan / Introduction of the examination system,Kekuatan ketenteraan dan dasar pemerintah / Military strength and ruler's policy,,
bab7,Bab 7: Peningkatan Tamadun India dan China,7-1-tamadun-india,7.1 Tamadun India,multiple_choice,Mengapakah Maharaja Asoka menghentikan perluasan kuasa secara fizikal selepas Perang Kalinga? / Why did Emperor Asoka stop physical expansion after the Kalinga War?,,Kehabisan kewangan dalam perbendaharaan / Depletion of treasury funds,Kesedaran akibat kehilangan nyawa dan kemusnahan yang besar / Awareness due to massive loss of lives and destruction,Kehilangan sokongan daripada tentera kavalri / Loss of support from the cavalry army,Serangan daripada empayar asing / Attacks from foreign empires,Kesedaran akibat kehilangan nyawa dan kemusnahan yang besar / Awareness due to massive loss of lives and destruction,,
bab7,Bab 7: Peningkatan Tamadun India dan China,7-1-tamadun-india,7.1 Tamadun India,multiple_choice,Tokoh manakah dalam Dinasti Gupta yang meminati puisi keagamaan sehingga digelar Kaviraja? / Which figure in the Gupta Dynasty earned the title Kaviraja?,,Chandragupta I,Asoka,Raja Samudragupta,Bindusara,Raja Samudragupta,,
bab7,Bab 7: Peningkatan Tamadun India dan China,7-1-tamadun-india,7.1 Tamadun India,objective,Jelaskan perbezaan antara perluasan kuasa secara fizikal dengan perluasan kuasa secara keagamaan dalam Tamadun India. / Explain the difference between physical expansion and religious expansion in Indian Civilisation.,,,,,,"Perluasan fizikal bergantung pada kekuatan tentera dan penaklukan wilayah, manakala perluasan keagamaan merentas sempadan tanpa tentera dengan menyebarkan nilai agama, kemanusiaan dan kedamaian. / Physical expansion relied on military power and territorial conquest, while religious expansion crossed borders without military force by spreading religious values, humanity, and peace.",,
bab7,Bab 7: Peningkatan Tamadun India dan China,7-2-tamadun-china,7.2 Tamadun China,summary,"Topik ini menerangkan perkembangan dinasti Qin dan Han, pendidikan, serta peperiksaan perkhidmatan awam Tamadun China.","This topic explains the Qin and Han Dynasties, education, and civil service examinations in Chinese Civilisation.",,,,,,,
bab7,Bab 7: Peningkatan Tamadun India dan China,7-2-tamadun-china,7.2 Tamadun China,fact,Tamadun China bermula di Lembah Sungai Huang He.,Chinese Civilisation began in the Huang He River Valley.,,,,,,,
bab7,Bab 7: Peningkatan Tamadun India dan China,7-2-tamadun-china,7.2 Tamadun China,fact,"Maharaja Shi Huangdi daripada Dinasti Qin menyatukan China, menyeragamkan tulisan serta unit timbang dan sukat, dan membina Tembok Besar.","Emperor Shi Huangdi of the Qin Dynasty unified China, standardized writing, weights and measures, and built the Great Wall.",,,,,,,
bab7,Bab 7: Peningkatan Tamadun India dan China,7-2-tamadun-china,7.2 Tamadun China,fact,Dinasti Han diasaskan oleh Liu Bang; zaman Maharaja Han Wu Di menyaksikan pembukaan Laluan Sutera dan pelaksanaan peperiksaan awam.,The Han Dynasty was founded by Liu Bang; Emperor Han Wu Di's reign saw the opening of the Silk Road and civil service examinations.,,,,,,,
bab7,Bab 7: Peningkatan Tamadun India dan China,7-2-tamadun-china,7.2 Tamadun China,fact,"Pendidikan merangkumi peringkat rendah, menengah dan tinggi serta berasaskan teks suci dan ajaran Konfusianisme.","Education included primary, secondary, and higher levels and was based on sacred texts and Confucian teachings.",,,,,,,
bab7,Bab 7: Peningkatan Tamadun India dan China,7-2-tamadun-china,7.2 Tamadun China,fact,"Peperiksaan perkhidmatan awam terdiri daripada Xiucai, Juren dan Jinshi; ia ketat, kompetitif, dan terbuka kepada lelaki tanpa mengira latar belakang.","Civil service examinations consisted of Xiucai, Juren, and Jinshi; they were strict, competitive, and open to males regardless of background.",,,,,,,
bab7,Bab 7: Peningkatan Tamadun India dan China,7-2-tamadun-china,7.2 Tamadun China,multiple_choice,Apakah sumbangan utama Maharaja Shi Huangdi dalam sejarah Tamadun China? / What was the main contribution of Emperor Shi Huangdi in Chinese Civilisation?,,Mengembangkan ajaran Buddha ke luar negara / Spreading Buddhism abroad,Menyatukan China dan menyeragamkan sistem tulisan serta unit timbang sukat / Unifying China and standardizing the writing system and weights and measures,Membangunkan sistem peperiksaan awam pertama / Developing the first civil service exam system,Membina kapal perdagangan maritim utama / Building major maritime trading vessels,Menyatukan China dan menyeragamkan sistem tulisan serta unit timbang sukat / Unifying China and standardizing the writing system and weights and measures,,
bab7,Bab 7: Peningkatan Tamadun India dan China,7-2-tamadun-china,7.2 Tamadun China,multiple_choice,Apakah matlamat utama seseorang individu menduduki peperiksaan perkhidmatan awam dalam Tamadun China? / What was the primary goal for an individual taking the civil service examination in Chinese Civilisation?,,Menjadi pahlawan perang / Becoming a war hero,Meningkatkan taraf sosial dan menjadi pegawai kerajaan / Elevating social status and becoming a government official,Mendapat lesen untuk berniaga di Laluan Sutera / Obtaining a license to trade along the Silk Road,Diberi jawatan sebagai maharaja baharu / Being granted the position of a new emperor,Meningkatkan taraf sosial dan menjadi pegawai kerajaan / Elevating social status and becoming a government official,,
bab7,Bab 7: Peningkatan Tamadun India dan China,7-2-tamadun-china,7.2 Tamadun China,multiple_choice,"Peperiksaan perkhidmatan awam tahap ketiga, iaitu Jinshi, dijalankan di lokasi manakah? / Where was the third level of the civil service examination, Jinshi, conducted?",,Peringkat daerah / District level,Ibu kota daerah / Provincial capital,Ibu kota kerajaan / Imperial capital,Di dalam tokong Konfusius / Inside Confucian temples,Ibu kota kerajaan / Imperial capital,,
bab7,Bab 7: Peningkatan Tamadun India dan China,7-2-tamadun-china,7.2 Tamadun China,objective,Nyatakan tiga ciri utama sistem peperiksaan perkhidmatan awam yang dilaksanakan dalam Tamadun China. / State three main characteristics of the civil service examination system in Chinese Civilisation.,,,,,,"Peperiksaan sangat kompetitif dan dikawal ketat untuk mengelakkan penipuan, terbuka kepada semua lelaki tanpa mengira latar belakang, dan berteraskan ajaran Konfusianisme. / The examinations were highly competitive and strictly controlled to prevent cheating, open to all males regardless of background, and centred on Confucian teachings.",,
bab8,Bab 8: Tamadun Islam,8-1-latar-belakang-masyarakat-arab,8.1 Latar Belakang Masyarakat Arab Sebelum Kedatangan Islam,summary,"Topik ini membincangkan masyarakat Arab sebelum Islam, termasuk kehidupan padang pasir, agama, adat, dan kehidupan seharian.","This topic discusses Arab society before Islam, including desert life, religion, customs, and daily life.",,,,,,,
bab8,Bab 8: Tamadun Islam,8-1-latar-belakang-masyarakat-arab,8.1 Latar Belakang Masyarakat Arab Sebelum Kedatangan Islam,fact,Masyarakat Arab hidup dalam persekitaran padang pasir dengan gaya hidup nomad dan kampung.,Arab society lived in a desert environment with nomadic and village lifestyles.,,,,,,,
bab8,Bab 8: Tamadun Islam,8-1-latar-belakang-masyarakat-arab,8.1 Latar Belakang Masyarakat Arab Sebelum Kedatangan Islam,fact,"Mereka mengamalkan pelbagai kepercayaan, termasuk penyembahan berhala dan tradisi lisan.","They practiced various beliefs, including idol worship and oral traditions.",,,,,,,
bab8,Bab 8: Tamadun Islam,8-1-latar-belakang-masyarakat-arab,8.1 Latar Belakang Masyarakat Arab Sebelum Kedatangan Islam,fact,"Adat dan kehidupan seharian menekankan nilai kekeluargaan, maruah, dan perdagangan.","Their customs and daily life emphasized family, honor, and trade.",,,,,,,
bab8,Bab 8: Tamadun Islam,8-1-latar-belakang-masyarakat-arab,8.1 Latar Belakang Masyarakat Arab Sebelum Kedatangan Islam,fact,Kebudayaan mereka dipengaruhi oleh iklim padang pasir dan hubungan dengan suku-suku lain.,Their culture was shaped by the desert climate and relations with other tribes.,,,,,,,
bab8,Bab 8: Tamadun Islam,8-1-latar-belakang-masyarakat-arab,8.1 Latar Belakang Masyarakat Arab Sebelum Kedatangan Islam,fact,Keadaan masyarakat ini menyediakan latar untuk kemunculan Islam.,These conditions provided the background for the emergence of Islam.,,,,,,,
bab8,Bab 8: Tamadun Islam,8-1-latar-belakang-masyarakat-arab,8.1 Latar Belakang Masyarakat Arab Sebelum Kedatangan Islam,multiple_choice,Bagaimanakah iklim padang pasir mempengaruhi kehidupan masyarakat Arab sebelum Islam? / How did the desert climate affect the life of Arab society before Islam?,,Menentukan gaya hidup nomad dan perdagangan jarak jauh. / It determined a nomadic lifestyle and long-distance trade.,Menjadikan mereka hidup di bandar besar. / It made them live in large cities.,Membuat mereka bergantung kepada pertanian moden. / It made them depend on modern agriculture.,Membolehkan mereka hidup di dalam hutan. / It allowed them to live in forests.,Menentukan gaya hidup nomad dan perdagangan jarak jauh. / It determined a nomadic lifestyle and long-distance trade.,,
bab8,Bab 8: Tamadun Islam,8-1-latar-belakang-masyarakat-arab,8.1 Latar Belakang Masyarakat Arab Sebelum Kedatangan Islam,multiple_choice,Apakah salah satu ciri masyarakat Arab sebelum Islam? / What was one characteristic of Arab society before Islam?,,Hidup secara nomad dan di kampung. / Living nomadically and in villages.,Menetap di bandar metropolitan sahaja. / Living only in metropolitan cities.,Bergantung sepenuhnya pada mesin dan teknologi moden. / Depending entirely on machines and modern technology.,Menggunakan kereta api sebagai pengangkutan utama. / Using trains as the main transport.,Hidup secara nomad dan di kampung. / Living nomadically and in villages.,,
bab8,Bab 8: Tamadun Islam,8-1-latar-belakang-masyarakat-arab,8.1 Latar Belakang Masyarakat Arab Sebelum Kedatangan Islam,multiple_choice,Mengapakah adat dan nilai kekeluargaan penting dalam masyarakat Arab sebelum Islam? / Why were customs and family values important in pre-Islamic Arab society?,,Kerana mereka membantu menyatukan suku dan masyarakat. / Because they helped unite tribes and communities.,Kerana mereka menghalang perdagangan. / Because they prevented trade.,Kerana mereka menjadikan orang hidup bersendirian. / Because they made people live alone.,Kerana mereka menghapuskan semua undang-undang. / Because they abolished all laws.,Kerana mereka membantu menyatukan suku dan masyarakat. / Because they helped unite tribes and communities.,,
bab8,Bab 8: Tamadun Islam,8-1-latar-belakang-masyarakat-arab,8.1 Latar Belakang Masyarakat Arab Sebelum Kedatangan Islam,objective,Nyatakan satu faktor yang membentuk budaya masyarakat Arab sebelum Islam. / State one factor that shaped pre-Islamic Arab culture.,,,,,,Persekitaran padang pasir dan hubungan antara suku membentuk budaya mereka. / The desert environment and inter-tribal relations shaped their culture.,,
bab8,Bab 8: Tamadun Islam,8-2-kemunculan-perkembangan-tamadun-islam,8.2 Kemunculan dan Perkembangan Tamadun Islam,summary,Topik ini menerangkan kemunculan Islam dan perkembangan tamadun Islam melalui zaman Khalifah dan kerajaan besar.,This topic explains the emergence of Islam and the development of Islamic civilization through the eras of caliphs and great empires.,,,,,,,
bab8,Bab 8: Tamadun Islam,8-2-kemunculan-perkembangan-tamadun-islam,8.2 Kemunculan dan Perkembangan Tamadun Islam,fact,Islam mula berkembang di Jazirah Arab dan bertapak semasa era Khulafa ar-Rashidin.,Islam began to grow in the Arabian Peninsula and took root during the Rashidun Caliphate.,,,,,,,
bab8,Bab 8: Tamadun Islam,8-2-kemunculan-perkembangan-tamadun-islam,8.2 Kemunculan dan Perkembangan Tamadun Islam,fact,Abu Bakar al-Siddiq mengukuhkan umat Islam selepas kewafatan Nabi Muhammad SAW.,Abu Bakr al-Siddiq strengthened the Muslim community after the Prophet Muhammad SAW passed away.,,,,,,,
bab8,Bab 8: Tamadun Islam,8-2-kemunculan-perkembangan-tamadun-islam,8.2 Kemunculan dan Perkembangan Tamadun Islam,fact,Zaman Umar dan Uthman menyaksikan perkembangan wilayah melalui penaklukan dan pentadbiran.,The eras of Umar and Uthman saw territorial expansion through conquest and administration.,,,,,,,
bab8,Bab 8: Tamadun Islam,8-2-kemunculan-perkembangan-tamadun-islam,8.2 Kemunculan dan Perkembangan Tamadun Islam,fact,"Daulah Umaiyah meluaskan Islam hingga ke Sepanyol, manakala Abbasiyah berkembang hingga Transoxania.","The Umayyad Caliphate expanded Islam to Spain, while the Abbasid Caliphate reached Transoxania.",,,,,,,
bab8,Bab 8: Tamadun Islam,8-2-kemunculan-perkembangan-tamadun-islam,8.2 Kemunculan dan Perkembangan Tamadun Islam,fact,Tamadun Islam mula membina pusat intelektual dan ilmu pengetahuan.,Islamic civilization began to establish intellectual centers and scholarship.,,,,,,,
bab8,Bab 8: Tamadun Islam,8-2-kemunculan-perkembangan-tamadun-islam,8.2 Kemunculan dan Perkembangan Tamadun Islam,multiple_choice,Zaman Khalifah manakah yang terkenal kerana perluasan Islam hingga ke Sepanyol? / Which caliphate era is known for expanding Islam to Spain?,,Daulah Umaiyah. / The Umayyad Caliphate.,Daulah Abbasiyah. / The Abbasid Caliphate.,Zaman Uthman bin Affan. / The era of Uthman bin Affan.,Zaman Khalifah Abu Bakar. / The era of Caliph Abu Bakr.,Daulah Umaiyah. / The Umayyad Caliphate.,,
bab8,Bab 8: Tamadun Islam,8-2-kemunculan-perkembangan-tamadun-islam,8.2 Kemunculan dan Perkembangan Tamadun Islam,multiple_choice,Siapakah khalifah yang memperluaskan wilayah Islam dari Sepanyol ke Asia Tengah? / Which caliph extended Islamic rule from Spain to Central Asia?,,Daulah Umaiyah. / The Umayyad Caliphate.,Daulah Abbasiyah. / The Abbasid Caliphate.,Daulah Fatimiyah. / The Fatimid Caliphate.,Daulah Mughal. / The Mughal Empire.,Daulah Umaiyah. / The Umayyad Caliphate.,,
bab8,Bab 8: Tamadun Islam,8-2-kemunculan-perkembangan-tamadun-islam,8.2 Kemunculan dan Perkembangan Tamadun Islam,multiple_choice,Apakah peranan pusat intelektual semasa perkembangan tamadun Islam? / What was the role of intellectual centers during the development of Islamic civilization?,,"Menyediakan tempat belajar, sains, dan kajian. / Providing places for learning, science, and research.",Menjadi pasar untuk barang mewah sahaja. / Being markets for luxury goods only.,Menghalang komunikasi antara pelajar. / Preventing communication among students.,Hanya digunakan sebagai benteng tentera. / Used only as military fortresses.,"Menyediakan tempat belajar, sains, dan kajian. / Providing places for learning, science, and research.",,
bab8,Bab 8: Tamadun Islam,8-2-kemunculan-perkembangan-tamadun-islam,8.2 Kemunculan dan Perkembangan Tamadun Islam,objective,Nyatakan satu sumbangan tamadun Islam dalam bidang ilmu pengetahuan. / State one contribution of Islamic civilization in the field of knowledge.,,,,,,Pusat intelektual seperti Baghdad membantu mengembangkan sains dan falsafah. / Intellectual centers like Baghdad helped develop science and philosophy.,,
bab8,Bab 8: Tamadun Islam,8-3-ketokohan-nabi-muhammad-sa,8.3 Ketokohan Nabi Muhammad SAW sebagai Pemimpin,summary,"Topik ini menyorot peranan Nabi Muhammad SAW sebagai pemimpin negara, masyarakat dan tentera dalam sejarah Islam awal.","This topic highlights the role of Prophet Muhammad SAW as a state, community, and military leader in early Islamic history.",,,,,,,
bab8,Bab 8: Tamadun Islam,8-3-ketokohan-nabi-muhammad-sa,8.3 Ketokohan Nabi Muhammad SAW sebagai Pemimpin,fact,"Nabi Muhammad SAW diiktiraf sebagai pemimpin rohani, politik dan sosial bagi umat Islam.","Prophet Muhammad SAW is recognized as the spiritual, political, and social leader of Muslims.",,,,,,,
bab8,Bab 8: Tamadun Islam,8-3-ketokohan-nabi-muhammad-sa,8.3 Ketokohan Nabi Muhammad SAW sebagai Pemimpin,fact,Beliau mengurus negeri Madinah dan menyusun masyarakat berbilang kaum.,He managed the state of Medina and organized a plural society.,,,,,,,
bab8,Bab 8: Tamadun Islam,8-3-ketokohan-nabi-muhammad-sa,8.3 Ketokohan Nabi Muhammad SAW sebagai Pemimpin,fact,"Prinsip kepimpinannya termasuk keadilan, toleransi dan kerjasama antara rakyat.","His leadership principles included justice, tolerance, and cooperation among people.",,,,,,,
bab8,Bab 8: Tamadun Islam,8-3-ketokohan-nabi-muhammad-sa,8.3 Ketokohan Nabi Muhammad SAW sebagai Pemimpin,fact,"Sebagai pemimpin tentera, beliau memimpin peristiwa penting seperti Badar, Uhud dan Khandaq.","As a military leader, he led important events like Badr, Uhud, and the Trench.",,,,,,,
bab8,Bab 8: Tamadun Islam,8-3-ketokohan-nabi-muhammad-sa,8.3 Ketokohan Nabi Muhammad SAW sebagai Pemimpin,fact,Kepimpinan beliau membantu membentuk asas negara Islam yang adil dan teratur.,His leadership helped build the foundations of a just and orderly Islamic state.,,,,,,,
bab8,Bab 8: Tamadun Islam,8-3-ketokohan-nabi-muhammad-sa,8.3 Ketokohan Nabi Muhammad SAW sebagai Pemimpin,person,"Sebagai pemimpin utama, Nabi Muhammad SAW memimpin masyarakat Islam dari segi agama, politik dan pertahanan.","As the main leader, Prophet Muhammad SAW led the Muslim community in religion, politics, and defense.",,,,,,Nabi Muhammad SAW,Pemimpin Islam
bab8,Bab 8: Tamadun Islam,8-3-ketokohan-nabi-muhammad-sa,8.3 Ketokohan Nabi Muhammad SAW sebagai Pemimpin,multiple_choice,Apakah salah satu peristiwa penting yang dipimpin oleh Nabi Muhammad SAW sebagai ketua tentera? / Which major event was led by Prophet Muhammad SAW as a military commander?,,Perang Badar. / The Battle of Badr.,Perjanjian Hudaibiyah. / The Treaty of Hudaybiyyah.,Pembukaan Baghdad. / The conquest of Baghdad.,Perang Uhud. / The Battle of Uhud.,Perang Badar. / The Battle of Badr.,,
bab8,Bab 8: Tamadun Islam,8-3-ketokohan-nabi-muhammad-sa,8.3 Ketokohan Nabi Muhammad SAW sebagai Pemimpin,multiple_choice,Apakah prinsip utama kepimpinan Nabi Muhammad SAW dalam masyarakat Madinah? / What was a main leadership principle of Prophet Muhammad SAW in Madinah society?,,"Keadilan, toleransi, dan kerjasama. / Justice, tolerance, and cooperation.",Kekerasan tanpa perbincangan. / Violence without discussion.,Pengasingan suku-suku. / Segregation of tribes.,Mengharamkan perdagangan. / Banning trade.,"Keadilan, toleransi, dan kerjasama. / Justice, tolerance, and cooperation.",,
bab8,Bab 8: Tamadun Islam,8-3-ketokohan-nabi-muhammad-sa,8.3 Ketokohan Nabi Muhammad SAW sebagai Pemimpin,multiple_choice,Apakah maksud Nabi Muhammad SAW mengurus negeri Madinah? / What did it mean for Prophet Muhammad SAW to manage the state of Madinah?,,"Menjadi pemimpin politik, sosial dan rohani. / Being a political, social, and spiritual leader.",Hanya menjalankan upacara keagamaan sahaja. / Only performing religious rituals.,Menjadi pedagang pasar. / Being a market trader.,Hanya tinggal di rumah sahaja. / Only staying at home.,"Menjadi pemimpin politik, sosial dan rohani. / Being a political, social, and spiritual leader.",,
bab8,Bab 8: Tamadun Islam,8-3-ketokohan-nabi-muhammad-sa,8.3 Ketokohan Nabi Muhammad SAW sebagai Pemimpin,objective,Terangkan satu cara Nabi Muhammad SAW menyusun masyarakat berbilang kaum di Madinah. / Explain one way Prophet Muhammad SAW organized the multi-ethnic society in Madinah.,,,,,,Beliau membina perjanjian dan undang-undang bersama untuk memastikan keamanan antara suku dan agama. / He created agreements and joint laws to ensure peace among tribes and religions.,,
bab8,Bab 8: Tamadun Islam,8-4-sumbangan-tamadun-islam,8.4 Sumbangan Tamadun Islam kepada Dunia,summary,"Topik ini membincangkan sumbangan Tamadun Islam dalam bidang politik, ekonomi, sosial dan ilmu pengetahuan.","This topic discusses the contributions of Islamic civilization in politics, economy, society, and knowledge.",,,,,,,
bab8,Bab 8: Tamadun Islam,8-4-sumbangan-tamadun-islam,8.4 Sumbangan Tamadun Islam kepada Dunia,fact,Tamadun Islam menyumbang dalam politik melalui sistem khalifah dan undang-undang Islam.,Islamic civilization contributed politically through the caliphate system and Islamic law.,,,,,,,
bab8,Bab 8: Tamadun Islam,8-4-sumbangan-tamadun-islam,8.4 Sumbangan Tamadun Islam kepada Dunia,fact,"Ekonomi Islam berkembang melalui perdagangan, pertanian dan sistem kewangan berlandaskan zakat.","Islamic economy developed through trade, agriculture, and finance based on zakat.",,,,,,,
bab8,Bab 8: Tamadun Islam,8-4-sumbangan-tamadun-islam,8.4 Sumbangan Tamadun Islam kepada Dunia,fact,"Aspek sosial termasuk perpaduan, pendidikan dan kemajuan kebudayaan dalam masyarakat Islam.","Social aspects included unity, education, and cultural advancement in Muslim societies.",,,,,,,
bab8,Bab 8: Tamadun Islam,8-4-sumbangan-tamadun-islam,8.4 Sumbangan Tamadun Islam kepada Dunia,fact,"Pusat intelektual seperti Baghdad menjadi pusat ilmu, sains dan falsafah.","Intellectual centers such as Baghdad became hubs for knowledge, science, and philosophy.",,,,,,,
bab8,Bab 8: Tamadun Islam,8-4-sumbangan-tamadun-islam,8.4 Sumbangan Tamadun Islam kepada Dunia,fact,Ilmuan Islam seperti Al-Khwarizmi dan Ibnu Sina memberikan sumbangan penting kepada dunia.,Islamic scholars like Al-Khwarizmi and Ibn Sina made important contributions to the world.,,,,,,,
bab8,Bab 8: Tamadun Islam,8-4-sumbangan-tamadun-islam,8.4 Sumbangan Tamadun Islam kepada Dunia,person,Beliau dikenali sebagai bapa algebra dan menyumbang pada perkembangan matematik dalam tamadun Islam.,He is known as the father of algebra and contributed to the development of mathematics in Islamic civilization.,,,,,,Al-Khwarizmi,Ilmuan Islam
bab8,Bab 8: Tamadun Islam,8-4-sumbangan-tamadun-islam,8.4 Sumbangan Tamadun Islam kepada Dunia,multiple_choice,Apakah sumbangan Al-Khwarizmi kepada dunia ilmu? / What was Al-Khwarizmi's contribution to the world of knowledge?,,Algebra. / Algebra.,Fizik moden. / Modern physics.,Penulisan novel. / Novel writing.,Pertanian. / Agriculture.,Algebra. / Algebra.,,
bab8,Bab 8: Tamadun Islam,8-4-sumbangan-tamadun-islam,8.4 Sumbangan Tamadun Islam kepada Dunia,multiple_choice,Dalam bidang apakah Al-Khwarizmi paling terkenal? / In which field is Al-Khwarizmi most famous?,,Matematik dan algebra. / Mathematics and algebra.,Seni bina. / Architecture.,Perubatan. / Medicine.,Seni muzik. / Music.,Matematik dan algebra. / Mathematics and algebra.,,
bab8,Bab 8: Tamadun Islam,8-4-sumbangan-tamadun-islam,8.4 Sumbangan Tamadun Islam kepada Dunia,multiple_choice,Mengapa ilmuan Islam penting dalam tamadun Islam? / Why were Islamic scholars important in Islamic civilization?,,Kerana mereka mengembangkan ilmu dan teknologi. / Because they developed knowledge and technology.,Kerana mereka membina istana sahaja. / Because they only built palaces.,Kerana mereka melarang pembelajaran. / Because they banned learning.,Kerana mereka mengurus hanya perdagangan. / Because they only managed trade.,Kerana mereka mengembangkan ilmu dan teknologi. / Because they developed knowledge and technology.,,
bab8,Bab 8: Tamadun Islam,8-4-sumbangan-tamadun-islam,8.4 Sumbangan Tamadun Islam kepada Dunia,objective,Nyatakan satu contoh sumbangan tamadun Islam kepada dunia hari ini. / State one example of an Islamic civilization contribution to the world today.,,,,,,Al-Khwarizmi memperkenalkan algebra yang masih digunakan dalam matematik moden. / Al-Khwarizmi introduced algebra that is still used in modern mathematics.,,
bab8,Bab 8: Tamadun Islam,8-5-sumbangan-seni-bina-islam,8.5 Sumbangan Tamadun Islam dalam Bidang Seni Bina,summary,"Topik ini menerangkan ciri seni bina Islam dan bagaimana ia memberi inspirasi kepada pembinaan masjid, istana, dan ruang awam.","This topic explains the features of Islamic architecture and how it inspired the construction of mosques, palaces, and public spaces.",,,,,,,
bab8,Bab 8: Tamadun Islam,8-5-sumbangan-seni-bina-islam,8.5 Sumbangan Tamadun Islam dalam Bidang Seni Bina,fact,"Seni bina Islam terkenal dengan kubah, menara, lengkungan dan corak geometri.","Islamic architecture is known for domes, minarets, arches, and geometric patterns.",,,,,,,
bab8,Bab 8: Tamadun Islam,8-5-sumbangan-seni-bina-islam,8.5 Sumbangan Tamadun Islam dalam Bidang Seni Bina,fact,Bangunan seperti masjid dan istana mencerminkan nilai keagamaan dan estetika.,Buildings such as mosques and palaces reflect religious values and aesthetics.,,,,,,,
bab8,Bab 8: Tamadun Islam,8-5-sumbangan-seni-bina-islam,8.5 Sumbangan Tamadun Islam dalam Bidang Seni Bina,fact,"Reka bentuk seni bina Islam sering menggunakan taman, air mancur dan kaligrafi.","Islamic architectural design often uses gardens, fountains, and calligraphy.",,,,,,,
bab8,Bab 8: Tamadun Islam,8-5-sumbangan-seni-bina-islam,8.5 Sumbangan Tamadun Islam dalam Bidang Seni Bina,fact,Cordoba dan Baghdad adalah contoh bandar dengan bangunan seni bina Islam yang megah.,Cordoba and Baghdad are examples of cities with magnificent Islamic architecture.,,,,,,,
bab8,Bab 8: Tamadun Islam,8-5-sumbangan-seni-bina-islam,8.5 Sumbangan Tamadun Islam dalam Bidang Seni Bina,fact,Sumbangan seni bina Islam terus memberi inspirasi kepada seni bina di seluruh dunia.,The contribution of Islamic architecture continues to inspire architecture worldwide.,,,,,,,
bab8,Bab 8: Tamadun Islam,8-5-sumbangan-seni-bina-islam,8.5 Sumbangan Tamadun Islam dalam Bidang Seni Bina,multiple_choice,Apakah salah satu ciri seni bina Islam yang biasa dilihat? / What is one common feature of Islamic architecture?,,Kubah. / Dome.,Menara jam. / Clock tower.,Menara radio. / Radio tower.,Stesen kereta api. / Train station.,Kubah. / Dome.,,
bab8,Bab 8: Tamadun Islam,8-5-sumbangan-seni-bina-islam,8.5 Sumbangan Tamadun Islam dalam Bidang Seni Bina,multiple_choice,Apakah elemen geometri yang sering digunakan dalam seni bina Islam? / What geometric element is often used in Islamic architecture?,,Corak geometri. / Geometric patterns.,Lukisan potret. / Portrait painting.,Grafiti moden. / Modern graffiti.,Reka bentuk kartun. / Cartoon design.,Corak geometri. / Geometric patterns.,,
bab8,Bab 8: Tamadun Islam,8-5-sumbangan-seni-bina-islam,8.5 Sumbangan Tamadun Islam dalam Bidang Seni Bina,multiple_choice,Apakah salah satu fungsi taman dan air mancur dalam seni bina Islam? / What is one function of gardens and fountains in Islamic architecture?,,Mewujudkan suasana damai dan sejuk. / Creating a peaceful and cool environment.,Menjadi tempat pasaran. / Being a market place.,Menjadi bilik kelas. / Being a classroom.,Menyimpan peralatan tentera. / Storing military equipment.,Mewujudkan suasana damai dan sejuk. / Creating a peaceful and cool environment.,,
bab8,Bab 8: Tamadun Islam,8-5-sumbangan-seni-bina-islam,8.5 Sumbangan Tamadun Islam dalam Bidang Seni Bina,objective,Jelaskan satu cara seni bina Islam menunjukkan nilai keagamaan. / Explain one way Islamic architecture shows religious values.,,,,,,"Bangunan seperti masjid menggunakan kubah, kaligrafi, dan ruang yang tenang untuk menunjukkan nilai keagamaan. / Buildings like mosques use domes, calligraphy, and calm spaces to show religious values.",,